mode: atomic
github.com/LCUstinian/FG-QiMen/internal/config/port_parser.go:29.48,31.16 2 12
github.com/LCUstinian/FG-QiMen/internal/config/port_parser.go:31.16,33.3 1 1
github.com/LCUstinian/FG-QiMen/internal/config/port_parser.go:36.2,36.19 1 11
github.com/LCUstinian/FG-QiMen/internal/config/port_parser.go:36.19,38.3 1 1
github.com/LCUstinian/FG-QiMen/internal/config/port_parser.go:41.2,45.29 4 10
github.com/LCUstinian/FG-QiMen/internal/config/port_parser.go:45.29,47.17 2 16
github.com/LCUstinian/FG-QiMen/internal/config/port_parser.go:47.17,48.12 1 0
github.com/LCUstinian/FG-QiMen/internal/config/port_parser.go:52.3,52.42 1 16
github.com/LCUstinian/FG-QiMen/internal/config/port_parser.go:52.42,53.28 1 2
github.com/LCUstinian/FG-QiMen/internal/config/port_parser.go:53.28,54.17 1 37
github.com/LCUstinian/FG-QiMen/internal/config/port_parser.go:54.17,57.6 2 37
github.com/LCUstinian/FG-QiMen/internal/config/port_parser.go:59.4,59.12 1 2
github.com/LCUstinian/FG-QiMen/internal/config/port_parser.go:63.3,63.34 1 14
github.com/LCUstinian/FG-QiMen/internal/config/port_parser.go:63.34,65.18 2 3
github.com/LCUstinian/FG-QiMen/internal/config/port_parser.go:65.18,67.5 1 1
github.com/LCUstinian/FG-QiMen/internal/config/port_parser.go:68.4,68.33 1 2
github.com/LCUstinian/FG-QiMen/internal/config/port_parser.go:68.33,69.17 1 9
github.com/LCUstinian/FG-QiMen/internal/config/port_parser.go:69.17,72.6 2 9
github.com/LCUstinian/FG-QiMen/internal/config/port_parser.go:74.4,74.12 1 2
github.com/LCUstinian/FG-QiMen/internal/config/port_parser.go:78.3,79.17 2 11
github.com/LCUstinian/FG-QiMen/internal/config/port_parser.go:79.17,81.4 1 1
github.com/LCUstinian/FG-QiMen/internal/config/port_parser.go:82.3,82.31 1 10
github.com/LCUstinian/FG-QiMen/internal/config/port_parser.go:82.31,84.4 1 1
github.com/LCUstinian/FG-QiMen/internal/config/port_parser.go:85.3,85.18 1 9
github.com/LCUstinian/FG-QiMen/internal/config/port_parser.go:85.18,88.4 2 7
github.com/LCUstinian/FG-QiMen/internal/config/port_parser.go:91.2,91.22 1 7
github.com/LCUstinian/FG-QiMen/internal/config/port_parser.go:91.22,93.3 1 0
github.com/LCUstinian/FG-QiMen/internal/config/port_parser.go:95.2,95.20 1 7
github.com/LCUstinian/FG-QiMen/internal/config/port_parser.go:100.54,102.21 2 8
github.com/LCUstinian/FG-QiMen/internal/config/port_parser.go:102.21,104.3 1 1
github.com/LCUstinian/FG-QiMen/internal/config/port_parser.go:106.2,107.16 2 7
github.com/LCUstinian/FG-QiMen/internal/config/port_parser.go:107.16,109.3 1 0
github.com/LCUstinian/FG-QiMen/internal/config/port_parser.go:111.2,112.16 2 7
github.com/LCUstinian/FG-QiMen/internal/config/port_parser.go:112.16,114.3 1 0
github.com/LCUstinian/FG-QiMen/internal/config/port_parser.go:116.2,116.32 1 7
github.com/LCUstinian/FG-QiMen/internal/config/port_parser.go:116.32,118.3 1 0
github.com/LCUstinian/FG-QiMen/internal/config/port_parser.go:119.2,119.28 1 7
github.com/LCUstinian/FG-QiMen/internal/config/port_parser.go:119.28,121.3 1 0
github.com/LCUstinian/FG-QiMen/internal/config/port_parser.go:122.2,122.17 1 7
github.com/LCUstinian/FG-QiMen/internal/config/port_parser.go:122.17,124.3 1 2
github.com/LCUstinian/FG-QiMen/internal/config/port_parser.go:127.2,127.23 1 5
github.com/LCUstinian/FG-QiMen/internal/config/port_parser.go:127.23,129.3 1 1
github.com/LCUstinian/FG-QiMen/internal/config/port_parser.go:131.2,131.35 1 4
github.com/LCUstinian/FG-QiMen/internal/config/port_parser.go:136.38,138.24 2 5
github.com/LCUstinian/FG-QiMen/internal/config/port_parser.go:138.24,140.3 1 65551
github.com/LCUstinian/FG-QiMen/internal/config/port_parser.go:141.2,141.15 1 5
github.com/LCUstinian/FG-QiMen/internal/config/port_parser.go:146.27,148.2 1 0
github.com/LCUstinian/FG-QiMen/internal/config/ports.go:221.43,249.2 1 22
github.com/LCUstinian/FG-QiMen/internal/config/ports.go:253.46,256.9 3 22
github.com/LCUstinian/FG-QiMen/internal/config/ports.go:256.9,258.3 1 15
github.com/LCUstinian/FG-QiMen/internal/config/ports.go:259.2,259.26 1 7
github.com/LCUstinian/FG-QiMen/internal/core/credential/auth/database/elasticsearch.go:55.66,57.2 1 5
github.com/LCUstinian/FG-QiMen/internal/core/credential/auth/database/elasticsearch.go:60.52,60.78 1 2
github.com/LCUstinian/FG-QiMen/internal/core/credential/auth/database/elasticsearch.go:67.59,69.2 1 0
github.com/LCUstinian/FG-QiMen/internal/core/credential/auth/database/elasticsearch.go:76.168,77.21 1 4
github.com/LCUstinian/FG-QiMen/internal/core/credential/auth/database/elasticsearch.go:77.21,79.3 1 1
github.com/LCUstinian/FG-QiMen/internal/core/credential/auth/database/elasticsearch.go:80.2,81.26 2 3
github.com/LCUstinian/FG-QiMen/internal/core/credential/auth/database/elasticsearch.go:81.26,82.23 1 3
github.com/LCUstinian/FG-QiMen/internal/core/credential/auth/database/elasticsearch.go:82.23,84.4 1 0
github.com/LCUstinian/FG-QiMen/internal/core/credential/auth/database/elasticsearch.go:85.3,85.60 1 3
github.com/LCUstinian/FG-QiMen/internal/core/credential/auth/database/elasticsearch.go:85.60,86.12 1 0
github.com/LCUstinian/FG-QiMen/internal/core/credential/auth/database/elasticsearch.go:90.3,91.17 2 3
github.com/LCUstinian/FG-QiMen/internal/core/credential/auth/database/elasticsearch.go:91.17,93.4 1 0
github.com/LCUstinian/FG-QiMen/internal/core/credential/auth/database/elasticsearch.go:94.3,95.17 2 3
github.com/LCUstinian/FG-QiMen/internal/core/credential/auth/database/elasticsearch.go:95.17,99.4 1 0
github.com/LCUstinian/FG-QiMen/internal/core/credential/auth/database/elasticsearch.go:100.3,100.10 1 3
github.com/LCUstinian/FG-QiMen/internal/core/credential/auth/database/elasticsearch.go:100.10,106.4 1 1
github.com/LCUstinian/FG-QiMen/internal/core/credential/auth/database/elasticsearch.go:108.2,108.17 1 2
github.com/LCUstinian/FG-QiMen/internal/core/credential/auth/database/elasticsearch.go:116.127,127.38 4 3
github.com/LCUstinian/FG-QiMen/internal/core/credential/auth/database/elasticsearch.go:127.38,129.3 1 0
github.com/LCUstinian/FG-QiMen/internal/core/credential/auth/database/elasticsearch.go:130.2,131.16 2 3
github.com/LCUstinian/FG-QiMen/internal/core/credential/auth/database/elasticsearch.go:131.16,133.3 1 0
github.com/LCUstinian/FG-QiMen/internal/core/credential/auth/database/elasticsearch.go:134.2,135.30 2 3
github.com/LCUstinian/FG-QiMen/internal/core/credential/auth/database/elasticsearch.go:135.30,137.3 1 3
github.com/LCUstinian/FG-QiMen/internal/core/credential/auth/database/elasticsearch.go:138.2,139.16 2 3
github.com/LCUstinian/FG-QiMen/internal/core/credential/auth/database/elasticsearch.go:139.16,141.3 1 0
github.com/LCUstinian/FG-QiMen/internal/core/credential/auth/database/elasticsearch.go:142.2,143.38 2 3
github.com/LCUstinian/FG-QiMen/internal/core/credential/auth/database/elasticsearch.go:143.38,145.3 1 1
github.com/LCUstinian/FG-QiMen/internal/core/credential/auth/database/elasticsearch.go:146.2,152.45 3 2
github.com/LCUstinian/FG-QiMen/internal/core/credential/auth/database/elasticsearch.go:152.45,154.3 1 1
github.com/LCUstinian/FG-QiMen/internal/core/credential/auth/database/elasticsearch.go:155.2,155.18 1 1
github.com/LCUstinian/FG-QiMen/internal/core/credential/auth/database/elasticsearch.go:160.13,162.2 1 1
github.com/LCUstinian/FG-QiMen/internal/core/credential/auth/database/memcached.go:36.58,36.94 1 5
github.com/LCUstinian/FG-QiMen/internal/core/credential/auth/database/memcached.go:38.13,38.65 1 1
github.com/LCUstinian/FG-QiMen/internal/core/credential/auth/database/memcached.go:41.48,41.70 1 2
github.com/LCUstinian/FG-QiMen/internal/core/credential/auth/database/memcached.go:44.55,44.85 1 0
github.com/LCUstinian/FG-QiMen/internal/core/credential/auth/database/memcached.go:68.164,69.21 1 4
github.com/LCUstinian/FG-QiMen/internal/core/credential/auth/database/memcached.go:69.21,71.3 1 0
github.com/LCUstinian/FG-QiMen/internal/core/credential/auth/database/memcached.go:72.2,73.16 2 4
github.com/LCUstinian/FG-QiMen/internal/core/credential/auth/database/memcached.go:73.16,75.3 1 0
github.com/LCUstinian/FG-QiMen/internal/core/credential/auth/database/memcached.go:76.2,80.54 3 4
github.com/LCUstinian/FG-QiMen/internal/core/credential/auth/database/memcached.go:80.54,82.3 1 0
github.com/LCUstinian/FG-QiMen/internal/core/credential/auth/database/memcached.go:83.2,84.16 2 4
github.com/LCUstinian/FG-QiMen/internal/core/credential/auth/database/memcached.go:84.16,91.3 1 0
github.com/LCUstinian/FG-QiMen/internal/core/credential/auth/database/memcached.go:92.2,92.64 1 4
github.com/LCUstinian/FG-QiMen/internal/core/credential/auth/database/memcached.go:92.64,94.3 1 1
github.com/LCUstinian/FG-QiMen/internal/core/credential/auth/database/memcached.go:97.2,97.26 1 3
github.com/LCUstinian/FG-QiMen/internal/core/credential/auth/database/memcached.go:97.26,98.23 1 5
github.com/LCUstinian/FG-QiMen/internal/core/credential/auth/database/memcached.go:98.23,100.4 1 0
github.com/LCUstinian/FG-QiMen/internal/core/credential/auth/database/memcached.go:101.3,101.60 1 5
github.com/LCUstinian/FG-QiMen/internal/core/credential/auth/database/memcached.go:101.60,102.12 1 0
github.com/LCUstinian/FG-QiMen/internal/core/credential/auth/database/memcached.go:108.3,114.19 3 5
github.com/LCUstinian/FG-QiMen/internal/core/credential/auth/database/memcached.go:114.19,116.4 1 0
github.com/LCUstinian/FG-QiMen/internal/core/credential/auth/database/memcached.go:117.3,117.57 1 5
github.com/LCUstinian/FG-QiMen/internal/core/credential/auth/database/memcached.go:117.57,119.4 1 0
github.com/LCUstinian/FG-QiMen/internal/core/credential/auth/database/memcached.go:120.3,121.17 2 5
github.com/LCUstinian/FG-QiMen/internal/core/credential/auth/database/memcached.go:121.17,123.4 1 0
github.com/LCUstinian/FG-QiMen/internal/core/credential/auth/database/memcached.go:124.3,125.10 2 5
github.com/LCUstinian/FG-QiMen/internal/core/credential/auth/database/memcached.go:126.23,135.10 1 1
github.com/LCUstinian/FG-QiMen/internal/core/credential/auth/database/memcached.go:136.46,145.10 1 0
github.com/LCUstinian/FG-QiMen/internal/core/credential/auth/database/memcached.go:146.25,151.10 1 1
github.com/LCUstinian/FG-QiMen/internal/core/credential/auth/database/memcached.go:166.3,166.44 1 3
github.com/LCUstinian/FG-QiMen/internal/core/credential/auth/database/memcached.go:166.44,167.12 1 3
github.com/LCUstinian/FG-QiMen/internal/core/credential/auth/database/memcached.go:170.2,170.17 1 1
github.com/LCUstinian/FG-QiMen/internal/core/credential/auth/database/memcached.go:175.56,179.2 3 9
github.com/LCUstinian/FG-QiMen/internal/core/credential/auth/database/memcached.go:190.52,194.2 1 3
github.com/LCUstinian/FG-QiMen/internal/core/credential/auth/database/mongodb.go:61.50,61.82 1 2
github.com/LCUstinian/FG-QiMen/internal/core/credential/auth/database/mongodb.go:63.13,63.61 1 1
github.com/LCUstinian/FG-QiMen/internal/core/credential/auth/database/mongodb.go:66.44,66.64 1 2
github.com/LCUstinian/FG-QiMen/internal/core/credential/auth/database/mongodb.go:69.51,69.81 1 0
github.com/LCUstinian/FG-QiMen/internal/core/credential/auth/database/mongodb.go:76.160,77.21 1 1
github.com/LCUstinian/FG-QiMen/internal/core/credential/auth/database/mongodb.go:77.21,79.3 1 0
github.com/LCUstinian/FG-QiMen/internal/core/credential/auth/database/mongodb.go:80.2,81.16 2 1
github.com/LCUstinian/FG-QiMen/internal/core/credential/auth/database/mongodb.go:81.16,83.3 1 0
github.com/LCUstinian/FG-QiMen/internal/core/credential/auth/database/mongodb.go:84.2,86.26 2 1
github.com/LCUstinian/FG-QiMen/internal/core/credential/auth/database/mongodb.go:86.26,87.23 1 1
github.com/LCUstinian/FG-QiMen/internal/core/credential/auth/database/mongodb.go:87.23,89.4 1 0
github.com/LCUstinian/FG-QiMen/internal/core/credential/auth/database/mongodb.go:90.3,90.60 1 1
github.com/LCUstinian/FG-QiMen/internal/core/credential/auth/database/mongodb.go:90.60,91.12 1 0
github.com/LCUstinian/FG-QiMen/internal/core/credential/auth/database/mongodb.go:97.3,103.17 3 1
github.com/LCUstinian/FG-QiMen/internal/core/credential/auth/database/mongodb.go:103.17,105.4 1 0
github.com/LCUstinian/FG-QiMen/internal/core/credential/auth/database/mongodb.go:106.3,107.17 2 1
github.com/LCUstinian/FG-QiMen/internal/core/credential/auth/database/mongodb.go:107.17,109.4 1 0
github.com/LCUstinian/FG-QiMen/internal/core/credential/auth/database/mongodb.go:110.3,110.9 1 1
github.com/LCUstinian/FG-QiMen/internal/core/credential/auth/database/mongodb.go:110.9,116.4 1 1
github.com/LCUstinian/FG-QiMen/internal/core/credential/auth/database/mongodb.go:118.2,118.17 1 0
github.com/LCUstinian/FG-QiMen/internal/core/credential/auth/database/mongodb_bson.go:34.54,43.2 8 1
github.com/LCUstinian/FG-QiMen/internal/core/credential/auth/database/mongodb_bson.go:49.60,57.2 7 1
github.com/LCUstinian/FG-QiMen/internal/core/credential/auth/database/mongodb_bson.go:61.64,68.2 5 3
github.com/LCUstinian/FG-QiMen/internal/core/credential/auth/database/mongodb_bson.go:72.59,79.2 6 2
github.com/LCUstinian/FG-QiMen/internal/core/credential/auth/database/mongodb_bson.go:84.67,94.2 8 2
github.com/LCUstinian/FG-QiMen/internal/core/credential/auth/database/mongodb_bson.go:98.61,113.43 15 2
github.com/LCUstinian/FG-QiMen/internal/core/credential/auth/database/mongodb_bson.go:113.43,115.3 1 0
github.com/LCUstinian/FG-QiMen/internal/core/credential/auth/database/mongodb_bson.go:116.2,116.29 1 2
github.com/LCUstinian/FG-QiMen/internal/core/credential/auth/database/mongodb_bson.go:120.52,122.52 2 2
github.com/LCUstinian/FG-QiMen/internal/core/credential/auth/database/mongodb_bson.go:122.52,124.3 1 0
github.com/LCUstinian/FG-QiMen/internal/core/credential/auth/database/mongodb_bson.go:125.2,126.17 2 2
github.com/LCUstinian/FG-QiMen/internal/core/credential/auth/database/mongodb_bson.go:126.17,128.3 1 0
github.com/LCUstinian/FG-QiMen/internal/core/credential/auth/database/mongodb_bson.go:129.2,130.53 2 2
github.com/LCUstinian/FG-QiMen/internal/core/credential/auth/database/mongodb_bson.go:130.53,132.3 1 0
github.com/LCUstinian/FG-QiMen/internal/core/credential/auth/database/mongodb_bson.go:133.2,133.19 1 2
github.com/LCUstinian/FG-QiMen/internal/core/credential/auth/database/mongodb_bson.go:133.19,135.3 1 0
github.com/LCUstinian/FG-QiMen/internal/core/credential/auth/database/mongodb_bson.go:136.2,137.18 2 2
github.com/LCUstinian/FG-QiMen/internal/core/credential/auth/database/mongodb_bson.go:137.18,139.3 1 0
github.com/LCUstinian/FG-QiMen/internal/core/credential/auth/database/mongodb_bson.go:140.2,140.22 1 2
github.com/LCUstinian/FG-QiMen/internal/core/credential/auth/database/mongodb_bson.go:143.60,145.23 2 4
github.com/LCUstinian/FG-QiMen/internal/core/credential/auth/database/mongodb_bson.go:145.23,148.17 3 4
github.com/LCUstinian/FG-QiMen/internal/core/credential/auth/database/mongodb_bson.go:148.17,150.4 1 0
github.com/LCUstinian/FG-QiMen/internal/core/credential/auth/database/mongodb_bson.go:152.2,152.19 1 4
github.com/LCUstinian/FG-QiMen/internal/core/credential/auth/database/mongodb_bson.go:164.81,165.19 1 2
github.com/LCUstinian/FG-QiMen/internal/core/credential/auth/database/mongodb_bson.go:165.19,167.3 1 0
github.com/LCUstinian/FG-QiMen/internal/core/credential/auth/database/mongodb_bson.go:169.2,170.24 2 2
github.com/LCUstinian/FG-QiMen/internal/core/credential/auth/database/mongodb_bson.go:170.24,172.3 1 0
github.com/LCUstinian/FG-QiMen/internal/core/credential/auth/database/mongodb_bson.go:175.2,176.19 2 2
github.com/LCUstinian/FG-QiMen/internal/core/credential/auth/database/mongodb_bson.go:176.19,177.20 1 8
github.com/LCUstinian/FG-QiMen/internal/core/credential/auth/database/mongodb_bson.go:177.20,178.9 1 0
github.com/LCUstinian/FG-QiMen/internal/core/credential/auth/database/mongodb_bson.go:180.3,184.37 4 8
github.com/LCUstinian/FG-QiMen/internal/core/credential/auth/database/mongodb_bson.go:184.37,186.4 1 54
github.com/LCUstinian/FG-QiMen/internal/core/credential/auth/database/mongodb_bson.go:187.3,187.18 1 8
github.com/LCUstinian/FG-QiMen/internal/core/credential/auth/database/mongodb_bson.go:187.18,189.4 1 0
github.com/LCUstinian/FG-QiMen/internal/core/credential/auth/database/mongodb_bson.go:190.3,193.19 3 8
github.com/LCUstinian/FG-QiMen/internal/core/credential/auth/database/mongodb_bson.go:194.13,195.20 1 4
github.com/LCUstinian/FG-QiMen/internal/core/credential/auth/database/mongodb_bson.go:195.20,197.5 1 0
github.com/LCUstinian/FG-QiMen/internal/core/credential/auth/database/mongodb_bson.go:198.4,200.31 3 4
github.com/LCUstinian/FG-QiMen/internal/core/credential/auth/database/mongodb_bson.go:200.31,202.5 1 2
github.com/LCUstinian/FG-QiMen/internal/core/credential/auth/database/mongodb_bson.go:203.13,204.20 1 2
github.com/LCUstinian/FG-QiMen/internal/core/credential/auth/database/mongodb_bson.go:204.20,206.5 1 0
github.com/LCUstinian/FG-QiMen/internal/core/credential/auth/database/mongodb_bson.go:207.4,207.7 1 2
github.com/LCUstinian/FG-QiMen/internal/core/credential/auth/database/mongodb_bson.go:208.13,209.20 1 2
github.com/LCUstinian/FG-QiMen/internal/core/credential/auth/database/mongodb_bson.go:209.20,211.5 1 0
github.com/LCUstinian/FG-QiMen/internal/core/credential/auth/database/mongodb_bson.go:212.4,217.26 6 2
github.com/LCUstinian/FG-QiMen/internal/core/credential/auth/database/mongodb_bson.go:217.26,219.5 1 0
github.com/LCUstinian/FG-QiMen/internal/core/credential/auth/database/mongodb_bson.go:220.4,220.24 1 2
github.com/LCUstinian/FG-QiMen/internal/core/credential/auth/database/mongodb_bson.go:220.24,222.5 1 2
github.com/LCUstinian/FG-QiMen/internal/core/credential/auth/database/mongodb_bson.go:223.4,223.16 1 2
github.com/LCUstinian/FG-QiMen/internal/core/credential/auth/database/mongodb_bson.go:224.11,225.96 1 0
github.com/LCUstinian/FG-QiMen/internal/core/credential/auth/database/mongodb_bson.go:228.2,228.19 1 2
github.com/LCUstinian/FG-QiMen/internal/core/credential/auth/database/mongodb_bson.go:228.19,232.3 1 0
github.com/LCUstinian/FG-QiMen/internal/core/credential/auth/database/mongodb_bson.go:233.2,233.29 1 2
github.com/LCUstinian/FG-QiMen/internal/core/credential/auth/database/mongodb_scram.go:41.106,50.16 6 1
github.com/LCUstinian/FG-QiMen/internal/core/credential/auth/database/mongodb_scram.go:50.16,52.3 1 0
github.com/LCUstinian/FG-QiMen/internal/core/credential/auth/database/mongodb_scram.go:53.2,54.16 2 1
github.com/LCUstinian/FG-QiMen/internal/core/credential/auth/database/mongodb_scram.go:54.16,56.3 1 0
github.com/LCUstinian/FG-QiMen/internal/core/credential/auth/database/mongodb_scram.go:57.2,57.20 1 1
github.com/LCUstinian/FG-QiMen/internal/core/credential/auth/database/mongodb_scram.go:57.20,60.3 1 0
github.com/LCUstinian/FG-QiMen/internal/core/credential/auth/database/mongodb_scram.go:61.2,65.55 5 1
github.com/LCUstinian/FG-QiMen/internal/core/credential/auth/database/mongodb_scram.go:65.55,67.3 1 0
github.com/LCUstinian/FG-QiMen/internal/core/credential/auth/database/mongodb_scram.go:68.2,68.42 1 1
github.com/LCUstinian/FG-QiMen/internal/core/credential/auth/database/mongodb_scram.go:68.42,71.3 1 0
github.com/LCUstinian/FG-QiMen/internal/core/credential/auth/database/mongodb_scram.go:72.2,73.28 2 1
github.com/LCUstinian/FG-QiMen/internal/core/credential/auth/database/mongodb_scram.go:73.28,74.25 1 4
github.com/LCUstinian/FG-QiMen/internal/core/credential/auth/database/mongodb_scram.go:74.25,76.4 1 0
github.com/LCUstinian/FG-QiMen/internal/core/credential/auth/database/mongodb_scram.go:77.3,77.30 1 4
github.com/LCUstinian/FG-QiMen/internal/core/credential/auth/database/mongodb_scram.go:79.2,79.14 1 1
github.com/LCUstinian/FG-QiMen/internal/core/credential/auth/database/mongodb_scram.go:79.14,81.3 1 0
github.com/LCUstinian/FG-QiMen/internal/core/credential/auth/database/mongodb_scram.go:82.2,83.16 2 1
github.com/LCUstinian/FG-QiMen/internal/core/credential/auth/database/mongodb_scram.go:83.16,85.3 1 0
github.com/LCUstinian/FG-QiMen/internal/core/credential/auth/database/mongodb_scram.go:88.2,101.16 12 1
github.com/LCUstinian/FG-QiMen/internal/core/credential/auth/database/mongodb_scram.go:101.16,103.3 1 0
github.com/LCUstinian/FG-QiMen/internal/core/credential/auth/database/mongodb_scram.go:104.2,105.16 2 1
github.com/LCUstinian/FG-QiMen/internal/core/credential/auth/database/mongodb_scram.go:105.16,107.3 1 0
github.com/LCUstinian/FG-QiMen/internal/core/credential/auth/database/mongodb_scram.go:108.2,108.20 1 1
github.com/LCUstinian/FG-QiMen/internal/core/credential/auth/database/mongodb_scram.go:108.20,110.3 1 0
github.com/LCUstinian/FG-QiMen/internal/core/credential/auth/database/mongodb_scram.go:113.2,114.23 2 1
github.com/LCUstinian/FG-QiMen/internal/core/credential/auth/database/mongodb_scram.go:114.23,116.3 1 1
github.com/LCUstinian/FG-QiMen/internal/core/credential/auth/database/mongodb_scram.go:117.2,117.19 1 0
github.com/LCUstinian/FG-QiMen/internal/core/credential/auth/database/mongodb_scram.go:122.37,126.19 4 1
github.com/LCUstinian/FG-QiMen/internal/core/credential/auth/database/mongodb_scram.go:126.19,128.3 1 24
github.com/LCUstinian/FG-QiMen/internal/core/credential/auth/database/mongodb_scram.go:129.2,129.18 1 1
github.com/LCUstinian/FG-QiMen/internal/core/credential/auth/database/mongodb_scram.go:136.37,136.81 1 1
github.com/LCUstinian/FG-QiMen/internal/core/credential/auth/database/mongodb_scram.go:140.51,142.42 2 2
github.com/LCUstinian/FG-QiMen/internal/core/credential/auth/database/mongodb_scram.go:142.42,143.46 1 4
github.com/LCUstinian/FG-QiMen/internal/core/credential/auth/database/mongodb_scram.go:143.46,145.4 1 4
github.com/LCUstinian/FG-QiMen/internal/core/credential/auth/database/mongodb_scram.go:147.2,147.12 1 2
github.com/LCUstinian/FG-QiMen/internal/core/credential/auth/database/mongodb_scram.go:150.42,154.2 3 2
github.com/LCUstinian/FG-QiMen/internal/core/credential/auth/database/mongodb_scram.go:156.33,159.2 2 1
github.com/LCUstinian/FG-QiMen/internal/core/credential/auth/database/mongodb_scram.go:161.35,163.19 2 1
github.com/LCUstinian/FG-QiMen/internal/core/credential/auth/database/mongodb_scram.go:163.19,165.3 1 32
github.com/LCUstinian/FG-QiMen/internal/core/credential/auth/database/mongodb_scram.go:166.2,166.12 1 1
github.com/LCUstinian/FG-QiMen/internal/core/credential/auth/database/mssql.go:37.50,37.82 1 2
github.com/LCUstinian/FG-QiMen/internal/core/credential/auth/database/mssql.go:39.13,39.61 1 1
github.com/LCUstinian/FG-QiMen/internal/core/credential/auth/database/mssql.go:42.44,42.62 1 2
github.com/LCUstinian/FG-QiMen/internal/core/credential/auth/database/mssql.go:45.51,45.85 1 0
github.com/LCUstinian/FG-QiMen/internal/core/credential/auth/database/mssql.go:60.160,61.21 1 1
github.com/LCUstinian/FG-QiMen/internal/core/credential/auth/database/mssql.go:61.21,63.3 1 0
github.com/LCUstinian/FG-QiMen/internal/core/credential/auth/database/mssql.go:64.2,66.20 3 1
github.com/LCUstinian/FG-QiMen/internal/core/credential/auth/database/mssql.go:66.20,68.3 1 0
github.com/LCUstinian/FG-QiMen/internal/core/credential/auth/database/mssql.go:69.2,69.26 1 1
github.com/LCUstinian/FG-QiMen/internal/core/credential/auth/database/mssql.go:69.26,70.23 1 1
github.com/LCUstinian/FG-QiMen/internal/core/credential/auth/database/mssql.go:70.23,72.4 1 0
github.com/LCUstinian/FG-QiMen/internal/core/credential/auth/database/mssql.go:73.3,73.60 1 1
github.com/LCUstinian/FG-QiMen/internal/core/credential/auth/database/mssql.go:73.60,74.12 1 0
github.com/LCUstinian/FG-QiMen/internal/core/credential/auth/database/mssql.go:94.3,95.35 2 1
github.com/LCUstinian/FG-QiMen/internal/core/credential/auth/database/mssql.go:95.35,97.4 1 0
github.com/LCUstinian/FG-QiMen/internal/core/credential/auth/database/mssql.go:98.3,103.17 4 1
github.com/LCUstinian/FG-QiMen/internal/core/credential/auth/database/mssql.go:103.17,106.12 1 0
github.com/LCUstinian/FG-QiMen/internal/core/credential/auth/database/mssql.go:108.3,117.17 8 1
github.com/LCUstinian/FG-QiMen/internal/core/credential/auth/database/mssql.go:117.17,123.4 1 0
github.com/LCUstinian/FG-QiMen/internal/core/credential/auth/database/mssql.go:128.3,129.15 2 1
github.com/LCUstinian/FG-QiMen/internal/core/credential/auth/database/mssql.go:131.2,131.17 1 1
github.com/LCUstinian/FG-QiMen/internal/core/credential/auth/database/mssql.go:141.31,141.54 1 1
github.com/LCUstinian/FG-QiMen/internal/core/credential/auth/database/mssql.go:142.31,142.54 1 1
github.com/LCUstinian/FG-QiMen/internal/core/credential/auth/database/mssql.go:143.33,150.30 3 2
github.com/LCUstinian/FG-QiMen/internal/core/credential/auth/database/mssql.go:150.30,152.10 2 13
github.com/LCUstinian/FG-QiMen/internal/core/credential/auth/database/mssql.go:154.49,155.24 1 13
github.com/LCUstinian/FG-QiMen/internal/core/credential/auth/database/mssql.go:156.11,157.58 1 0
github.com/LCUstinian/FG-QiMen/internal/core/credential/auth/database/mssql.go:160.2,160.20 1 2
github.com/LCUstinian/FG-QiMen/internal/core/credential/auth/database/mysql.go:55.50,55.82 1 2
github.com/LCUstinian/FG-QiMen/internal/core/credential/auth/database/mysql.go:57.13,57.61 1 1
github.com/LCUstinian/FG-QiMen/internal/core/credential/auth/database/mysql.go:60.44,60.62 1 2
github.com/LCUstinian/FG-QiMen/internal/core/credential/auth/database/mysql.go:63.51,63.86 1 0
github.com/LCUstinian/FG-QiMen/internal/core/credential/auth/database/mysql.go:70.160,71.21 1 1
github.com/LCUstinian/FG-QiMen/internal/core/credential/auth/database/mysql.go:71.21,73.3 1 0
github.com/LCUstinian/FG-QiMen/internal/core/credential/auth/database/mysql.go:74.2,76.20 3 1
github.com/LCUstinian/FG-QiMen/internal/core/credential/auth/database/mysql.go:76.20,78.3 1 0
github.com/LCUstinian/FG-QiMen/internal/core/credential/auth/database/mysql.go:79.2,79.26 1 1
github.com/LCUstinian/FG-QiMen/internal/core/credential/auth/database/mysql.go:79.26,80.23 1 1
github.com/LCUstinian/FG-QiMen/internal/core/credential/auth/database/mysql.go:80.23,82.4 1 0
github.com/LCUstinian/FG-QiMen/internal/core/credential/auth/database/mysql.go:83.3,83.60 1 1
github.com/LCUstinian/FG-QiMen/internal/core/credential/auth/database/mysql.go:83.60,84.12 1 0
github.com/LCUstinian/FG-QiMen/internal/core/credential/auth/database/mysql.go:92.3,95.85 3 1
github.com/LCUstinian/FG-QiMen/internal/core/credential/auth/database/mysql.go:95.85,97.4 1 1
github.com/LCUstinian/FG-QiMen/internal/core/credential/auth/database/mysql.go:98.3,98.17 1 1
github.com/LCUstinian/FG-QiMen/internal/core/credential/auth/database/mysql.go:98.17,101.12 1 0
github.com/LCUstinian/FG-QiMen/internal/core/credential/auth/database/mysql.go:103.3,103.14 1 1
github.com/LCUstinian/FG-QiMen/internal/core/credential/auth/database/mysql.go:103.14,111.4 3 1
github.com/LCUstinian/FG-QiMen/internal/core/credential/auth/database/mysql.go:113.3,116.17 4 1
github.com/LCUstinian/FG-QiMen/internal/core/credential/auth/database/mysql.go:116.17,127.60 2 1
github.com/LCUstinian/FG-QiMen/internal/core/credential/auth/database/mysql.go:127.60,129.5 1 0
github.com/LCUstinian/FG-QiMen/internal/core/credential/auth/database/mysql.go:131.3,131.17 1 1
github.com/LCUstinian/FG-QiMen/internal/core/credential/auth/database/mysql.go:131.17,137.4 1 0
github.com/LCUstinian/FG-QiMen/internal/core/credential/auth/database/mysql.go:139.2,139.17 1 1
github.com/LCUstinian/FG-QiMen/internal/core/credential/auth/database/oracle.go:46.52,46.85 1 4
github.com/LCUstinian/FG-QiMen/internal/core/credential/auth/database/oracle.go:49.45,49.64 1 2
github.com/LCUstinian/FG-QiMen/internal/core/credential/auth/database/oracle.go:52.52,54.2 1 0
github.com/LCUstinian/FG-QiMen/internal/core/credential/auth/database/oracle.go:70.161,71.21 1 3
github.com/LCUstinian/FG-QiMen/internal/core/credential/auth/database/oracle.go:71.21,73.3 1 1
github.com/LCUstinian/FG-QiMen/internal/core/credential/auth/database/oracle.go:74.2,76.20 3 2
github.com/LCUstinian/FG-QiMen/internal/core/credential/auth/database/oracle.go:76.20,78.3 1 0
github.com/LCUstinian/FG-QiMen/internal/core/credential/auth/database/oracle.go:79.2,79.26 1 2
github.com/LCUstinian/FG-QiMen/internal/core/credential/auth/database/oracle.go:79.26,80.23 1 2
github.com/LCUstinian/FG-QiMen/internal/core/credential/auth/database/oracle.go:80.23,82.4 1 0
github.com/LCUstinian/FG-QiMen/internal/core/credential/auth/database/oracle.go:83.3,83.60 1 2
github.com/LCUstinian/FG-QiMen/internal/core/credential/auth/database/oracle.go:83.60,84.12 1 1
github.com/LCUstinian/FG-QiMen/internal/core/credential/auth/database/oracle.go:88.3,89.17 2 1
github.com/LCUstinian/FG-QiMen/internal/core/credential/auth/database/oracle.go:89.17,91.4 1 0
github.com/LCUstinian/FG-QiMen/internal/core/credential/auth/database/oracle.go:95.3,110.17 6 1
github.com/LCUstinian/FG-QiMen/internal/core/credential/auth/database/oracle.go:110.17,111.12 1 0
github.com/LCUstinian/FG-QiMen/internal/core/credential/auth/database/oracle.go:113.3,120.17 8 1
github.com/LCUstinian/FG-QiMen/internal/core/credential/auth/database/oracle.go:120.17,126.4 1 0
github.com/LCUstinian/FG-QiMen/internal/core/credential/auth/database/oracle.go:132.3,132.34 1 1
github.com/LCUstinian/FG-QiMen/internal/core/credential/auth/database/oracle.go:132.34,134.4 1 1
github.com/LCUstinian/FG-QiMen/internal/core/credential/auth/database/oracle.go:135.3,135.37 1 0
github.com/LCUstinian/FG-QiMen/internal/core/credential/auth/database/oracle.go:137.2,137.17 1 1
github.com/LCUstinian/FG-QiMen/internal/core/credential/auth/database/oracle.go:141.13,143.2 1 1
github.com/LCUstinian/FG-QiMen/internal/core/credential/auth/database/oracle.go:153.44,154.16 1 1
github.com/LCUstinian/FG-QiMen/internal/core/credential/auth/database/oracle.go:154.16,156.3 1 0
github.com/LCUstinian/FG-QiMen/internal/core/credential/auth/database/oracle.go:157.2,158.35 2 1
github.com/LCUstinian/FG-QiMen/internal/core/credential/auth/database/oracle.go:158.35,160.3 1 0
github.com/LCUstinian/FG-QiMen/internal/core/credential/auth/database/oracle.go:161.2,161.14 1 1
github.com/LCUstinian/FG-QiMen/internal/core/credential/auth/database/postgresql.go:48.60,48.97 1 5
github.com/LCUstinian/FG-QiMen/internal/core/credential/auth/database/postgresql.go:51.49,51.72 1 2
github.com/LCUstinian/FG-QiMen/internal/core/credential/auth/database/postgresql.go:54.56,56.2 1 0
github.com/LCUstinian/FG-QiMen/internal/core/credential/auth/database/postgresql.go:72.165,73.21 1 4
github.com/LCUstinian/FG-QiMen/internal/core/credential/auth/database/postgresql.go:73.21,75.3 1 1
github.com/LCUstinian/FG-QiMen/internal/core/credential/auth/database/postgresql.go:76.2,78.20 3 3
github.com/LCUstinian/FG-QiMen/internal/core/credential/auth/database/postgresql.go:78.20,80.3 1 0
github.com/LCUstinian/FG-QiMen/internal/core/credential/auth/database/postgresql.go:81.2,81.26 1 3
github.com/LCUstinian/FG-QiMen/internal/core/credential/auth/database/postgresql.go:81.26,82.23 1 3
github.com/LCUstinian/FG-QiMen/internal/core/credential/auth/database/postgresql.go:82.23,84.4 1 0
github.com/LCUstinian/FG-QiMen/internal/core/credential/auth/database/postgresql.go:85.3,85.60 1 3
github.com/LCUstinian/FG-QiMen/internal/core/credential/auth/database/postgresql.go:85.60,86.12 1 1
github.com/LCUstinian/FG-QiMen/internal/core/credential/auth/database/postgresql.go:90.3,91.17 2 2
github.com/LCUstinian/FG-QiMen/internal/core/credential/auth/database/postgresql.go:91.17,93.4 1 0
github.com/LCUstinian/FG-QiMen/internal/core/credential/auth/database/postgresql.go:99.3,117.35 4 2
github.com/LCUstinian/FG-QiMen/internal/core/credential/auth/database/postgresql.go:117.35,119.4 1 0
github.com/LCUstinian/FG-QiMen/internal/core/credential/auth/database/postgresql.go:120.3,125.17 5 2
github.com/LCUstinian/FG-QiMen/internal/core/credential/auth/database/postgresql.go:125.17,127.12 1 0
github.com/LCUstinian/FG-QiMen/internal/core/credential/auth/database/postgresql.go:129.3,138.17 8 2
github.com/LCUstinian/FG-QiMen/internal/core/credential/auth/database/postgresql.go:138.17,144.4 1 0
github.com/LCUstinian/FG-QiMen/internal/core/credential/auth/database/postgresql.go:153.3,153.30 1 2
github.com/LCUstinian/FG-QiMen/internal/core/credential/auth/database/postgresql.go:153.30,155.4 1 2
github.com/LCUstinian/FG-QiMen/internal/core/credential/auth/database/postgresql.go:157.2,157.17 1 1
github.com/LCUstinian/FG-QiMen/internal/core/credential/auth/database/postgresql.go:162.13,164.2 1 1
github.com/LCUstinian/FG-QiMen/internal/core/credential/auth/database/postgresql.go:174.40,175.16 1 8
github.com/LCUstinian/FG-QiMen/internal/core/credential/auth/database/postgresql.go:175.16,177.3 1 1
github.com/LCUstinian/FG-QiMen/internal/core/credential/auth/database/postgresql.go:178.2,181.35 2 7
github.com/LCUstinian/FG-QiMen/internal/core/credential/auth/database/postgresql.go:181.35,183.3 1 2
github.com/LCUstinian/FG-QiMen/internal/core/credential/auth/database/postgresql.go:187.2,187.14 1 5
github.com/LCUstinian/FG-QiMen/internal/core/credential/auth/database/redis.go:44.50,44.82 1 5
github.com/LCUstinian/FG-QiMen/internal/core/credential/auth/database/redis.go:46.13,46.61 1 1
github.com/LCUstinian/FG-QiMen/internal/core/credential/auth/database/redis.go:49.44,49.62 1 2
github.com/LCUstinian/FG-QiMen/internal/core/credential/auth/database/redis.go:52.51,52.79 1 0
github.com/LCUstinian/FG-QiMen/internal/core/credential/auth/database/redis.go:75.160,76.21 1 4
github.com/LCUstinian/FG-QiMen/internal/core/credential/auth/database/redis.go:76.21,78.3 1 0
github.com/LCUstinian/FG-QiMen/internal/core/credential/auth/database/redis.go:79.2,80.16 2 4
github.com/LCUstinian/FG-QiMen/internal/core/credential/auth/database/redis.go:80.16,82.3 1 0
github.com/LCUstinian/FG-QiMen/internal/core/credential/auth/database/redis.go:83.2,87.48 3 4
github.com/LCUstinian/FG-QiMen/internal/core/credential/auth/database/redis.go:87.48,89.3 1 0
github.com/LCUstinian/FG-QiMen/internal/core/credential/auth/database/redis.go:90.2,91.16 2 4
github.com/LCUstinian/FG-QiMen/internal/core/credential/auth/database/redis.go:91.16,100.3 1 0
github.com/LCUstinian/FG-QiMen/internal/core/credential/auth/database/redis.go:101.2,101.9 1 4
github.com/LCUstinian/FG-QiMen/internal/core/credential/auth/database/redis.go:102.44,111.9 1 1
github.com/LCUstinian/FG-QiMen/internal/core/credential/auth/database/redis.go:112.46,112.46 0 2
github.com/LCUstinian/FG-QiMen/internal/core/credential/auth/database/redis.go:114.43,116.18 1 0
github.com/LCUstinian/FG-QiMen/internal/core/credential/auth/database/redis.go:117.10,118.18 1 1
github.com/LCUstinian/FG-QiMen/internal/core/credential/auth/database/redis.go:122.2,122.26 1 2
github.com/LCUstinian/FG-QiMen/internal/core/credential/auth/database/redis.go:122.26,123.23 1 4
github.com/LCUstinian/FG-QiMen/internal/core/credential/auth/database/redis.go:123.23,125.4 1 0
github.com/LCUstinian/FG-QiMen/internal/core/credential/auth/database/redis.go:126.3,126.60 1 4
github.com/LCUstinian/FG-QiMen/internal/core/credential/auth/database/redis.go:126.60,127.12 1 0
github.com/LCUstinian/FG-QiMen/internal/core/credential/auth/database/redis.go:133.3,134.57 2 4
github.com/LCUstinian/FG-QiMen/internal/core/credential/auth/database/redis.go:134.57,136.4 1 0
github.com/LCUstinian/FG-QiMen/internal/core/credential/auth/database/redis.go:137.3,138.17 2 4
github.com/LCUstinian/FG-QiMen/internal/core/credential/auth/database/redis.go:138.17,140.4 1 0
github.com/LCUstinian/FG-QiMen/internal/core/credential/auth/database/redis.go:141.3,141.41 1 4
github.com/LCUstinian/FG-QiMen/internal/core/credential/auth/database/redis.go:141.41,147.4 1 1
github.com/LCUstinian/FG-QiMen/internal/core/credential/auth/database/redis.go:150.2,150.17 1 1
github.com/LCUstinian/FG-QiMen/internal/core/credential/auth/database/redis.go:155.53,158.25 3 8
github.com/LCUstinian/FG-QiMen/internal/core/credential/auth/database/redis.go:158.25,160.3 1 12
github.com/LCUstinian/FG-QiMen/internal/core/credential/auth/database/redis.go:161.2,162.12 2 8
github.com/LCUstinian/FG-QiMen/internal/core/credential/auth/database/redis.go:170.49,172.16 2 8
github.com/LCUstinian/FG-QiMen/internal/core/credential/auth/database/redis.go:172.16,174.3 1 0
github.com/LCUstinian/FG-QiMen/internal/core/credential/auth/database/redis.go:175.2,181.18 2 8
github.com/LCUstinian/FG-QiMen/internal/core/credential/auth/database/sqlcache/sqlcache.go:51.36,52.19 1 5
github.com/LCUstinian/FG-QiMen/internal/core/credential/auth/database/sqlcache/sqlcache.go:52.19,54.3 1 0
github.com/LCUstinian/FG-QiMen/internal/core/credential/auth/database/sqlcache/sqlcache.go:55.2,59.3 1 5
github.com/LCUstinian/FG-QiMen/internal/core/credential/auth/database/sqlcache/sqlcache.go:67.94,69.27 2 11
github.com/LCUstinian/FG-QiMen/internal/core/credential/auth/database/sqlcache/sqlcache.go:69.27,75.3 5 2
github.com/LCUstinian/FG-QiMen/internal/core/credential/auth/database/sqlcache/sqlcache.go:76.2,81.16 3 9
github.com/LCUstinian/FG-QiMen/internal/core/credential/auth/database/sqlcache/sqlcache.go:81.16,83.3 1 0
github.com/LCUstinian/FG-QiMen/internal/core/credential/auth/database/sqlcache/sqlcache.go:85.2,89.27 3 9
github.com/LCUstinian/FG-QiMen/internal/core/credential/auth/database/sqlcache/sqlcache.go:89.27,95.3 3 0
github.com/LCUstinian/FG-QiMen/internal/core/credential/auth/database/sqlcache/sqlcache.go:96.2,96.25 1 9
github.com/LCUstinian/FG-QiMen/internal/core/credential/auth/database/sqlcache/sqlcache.go:96.25,99.20 2 2
github.com/LCUstinian/FG-QiMen/internal/core/credential/auth/database/sqlcache/sqlcache.go:99.20,104.4 4 2
github.com/LCUstinian/FG-QiMen/internal/core/credential/auth/database/sqlcache/sqlcache.go:106.2,108.22 3 9
github.com/LCUstinian/FG-QiMen/internal/core/credential/auth/database/sqlcache/sqlcache.go:114.40,117.27 3 1
github.com/LCUstinian/FG-QiMen/internal/core/credential/auth/database/sqlcache/sqlcache.go:117.27,122.3 4 1
github.com/LCUstinian/FG-QiMen/internal/core/credential/auth/database/sqlcache/sqlcache.go:127.25,130.24 3 4
github.com/LCUstinian/FG-QiMen/internal/core/credential/auth/database/sqlcache/sqlcache.go:130.24,132.3 1 6
github.com/LCUstinian/FG-QiMen/internal/core/credential/auth/database/sqlcache/sqlcache.go:133.2,134.45 2 4
github.com/LCUstinian/FG-QiMen/internal/core/credential/auth/database/sqlcache/sqlcache.go:138.27,142.2 3 7
github.com/LCUstinian/FG-QiMen/internal/core/credential/auth/messaging/rabbitmq.go:44.56,44.91 1 5
github.com/LCUstinian/FG-QiMen/internal/core/credential/auth/messaging/rabbitmq.go:47.47,47.68 1 3
github.com/LCUstinian/FG-QiMen/internal/core/credential/auth/messaging/rabbitmq.go:50.54,52.2 1 1
github.com/LCUstinian/FG-QiMen/internal/core/credential/auth/messaging/rabbitmq.go:56.163,57.21 1 3
github.com/LCUstinian/FG-QiMen/internal/core/credential/auth/messaging/rabbitmq.go:57.21,59.3 1 1
github.com/LCUstinian/FG-QiMen/internal/core/credential/auth/messaging/rabbitmq.go:60.2,60.26 1 2
github.com/LCUstinian/FG-QiMen/internal/core/credential/auth/messaging/rabbitmq.go:60.26,61.23 1 2
github.com/LCUstinian/FG-QiMen/internal/core/credential/auth/messaging/rabbitmq.go:61.23,63.4 1 0
github.com/LCUstinian/FG-QiMen/internal/core/credential/auth/messaging/rabbitmq.go:64.3,64.60 1 2
github.com/LCUstinian/FG-QiMen/internal/core/credential/auth/messaging/rabbitmq.go:64.60,65.12 1 1
github.com/LCUstinian/FG-QiMen/internal/core/credential/auth/messaging/rabbitmq.go:67.3,68.17 2 1
github.com/LCUstinian/FG-QiMen/internal/core/credential/auth/messaging/rabbitmq.go:68.17,70.4 1 1
github.com/LCUstinian/FG-QiMen/internal/core/credential/auth/messaging/rabbitmq.go:71.3,71.9 1 0
github.com/LCUstinian/FG-QiMen/internal/core/credential/auth/messaging/rabbitmq.go:71.9,77.4 1 0
github.com/LCUstinian/FG-QiMen/internal/core/credential/auth/messaging/rabbitmq.go:79.2,79.17 1 1
github.com/LCUstinian/FG-QiMen/internal/core/credential/auth/messaging/rabbitmq.go:92.141,98.16 2 1
github.com/LCUstinian/FG-QiMen/internal/core/credential/auth/messaging/rabbitmq.go:98.16,100.3 1 1
github.com/LCUstinian/FG-QiMen/internal/core/credential/auth/messaging/rabbitmq.go:101.2,106.70 3 0
github.com/LCUstinian/FG-QiMen/internal/core/credential/auth/messaging/rabbitmq.go:106.70,108.3 1 0
github.com/LCUstinian/FG-QiMen/internal/core/credential/auth/messaging/rabbitmq.go:113.2,114.16 2 0
github.com/LCUstinian/FG-QiMen/internal/core/credential/auth/messaging/rabbitmq.go:114.16,116.3 1 0
github.com/LCUstinian/FG-QiMen/internal/core/credential/auth/messaging/rabbitmq.go:121.2,121.26 1 0
github.com/LCUstinian/FG-QiMen/internal/core/credential/auth/messaging/rabbitmq.go:121.26,123.3 1 0
github.com/LCUstinian/FG-QiMen/internal/core/credential/auth/messaging/rabbitmq.go:124.2,124.56 1 0
github.com/LCUstinian/FG-QiMen/internal/core/credential/auth/messaging/rabbitmq.go:124.56,126.3 1 0
github.com/LCUstinian/FG-QiMen/internal/core/credential/auth/messaging/rabbitmq.go:127.2,127.57 1 0
github.com/LCUstinian/FG-QiMen/internal/core/credential/auth/messaging/rabbitmq.go:127.57,129.3 1 0
github.com/LCUstinian/FG-QiMen/internal/core/credential/auth/messaging/rabbitmq.go:131.2,131.76 1 0
github.com/LCUstinian/FG-QiMen/internal/core/credential/auth/messaging/rabbitmq.go:131.76,133.3 1 0
github.com/LCUstinian/FG-QiMen/internal/core/credential/auth/messaging/rabbitmq.go:136.2,137.16 2 0
github.com/LCUstinian/FG-QiMen/internal/core/credential/auth/messaging/rabbitmq.go:137.16,139.3 1 0
github.com/LCUstinian/FG-QiMen/internal/core/credential/auth/messaging/rabbitmq.go:140.2,140.25 1 0
github.com/LCUstinian/FG-QiMen/internal/core/credential/auth/messaging/rabbitmq.go:140.25,142.3 1 0
github.com/LCUstinian/FG-QiMen/internal/core/credential/auth/messaging/rabbitmq.go:143.2,147.49 3 0
github.com/LCUstinian/FG-QiMen/internal/core/credential/auth/messaging/rabbitmq.go:156.81,205.2 34 0
github.com/LCUstinian/FG-QiMen/internal/core/credential/auth/messaging/rabbitmq.go:208.51,210.51 2 0
github.com/LCUstinian/FG-QiMen/internal/core/credential/auth/messaging/rabbitmq.go:210.51,212.3 1 0
github.com/LCUstinian/FG-QiMen/internal/core/credential/auth/messaging/rabbitmq.go:213.2,214.30 2 0
github.com/LCUstinian/FG-QiMen/internal/core/credential/auth/messaging/rabbitmq.go:214.30,216.3 1 0
github.com/LCUstinian/FG-QiMen/internal/core/credential/auth/messaging/rabbitmq.go:220.2,221.52 2 0
github.com/LCUstinian/FG-QiMen/internal/core/credential/auth/messaging/rabbitmq.go:221.52,223.3 1 0
github.com/LCUstinian/FG-QiMen/internal/core/credential/auth/messaging/rabbitmq.go:224.2,224.34 1 0
github.com/LCUstinian/FG-QiMen/internal/core/credential/auth/messaging/rabbitmq.go:227.56,229.23 2 0
github.com/LCUstinian/FG-QiMen/internal/core/credential/auth/messaging/rabbitmq.go:229.23,232.17 3 0
github.com/LCUstinian/FG-QiMen/internal/core/credential/auth/messaging/rabbitmq.go:232.17,234.4 1 0
github.com/LCUstinian/FG-QiMen/internal/core/credential/auth/messaging/rabbitmq.go:236.2,236.19 1 0
github.com/LCUstinian/FG-QiMen/internal/core/credential/auth/messaging/rabbitmq.go:240.13,242.2 1 1
github.com/LCUstinian/FG-QiMen/internal/core/credential/auth.go:56.99,58.51 2 0
github.com/LCUstinian/FG-QiMen/internal/core/credential/auth.go:58.51,62.17 2 0
github.com/LCUstinian/FG-QiMen/internal/core/credential/auth.go:62.17,64.4 1 0
github.com/LCUstinian/FG-QiMen/internal/core/credential/auth.go:65.3,66.19 2 0
github.com/LCUstinian/FG-QiMen/internal/core/credential/auth.go:68.2,70.16 3 0
github.com/LCUstinian/FG-QiMen/internal/core/credential/auth.go:70.16,72.3 1 0
github.com/LCUstinian/FG-QiMen/internal/core/credential/auth.go:73.2,74.18 2 0
github.com/LCUstinian/FG-QiMen/internal/core/credential/auth.go:87.54,88.16 1 0
github.com/LCUstinian/FG-QiMen/internal/core/credential/auth.go:88.16,90.3 1 0
github.com/LCUstinian/FG-QiMen/internal/core/credential/auth.go:91.2,91.52 1 0
github.com/LCUstinian/FG-QiMen/internal/core/credential/cred.go:62.34,64.2 1 4
github.com/LCUstinian/FG-QiMen/internal/core/credential/cred.go:69.31,70.18 1 4
github.com/LCUstinian/FG-QiMen/internal/core/credential/cred.go:71.15,72.45 1 1
github.com/LCUstinian/FG-QiMen/internal/core/credential/cred.go:73.16,75.30 1 1
github.com/LCUstinian/FG-QiMen/internal/core/credential/cred.go:76.10,77.33 1 2
github.com/LCUstinian/FG-QiMen/internal/core/credential/pool.go:36.32,38.40 2 1
github.com/LCUstinian/FG-QiMen/internal/core/credential/pool.go:38.40,51.3 1 0
github.com/LCUstinian/FG-QiMen/internal/core/credential/pool.go:52.2,52.10 1 1
github.com/LCUstinian/FG-QiMen/internal/core/credential/pool.go:78.22,80.2 1 5
github.com/LCUstinian/FG-QiMen/internal/core/credential/pool.go:86.33,88.31 2 16
github.com/LCUstinian/FG-QiMen/internal/core/credential/pool.go:88.31,90.3 1 4
github.com/LCUstinian/FG-QiMen/internal/core/credential/pool.go:91.2,93.13 3 12
github.com/LCUstinian/FG-QiMen/internal/core/credential/pool.go:98.39,100.24 2 0
github.com/LCUstinian/FG-QiMen/internal/core/credential/pool.go:100.24,101.15 1 0
github.com/LCUstinian/FG-QiMen/internal/core/credential/pool.go:101.15,103.4 1 0
github.com/LCUstinian/FG-QiMen/internal/core/credential/pool.go:105.2,105.10 1 0
github.com/LCUstinian/FG-QiMen/internal/core/credential/pool.go:123.29,127.2 3 2
github.com/LCUstinian/FG-QiMen/internal/core/credential/pool.go:130.26,130.49 1 3
github.com/LCUstinian/FG-QiMen/internal/core/credential/pool.go:142.30,162.2 10 41
github.com/LCUstinian/FG-QiMen/internal/core/credential/pool.go:196.58,198.18 2 2
github.com/LCUstinian/FG-QiMen/internal/core/credential/pool.go:198.18,200.3 1 2
github.com/LCUstinian/FG-QiMen/internal/core/credential/pool.go:202.2,203.16 2 2
github.com/LCUstinian/FG-QiMen/internal/core/credential/pool.go:203.16,205.3 1 0
github.com/LCUstinian/FG-QiMen/internal/core/credential/pool.go:206.2,207.16 2 2
github.com/LCUstinian/FG-QiMen/internal/core/credential/pool.go:207.16,209.3 1 0
github.com/LCUstinian/FG-QiMen/internal/core/credential/pool.go:213.2,213.27 1 2
github.com/LCUstinian/FG-QiMen/internal/core/credential/pool.go:213.27,215.3 1 0
github.com/LCUstinian/FG-QiMen/internal/core/credential/pool.go:216.2,216.29 1 2
github.com/LCUstinian/FG-QiMen/internal/core/credential/pool.go:216.29,218.3 1 0
github.com/LCUstinian/FG-QiMen/internal/core/credential/pool.go:222.2,222.41 1 2
github.com/LCUstinian/FG-QiMen/internal/core/credential/pool.go:222.41,224.3 1 0
github.com/LCUstinian/FG-QiMen/internal/core/credential/pool.go:228.2,228.21 1 2
github.com/LCUstinian/FG-QiMen/internal/core/credential/pool.go:228.21,230.3 1 0
github.com/LCUstinian/FG-QiMen/internal/core/credential/pool.go:231.2,231.22 1 2
github.com/LCUstinian/FG-QiMen/internal/core/credential/pool.go:231.22,233.3 1 0
github.com/LCUstinian/FG-QiMen/internal/core/credential/pool.go:237.2,238.37 2 2
github.com/LCUstinian/FG-QiMen/internal/core/credential/pool.go:238.37,240.3 1 0
github.com/LCUstinian/FG-QiMen/internal/core/credential/pool.go:242.2,243.26 2 2
github.com/LCUstinian/FG-QiMen/internal/core/credential/pool.go:243.26,245.14 2 5
github.com/LCUstinian/FG-QiMen/internal/core/credential/pool.go:245.14,246.12 1 0
github.com/LCUstinian/FG-QiMen/internal/core/credential/pool.go:248.3,248.28 1 5
github.com/LCUstinian/FG-QiMen/internal/core/credential/pool.go:248.28,253.56 2 10
github.com/LCUstinian/FG-QiMen/internal/core/credential/pool.go:253.56,255.5 1 8
github.com/LCUstinian/FG-QiMen/internal/core/credential/pool.go:258.2,258.19 1 2
github.com/LCUstinian/FG-QiMen/internal/core/credential/pool.go:279.68,282.20 3 4
github.com/LCUstinian/FG-QiMen/internal/core/credential/pool.go:282.20,284.3 1 2
github.com/LCUstinian/FG-QiMen/internal/core/credential/pool.go:285.2,286.16 2 2
github.com/LCUstinian/FG-QiMen/internal/core/credential/pool.go:286.16,288.3 1 0
github.com/LCUstinian/FG-QiMen/internal/core/credential/pool.go:289.2,294.21 4 2
github.com/LCUstinian/FG-QiMen/internal/core/credential/pool.go:294.21,296.49 2 6
github.com/LCUstinian/FG-QiMen/internal/core/credential/pool.go:296.49,297.12 1 1
github.com/LCUstinian/FG-QiMen/internal/core/credential/pool.go:299.3,299.26 1 5
github.com/LCUstinian/FG-QiMen/internal/core/credential/pool.go:301.2,301.27 1 2
github.com/LCUstinian/FG-QiMen/internal/core/credential/protocol.go:58.35,61.37 3 30
github.com/LCUstinian/FG-QiMen/internal/core/credential/protocol.go:61.37,62.79 1 0
github.com/LCUstinian/FG-QiMen/internal/core/credential/protocol.go:64.2,64.25 1 30
github.com/LCUstinian/FG-QiMen/internal/core/credential/protocol.go:70.61,75.2 4 0
github.com/LCUstinian/FG-QiMen/internal/core/credential/protocol.go:85.32,89.24 4 1
github.com/LCUstinian/FG-QiMen/internal/core/credential/protocol.go:89.24,91.3 1 30
github.com/LCUstinian/FG-QiMen/internal/core/credential/protocol.go:92.2,92.12 1 1
github.com/LCUstinian/FG-QiMen/internal/core/credential/scheduler.go:43.49,49.2 1 1
github.com/LCUstinian/FG-QiMen/internal/core/credential/scheduler.go:71.36,71.44 1 1
github.com/LCUstinian/FG-QiMen/internal/core/credential/scheduler.go:77.32,77.33 0 0
github.com/LCUstinian/FG-QiMen/internal/core/credential/scheduler.go:85.53,86.29 1 6
github.com/LCUstinian/FG-QiMen/internal/core/credential/scheduler.go:86.29,88.3 1 0
github.com/LCUstinian/FG-QiMen/internal/core/credential/scheduler.go:89.2,89.33 1 6
github.com/LCUstinian/FG-QiMen/internal/core/credential/scheduler.go:89.33,91.3 1 4
github.com/LCUstinian/FG-QiMen/internal/core/credential/scheduler.go:92.2,92.21 1 6
github.com/LCUstinian/FG-QiMen/internal/core/credential/scheduler.go:92.21,94.3 1 5
github.com/LCUstinian/FG-QiMen/internal/core/credential/scheduler.go:95.2,95.31 1 6
github.com/LCUstinian/FG-QiMen/internal/core/credential/scheduler.go:109.78,110.17 1 6
github.com/LCUstinian/FG-QiMen/internal/core/credential/scheduler.go:110.17,112.3 1 0
github.com/LCUstinian/FG-QiMen/internal/core/credential/scheduler.go:113.2,117.28 4 6
github.com/LCUstinian/FG-QiMen/internal/core/credential/scheduler.go:117.28,118.10 1 38
github.com/LCUstinian/FG-QiMen/internal/core/credential/scheduler.go:119.21,121.10 2 1
github.com/LCUstinian/FG-QiMen/internal/core/credential/scheduler.go:122.26,122.26 0 37
github.com/LCUstinian/FG-QiMen/internal/core/credential/scheduler.go:124.3,125.21 2 37
github.com/LCUstinian/FG-QiMen/internal/core/credential/scheduler.go:125.21,127.17 2 37
github.com/LCUstinian/FG-QiMen/internal/core/credential/scheduler.go:127.17,127.26 1 37
github.com/LCUstinian/FG-QiMen/internal/core/credential/scheduler.go:128.4,128.36 1 37
github.com/LCUstinian/FG-QiMen/internal/core/credential/scheduler.go:131.2,131.11 1 5
github.com/LCUstinian/FG-QiMen/internal/core/credential/scheduler.go:135.98,157.20 7 37
github.com/LCUstinian/FG-QiMen/internal/core/credential/scheduler.go:157.20,159.37 2 29
github.com/LCUstinian/FG-QiMen/internal/core/credential/scheduler.go:159.37,162.11 3 25
github.com/LCUstinian/FG-QiMen/internal/core/credential/scheduler.go:163.22,165.11 2 0
github.com/LCUstinian/FG-QiMen/internal/core/credential/scheduler.go:166.15,166.15 0 25
github.com/LCUstinian/FG-QiMen/internal/core/credential/scheduler.go:173.2,174.29 2 37
github.com/LCUstinian/FG-QiMen/internal/core/credential/scheduler.go:174.29,176.3 1 37
github.com/LCUstinian/FG-QiMen/internal/core/credential/scheduler.go:177.2,178.16 2 37
github.com/LCUstinian/FG-QiMen/internal/core/credential/scheduler.go:178.16,184.3 1 2
github.com/LCUstinian/FG-QiMen/internal/core/credential/scheduler.go:185.2,185.16 1 35
github.com/LCUstinian/FG-QiMen/internal/core/credential/scheduler.go:185.16,190.3 4 1
github.com/LCUstinian/FG-QiMen/internal/core/credential/scheduler.go:195.25,196.12 1 37
github.com/LCUstinian/FG-QiMen/internal/core/credential/scheduler.go:196.12,198.3 1 0
github.com/LCUstinian/FG-QiMen/internal/core/credential/scheduler.go:199.2,200.9 2 37
github.com/LCUstinian/FG-QiMen/internal/core/credential/scheduler.go:200.9,202.3 1 0
github.com/LCUstinian/FG-QiMen/internal/core/credential/scheduler.go:203.2,205.12 3 37
github.com/LCUstinian/FG-QiMen/internal/core/credential/scheduler.go:205.12,209.3 3 73
github.com/LCUstinian/FG-QiMen/internal/core/credential/scheduler.go:210.2,210.9 1 37
github.com/LCUstinian/FG-QiMen/internal/core/credential/scheduler.go:210.9,213.3 2 0
github.com/LCUstinian/FG-QiMen/internal/core/credential/scheduler.go:214.2,214.24 1 37
github.com/LCUstinian/FG-QiMen/internal/core/credential/auth/email/imap.go:39.48,39.79 1 5
github.com/LCUstinian/FG-QiMen/internal/core/credential/auth/email/imap.go:42.43,42.60 1 2
github.com/LCUstinian/FG-QiMen/internal/core/credential/auth/email/imap.go:45.50,47.2 1 0
github.com/LCUstinian/FG-QiMen/internal/core/credential/auth/email/imap.go:51.159,52.21 1 4
github.com/LCUstinian/FG-QiMen/internal/core/credential/auth/email/imap.go:52.21,54.3 1 1
github.com/LCUstinian/FG-QiMen/internal/core/credential/auth/email/imap.go:55.2,55.26 1 3
github.com/LCUstinian/FG-QiMen/internal/core/credential/auth/email/imap.go:55.26,56.23 1 3
github.com/LCUstinian/FG-QiMen/internal/core/credential/auth/email/imap.go:56.23,58.4 1 0
github.com/LCUstinian/FG-QiMen/internal/core/credential/auth/email/imap.go:59.3,59.60 1 3
github.com/LCUstinian/FG-QiMen/internal/core/credential/auth/email/imap.go:59.60,60.12 1 0
github.com/LCUstinian/FG-QiMen/internal/core/credential/auth/email/imap.go:62.3,63.17 2 3
github.com/LCUstinian/FG-QiMen/internal/core/credential/auth/email/imap.go:63.17,65.4 1 1
github.com/LCUstinian/FG-QiMen/internal/core/credential/auth/email/imap.go:66.3,66.9 1 2
github.com/LCUstinian/FG-QiMen/internal/core/credential/auth/email/imap.go:66.9,72.4 1 1
github.com/LCUstinian/FG-QiMen/internal/core/credential/auth/email/imap.go:74.2,74.17 1 1
github.com/LCUstinian/FG-QiMen/internal/core/credential/auth/email/imap.go:82.137,84.16 2 3
github.com/LCUstinian/FG-QiMen/internal/core/credential/auth/email/imap.go:84.16,86.3 1 1
github.com/LCUstinian/FG-QiMen/internal/core/credential/auth/email/imap.go:87.2,92.17 2 2
github.com/LCUstinian/FG-QiMen/internal/core/credential/auth/email/imap.go:92.17,94.55 2 0
github.com/LCUstinian/FG-QiMen/internal/core/credential/auth/email/imap.go:94.55,96.4 1 0
github.com/LCUstinian/FG-QiMen/internal/core/credential/auth/email/imap.go:97.3,97.17 1 0
github.com/LCUstinian/FG-QiMen/internal/core/credential/auth/email/imap.go:99.2,104.16 4 2
github.com/LCUstinian/FG-QiMen/internal/core/credential/auth/email/imap.go:104.16,106.3 1 0
github.com/LCUstinian/FG-QiMen/internal/core/credential/auth/email/imap.go:107.2,110.89 2 2
github.com/LCUstinian/FG-QiMen/internal/core/credential/auth/email/imap.go:110.89,112.3 1 0
github.com/LCUstinian/FG-QiMen/internal/core/credential/auth/email/imap.go:113.2,113.35 1 2
github.com/LCUstinian/FG-QiMen/internal/core/credential/auth/email/imap.go:113.35,115.3 1 0
github.com/LCUstinian/FG-QiMen/internal/core/credential/auth/email/imap.go:117.2,118.6 2 2
github.com/LCUstinian/FG-QiMen/internal/core/credential/auth/email/imap.go:118.6,120.17 2 2
github.com/LCUstinian/FG-QiMen/internal/core/credential/auth/email/imap.go:120.17,121.9 1 0
github.com/LCUstinian/FG-QiMen/internal/core/credential/auth/email/imap.go:123.3,124.42 2 2
github.com/LCUstinian/FG-QiMen/internal/core/credential/auth/email/imap.go:124.42,126.9 2 1
github.com/LCUstinian/FG-QiMen/internal/core/credential/auth/email/imap.go:128.3,128.82 1 1
github.com/LCUstinian/FG-QiMen/internal/core/credential/auth/email/imap.go:128.82,129.9 1 1
github.com/LCUstinian/FG-QiMen/internal/core/credential/auth/email/imap.go:135.2,137.16 3 2
github.com/LCUstinian/FG-QiMen/internal/core/credential/auth/email/imap.go:141.13,143.2 1 1
github.com/LCUstinian/FG-QiMen/internal/core/credential/auth/email/pop3.go:38.48,38.79 1 5
github.com/LCUstinian/FG-QiMen/internal/core/credential/auth/email/pop3.go:41.43,41.60 1 2
github.com/LCUstinian/FG-QiMen/internal/core/credential/auth/email/pop3.go:44.50,46.2 1 0
github.com/LCUstinian/FG-QiMen/internal/core/credential/auth/email/pop3.go:51.159,52.21 1 4
github.com/LCUstinian/FG-QiMen/internal/core/credential/auth/email/pop3.go:52.21,54.3 1 1
github.com/LCUstinian/FG-QiMen/internal/core/credential/auth/email/pop3.go:55.2,55.26 1 3
github.com/LCUstinian/FG-QiMen/internal/core/credential/auth/email/pop3.go:55.26,56.23 1 3
github.com/LCUstinian/FG-QiMen/internal/core/credential/auth/email/pop3.go:56.23,58.4 1 0
github.com/LCUstinian/FG-QiMen/internal/core/credential/auth/email/pop3.go:59.3,59.60 1 3
github.com/LCUstinian/FG-QiMen/internal/core/credential/auth/email/pop3.go:59.60,60.12 1 0
github.com/LCUstinian/FG-QiMen/internal/core/credential/auth/email/pop3.go:62.3,63.17 2 3
github.com/LCUstinian/FG-QiMen/internal/core/credential/auth/email/pop3.go:63.17,65.4 1 1
github.com/LCUstinian/FG-QiMen/internal/core/credential/auth/email/pop3.go:66.3,66.9 1 2
github.com/LCUstinian/FG-QiMen/internal/core/credential/auth/email/pop3.go:66.9,72.4 1 1
github.com/LCUstinian/FG-QiMen/internal/core/credential/auth/email/pop3.go:74.2,74.17 1 1
github.com/LCUstinian/FG-QiMen/internal/core/credential/auth/email/pop3.go:83.137,85.16 2 3
github.com/LCUstinian/FG-QiMen/internal/core/credential/auth/email/pop3.go:85.16,87.3 1 1
github.com/LCUstinian/FG-QiMen/internal/core/credential/auth/email/pop3.go:88.2,93.17 2 2
github.com/LCUstinian/FG-QiMen/internal/core/credential/auth/email/pop3.go:93.17,95.55 2 0
github.com/LCUstinian/FG-QiMen/internal/core/credential/auth/email/pop3.go:95.55,97.4 1 0
github.com/LCUstinian/FG-QiMen/internal/core/credential/auth/email/pop3.go:98.3,98.17 1 0
github.com/LCUstinian/FG-QiMen/internal/core/credential/auth/email/pop3.go:100.2,103.21 3 2
github.com/LCUstinian/FG-QiMen/internal/core/credential/auth/email/pop3.go:103.21,105.3 1 0
github.com/LCUstinian/FG-QiMen/internal/core/credential/auth/email/pop3.go:107.2,107.67 1 2
github.com/LCUstinian/FG-QiMen/internal/core/credential/auth/email/pop3.go:107.67,109.3 1 0
github.com/LCUstinian/FG-QiMen/internal/core/credential/auth/email/pop3.go:110.2,110.35 1 2
github.com/LCUstinian/FG-QiMen/internal/core/credential/auth/email/pop3.go:110.35,112.3 1 0
github.com/LCUstinian/FG-QiMen/internal/core/credential/auth/email/pop3.go:113.2,113.21 1 2
github.com/LCUstinian/FG-QiMen/internal/core/credential/auth/email/pop3.go:113.21,115.3 1 0
github.com/LCUstinian/FG-QiMen/internal/core/credential/auth/email/pop3.go:117.2,117.67 1 2
github.com/LCUstinian/FG-QiMen/internal/core/credential/auth/email/pop3.go:117.67,119.3 1 0
github.com/LCUstinian/FG-QiMen/internal/core/credential/auth/email/pop3.go:120.2,120.35 1 2
github.com/LCUstinian/FG-QiMen/internal/core/credential/auth/email/pop3.go:120.35,122.3 1 0
github.com/LCUstinian/FG-QiMen/internal/core/credential/auth/email/pop3.go:123.2,127.16 4 2
github.com/LCUstinian/FG-QiMen/internal/core/credential/auth/email/pop3.go:132.40,134.16 2 6
github.com/LCUstinian/FG-QiMen/internal/core/credential/auth/email/pop3.go:134.16,136.3 1 0
github.com/LCUstinian/FG-QiMen/internal/core/credential/auth/email/pop3.go:137.2,137.66 1 6
github.com/LCUstinian/FG-QiMen/internal/core/credential/auth/email/pop3.go:141.13,143.2 1 1
github.com/LCUstinian/FG-QiMen/internal/core/credential/auth/email/smtp.go:45.48,45.79 1 1
github.com/LCUstinian/FG-QiMen/internal/core/credential/auth/email/smtp.go:47.13,47.60 1 1
github.com/LCUstinian/FG-QiMen/internal/core/credential/auth/email/smtp.go:50.43,50.60 1 2
github.com/LCUstinian/FG-QiMen/internal/core/credential/auth/email/smtp.go:55.50,55.80 1 0
github.com/LCUstinian/FG-QiMen/internal/core/credential/auth/email/smtp.go:59.159,60.21 1 0
github.com/LCUstinian/FG-QiMen/internal/core/credential/auth/email/smtp.go:60.21,62.3 1 0
github.com/LCUstinian/FG-QiMen/internal/core/credential/auth/email/smtp.go:63.2,63.26 1 0
github.com/LCUstinian/FG-QiMen/internal/core/credential/auth/email/smtp.go:63.26,64.23 1 0
github.com/LCUstinian/FG-QiMen/internal/core/credential/auth/email/smtp.go:64.23,66.4 1 0
github.com/LCUstinian/FG-QiMen/internal/core/credential/auth/email/smtp.go:67.3,67.60 1 0
github.com/LCUstinian/FG-QiMen/internal/core/credential/auth/email/smtp.go:67.60,68.12 1 0
github.com/LCUstinian/FG-QiMen/internal/core/credential/auth/email/smtp.go:70.3,71.17 2 0
github.com/LCUstinian/FG-QiMen/internal/core/credential/auth/email/smtp.go:71.17,73.4 1 0
github.com/LCUstinian/FG-QiMen/internal/core/credential/auth/email/smtp.go:74.3,74.9 1 0
github.com/LCUstinian/FG-QiMen/internal/core/credential/auth/email/smtp.go:74.9,80.4 1 0
github.com/LCUstinian/FG-QiMen/internal/core/credential/auth/email/smtp.go:82.2,82.17 1 0
github.com/LCUstinian/FG-QiMen/internal/core/credential/auth/email/smtp.go:86.137,88.16 2 0
github.com/LCUstinian/FG-QiMen/internal/core/credential/auth/email/smtp.go:88.16,90.3 1 0
github.com/LCUstinian/FG-QiMen/internal/core/credential/auth/email/smtp.go:91.2,93.17 2 0
github.com/LCUstinian/FG-QiMen/internal/core/credential/auth/email/smtp.go:93.17,98.55 2 0
github.com/LCUstinian/FG-QiMen/internal/core/credential/auth/email/smtp.go:98.55,100.4 1 0
github.com/LCUstinian/FG-QiMen/internal/core/credential/auth/email/smtp.go:101.3,101.17 1 0
github.com/LCUstinian/FG-QiMen/internal/core/credential/auth/email/smtp.go:103.2,106.67 2 0
github.com/LCUstinian/FG-QiMen/internal/core/credential/auth/email/smtp.go:106.67,108.3 1 0
github.com/LCUstinian/FG-QiMen/internal/core/credential/auth/email/smtp.go:109.2,109.36 1 0
github.com/LCUstinian/FG-QiMen/internal/core/credential/auth/email/smtp.go:109.36,111.3 1 0
github.com/LCUstinian/FG-QiMen/internal/core/credential/auth/email/smtp.go:114.2,114.64 1 0
github.com/LCUstinian/FG-QiMen/internal/core/credential/auth/email/smtp.go:114.64,116.3 1 0
github.com/LCUstinian/FG-QiMen/internal/core/credential/auth/email/smtp.go:117.2,118.24 2 0
github.com/LCUstinian/FG-QiMen/internal/core/credential/auth/email/smtp.go:118.24,120.3 1 0
github.com/LCUstinian/FG-QiMen/internal/core/credential/auth/email/smtp.go:121.2,124.93 2 0
github.com/LCUstinian/FG-QiMen/internal/core/credential/auth/email/smtp.go:124.93,126.3 1 0
github.com/LCUstinian/FG-QiMen/internal/core/credential/auth/email/smtp.go:127.2,128.24 2 0
github.com/LCUstinian/FG-QiMen/internal/core/credential/auth/email/smtp.go:128.24,130.3 1 0
github.com/LCUstinian/FG-QiMen/internal/core/credential/auth/email/smtp.go:133.2,133.93 1 0
github.com/LCUstinian/FG-QiMen/internal/core/credential/auth/email/smtp.go:133.93,135.3 1 0
github.com/LCUstinian/FG-QiMen/internal/core/credential/auth/email/smtp.go:136.2,137.9 2 0
github.com/LCUstinian/FG-QiMen/internal/core/credential/auth/email/smtp.go:137.9,139.3 1 0
github.com/LCUstinian/FG-QiMen/internal/core/credential/auth/email/smtp.go:141.2,141.25 1 0
github.com/LCUstinian/FG-QiMen/internal/core/credential/auth/email/smtp.go:148.28,152.2 3 0
github.com/LCUstinian/FG-QiMen/internal/core/credential/auth/email/smtp.go:158.26,161.2 2 0
github.com/LCUstinian/FG-QiMen/internal/core/credential/auth/email/smtp.go:167.37,169.6 2 0
github.com/LCUstinian/FG-QiMen/internal/core/credential/auth/email/smtp.go:169.6,171.17 2 0
github.com/LCUstinian/FG-QiMen/internal/core/credential/auth/email/smtp.go:171.17,173.4 1 0
github.com/LCUstinian/FG-QiMen/internal/core/credential/auth/email/smtp.go:179.3,179.39 1 0
github.com/LCUstinian/FG-QiMen/internal/core/credential/auth/email/smtp.go:179.39,181.79 2 0
github.com/LCUstinian/FG-QiMen/internal/core/credential/auth/email/smtp.go:181.79,183.5 1 0
github.com/LCUstinian/FG-QiMen/internal/core/credential/auth/email/smtp.go:184.4,184.16 1 0
github.com/LCUstinian/FG-QiMen/internal/core/credential/auth/email/smtp.go:193.42,196.6 3 0
github.com/LCUstinian/FG-QiMen/internal/core/credential/auth/email/smtp.go:196.6,198.17 2 0
github.com/LCUstinian/FG-QiMen/internal/core/credential/auth/email/smtp.go:198.17,200.4 1 0
github.com/LCUstinian/FG-QiMen/internal/core/credential/auth/email/smtp.go:201.3,202.39 2 0
github.com/LCUstinian/FG-QiMen/internal/core/credential/auth/email/smtp.go:202.39,204.63 2 0
github.com/LCUstinian/FG-QiMen/internal/core/credential/auth/email/smtp.go:204.63,206.5 1 0
github.com/LCUstinian/FG-QiMen/internal/core/credential/auth/email/smtp.go:207.4,207.44 1 0
github.com/LCUstinian/FG-QiMen/internal/core/credential/auth/filestorage/nfs.go:38.46,38.76 1 4
github.com/LCUstinian/FG-QiMen/internal/core/credential/auth/filestorage/nfs.go:41.42,41.58 1 2
github.com/LCUstinian/FG-QiMen/internal/core/credential/auth/filestorage/nfs.go:44.49,46.2 1 0
github.com/LCUstinian/FG-QiMen/internal/core/credential/auth/filestorage/nfs.go:58.158,59.21 1 3
github.com/LCUstinian/FG-QiMen/internal/core/credential/auth/filestorage/nfs.go:59.21,61.3 1 1
github.com/LCUstinian/FG-QiMen/internal/core/credential/auth/filestorage/nfs.go:62.2,62.22 1 2
github.com/LCUstinian/FG-QiMen/internal/core/credential/auth/filestorage/nfs.go:62.22,64.3 1 0
github.com/LCUstinian/FG-QiMen/internal/core/credential/auth/filestorage/nfs.go:65.2,66.16 2 2
github.com/LCUstinian/FG-QiMen/internal/core/credential/auth/filestorage/nfs.go:66.16,68.3 1 2
github.com/LCUstinian/FG-QiMen/internal/core/credential/auth/filestorage/nfs.go:69.2,69.9 1 0
github.com/LCUstinian/FG-QiMen/internal/core/credential/auth/filestorage/nfs.go:69.9,71.3 1 0
github.com/LCUstinian/FG-QiMen/internal/core/credential/auth/filestorage/nfs.go:72.2,76.8 1 0
github.com/LCUstinian/FG-QiMen/internal/core/credential/auth/filestorage/nfs.go:91.117,93.16 2 2
github.com/LCUstinian/FG-QiMen/internal/core/credential/auth/filestorage/nfs.go:93.16,95.3 1 2
github.com/LCUstinian/FG-QiMen/internal/core/credential/auth/filestorage/nfs.go:96.2,160.44 18 0
github.com/LCUstinian/FG-QiMen/internal/core/credential/auth/filestorage/nfs.go:160.44,162.3 1 0
github.com/LCUstinian/FG-QiMen/internal/core/credential/auth/filestorage/nfs.go:167.2,169.16 3 0
github.com/LCUstinian/FG-QiMen/internal/core/credential/auth/filestorage/nfs.go:169.16,171.3 1 0
github.com/LCUstinian/FG-QiMen/internal/core/credential/auth/filestorage/nfs.go:172.2,172.12 1 0
github.com/LCUstinian/FG-QiMen/internal/core/credential/auth/filestorage/nfs.go:172.12,174.3 1 0
github.com/LCUstinian/FG-QiMen/internal/core/credential/auth/filestorage/nfs.go:176.2,176.64 1 0
github.com/LCUstinian/FG-QiMen/internal/core/credential/auth/filestorage/nfs.go:176.64,178.3 1 0
github.com/LCUstinian/FG-QiMen/internal/core/credential/auth/filestorage/nfs.go:179.2,179.18 1 0
github.com/LCUstinian/FG-QiMen/internal/core/credential/auth/filestorage/nfs.go:182.55,184.23 2 0
github.com/LCUstinian/FG-QiMen/internal/core/credential/auth/filestorage/nfs.go:184.23,187.17 3 0
github.com/LCUstinian/FG-QiMen/internal/core/credential/auth/filestorage/nfs.go:187.17,189.4 1 0
github.com/LCUstinian/FG-QiMen/internal/core/credential/auth/filestorage/nfs.go:191.2,191.19 1 0
github.com/LCUstinian/FG-QiMen/internal/core/credential/auth/filestorage/nfs.go:195.13,197.2 1 1
github.com/LCUstinian/FG-QiMen/internal/core/credential/auth/filestorage/rsync.go:49.50,49.82 1 5
github.com/LCUstinian/FG-QiMen/internal/core/credential/auth/filestorage/rsync.go:52.44,52.62 1 2
github.com/LCUstinian/FG-QiMen/internal/core/credential/auth/filestorage/rsync.go:55.51,57.2 1 0
github.com/LCUstinian/FG-QiMen/internal/core/credential/auth/filestorage/rsync.go:61.160,62.21 1 4
github.com/LCUstinian/FG-QiMen/internal/core/credential/auth/filestorage/rsync.go:62.21,64.3 1 1
github.com/LCUstinian/FG-QiMen/internal/core/credential/auth/filestorage/rsync.go:65.2,65.26 1 3
github.com/LCUstinian/FG-QiMen/internal/core/credential/auth/filestorage/rsync.go:65.26,66.23 1 3
github.com/LCUstinian/FG-QiMen/internal/core/credential/auth/filestorage/rsync.go:66.23,68.4 1 0
github.com/LCUstinian/FG-QiMen/internal/core/credential/auth/filestorage/rsync.go:69.3,69.60 1 3
github.com/LCUstinian/FG-QiMen/internal/core/credential/auth/filestorage/rsync.go:69.60,70.12 1 0
github.com/LCUstinian/FG-QiMen/internal/core/credential/auth/filestorage/rsync.go:72.3,73.17 2 3
github.com/LCUstinian/FG-QiMen/internal/core/credential/auth/filestorage/rsync.go:73.17,75.4 1 1
github.com/LCUstinian/FG-QiMen/internal/core/credential/auth/filestorage/rsync.go:76.3,76.9 1 2
github.com/LCUstinian/FG-QiMen/internal/core/credential/auth/filestorage/rsync.go:76.9,82.4 1 1
github.com/LCUstinian/FG-QiMen/internal/core/credential/auth/filestorage/rsync.go:84.2,84.17 1 1
github.com/LCUstinian/FG-QiMen/internal/core/credential/auth/filestorage/rsync.go:101.138,103.16 2 3
github.com/LCUstinian/FG-QiMen/internal/core/credential/auth/filestorage/rsync.go:103.16,105.3 1 1
github.com/LCUstinian/FG-QiMen/internal/core/credential/auth/filestorage/rsync.go:106.2,114.16 6 2
github.com/LCUstinian/FG-QiMen/internal/core/credential/auth/filestorage/rsync.go:114.16,116.3 1 0
github.com/LCUstinian/FG-QiMen/internal/core/credential/auth/filestorage/rsync.go:117.2,117.43 1 2
github.com/LCUstinian/FG-QiMen/internal/core/credential/auth/filestorage/rsync.go:117.43,119.3 1 0
github.com/LCUstinian/FG-QiMen/internal/core/credential/auth/filestorage/rsync.go:121.2,121.61 1 2
github.com/LCUstinian/FG-QiMen/internal/core/credential/auth/filestorage/rsync.go:121.61,123.3 1 0
github.com/LCUstinian/FG-QiMen/internal/core/credential/auth/filestorage/rsync.go:124.2,124.35 1 2
github.com/LCUstinian/FG-QiMen/internal/core/credential/auth/filestorage/rsync.go:124.35,126.3 1 0
github.com/LCUstinian/FG-QiMen/internal/core/credential/auth/filestorage/rsync.go:129.2,130.16 2 2
github.com/LCUstinian/FG-QiMen/internal/core/credential/auth/filestorage/rsync.go:130.16,132.3 1 0
github.com/LCUstinian/FG-QiMen/internal/core/credential/auth/filestorage/rsync.go:133.2,136.42 2 2
github.com/LCUstinian/FG-QiMen/internal/core/credential/auth/filestorage/rsync.go:136.42,137.56 1 2
github.com/LCUstinian/FG-QiMen/internal/core/credential/auth/filestorage/rsync.go:137.56,139.4 1 0
github.com/LCUstinian/FG-QiMen/internal/core/credential/auth/filestorage/rsync.go:140.3,140.36 1 2
github.com/LCUstinian/FG-QiMen/internal/core/credential/auth/filestorage/rsync.go:140.36,142.4 1 0
github.com/LCUstinian/FG-QiMen/internal/core/credential/auth/filestorage/rsync.go:145.3,146.56 2 2
github.com/LCUstinian/FG-QiMen/internal/core/credential/auth/filestorage/rsync.go:146.56,148.4 1 0
github.com/LCUstinian/FG-QiMen/internal/core/credential/auth/filestorage/rsync.go:150.3,151.49 2 2
github.com/LCUstinian/FG-QiMen/internal/core/credential/auth/filestorage/rsync.go:151.49,153.4 1 0
github.com/LCUstinian/FG-QiMen/internal/core/credential/auth/filestorage/rsync.go:154.8,154.49 1 0
github.com/LCUstinian/FG-QiMen/internal/core/credential/auth/filestorage/rsync.go:154.49,163.56 2 0
github.com/LCUstinian/FG-QiMen/internal/core/credential/auth/filestorage/rsync.go:163.56,165.4 1 0
github.com/LCUstinian/FG-QiMen/internal/core/credential/auth/filestorage/rsync.go:166.3,167.49 2 0
github.com/LCUstinian/FG-QiMen/internal/core/credential/auth/filestorage/rsync.go:167.49,169.4 1 0
github.com/LCUstinian/FG-QiMen/internal/core/credential/auth/filestorage/rsync.go:170.8,172.3 1 0
github.com/LCUstinian/FG-QiMen/internal/core/credential/auth/filestorage/rsync.go:175.2,176.16 2 2
github.com/LCUstinian/FG-QiMen/internal/core/credential/auth/filestorage/rsync.go:176.16,178.3 1 0
github.com/LCUstinian/FG-QiMen/internal/core/credential/auth/filestorage/rsync.go:179.2,179.80 1 2
github.com/LCUstinian/FG-QiMen/internal/core/credential/auth/filestorage/rsync.go:189.54,197.25 6 2
github.com/LCUstinian/FG-QiMen/internal/core/credential/auth/filestorage/rsync.go:197.25,199.26 2 8
github.com/LCUstinian/FG-QiMen/internal/core/credential/auth/filestorage/rsync.go:199.26,201.4 1 32
github.com/LCUstinian/FG-QiMen/internal/core/credential/auth/filestorage/rsync.go:206.2,208.26 3 2
github.com/LCUstinian/FG-QiMen/internal/core/credential/auth/filestorage/rsync.go:208.26,210.3 1 30
github.com/LCUstinian/FG-QiMen/internal/core/credential/auth/filestorage/rsync.go:211.2,211.12 1 2
github.com/LCUstinian/FG-QiMen/internal/core/credential/auth/filestorage/rsync.go:214.54,216.23 2 2
github.com/LCUstinian/FG-QiMen/internal/core/credential/auth/filestorage/rsync.go:216.23,219.17 3 2
github.com/LCUstinian/FG-QiMen/internal/core/credential/auth/filestorage/rsync.go:219.17,221.4 1 0
github.com/LCUstinian/FG-QiMen/internal/core/credential/auth/filestorage/rsync.go:223.2,223.19 1 2
github.com/LCUstinian/FG-QiMen/internal/core/credential/auth/filestorage/rsync.go:227.13,229.2 1 1
github.com/LCUstinian/FG-QiMen/internal/core/credential/auth/filestorage/smb.go:31.46,31.76 1 2
github.com/LCUstinian/FG-QiMen/internal/core/credential/auth/filestorage/smb.go:33.13,33.59 1 1
github.com/LCUstinian/FG-QiMen/internal/core/credential/auth/filestorage/smb.go:36.42,36.58 1 2
github.com/LCUstinian/FG-QiMen/internal/core/credential/auth/filestorage/smb.go:39.49,39.75 1 0
github.com/LCUstinian/FG-QiMen/internal/core/credential/auth/filestorage/smb.go:54.158,55.21 1 1
github.com/LCUstinian/FG-QiMen/internal/core/credential/auth/filestorage/smb.go:55.21,57.3 1 0
github.com/LCUstinian/FG-QiMen/internal/core/credential/auth/filestorage/smb.go:58.2,58.26 1 1
github.com/LCUstinian/FG-QiMen/internal/core/credential/auth/filestorage/smb.go:58.26,59.23 1 1
github.com/LCUstinian/FG-QiMen/internal/core/credential/auth/filestorage/smb.go:59.23,61.4 1 0
github.com/LCUstinian/FG-QiMen/internal/core/credential/auth/filestorage/smb.go:62.3,62.60 1 1
github.com/LCUstinian/FG-QiMen/internal/core/credential/auth/filestorage/smb.go:62.60,63.12 1 0
github.com/LCUstinian/FG-QiMen/internal/core/credential/auth/filestorage/smb.go:72.3,73.17 2 1
github.com/LCUstinian/FG-QiMen/internal/core/credential/auth/filestorage/smb.go:73.17,76.4 1 0
github.com/LCUstinian/FG-QiMen/internal/core/credential/auth/filestorage/smb.go:80.3,81.17 2 1
github.com/LCUstinian/FG-QiMen/internal/core/credential/auth/filestorage/smb.go:81.17,85.4 1 0
github.com/LCUstinian/FG-QiMen/internal/core/credential/auth/filestorage/smb.go:92.3,104.17 4 1
github.com/LCUstinian/FG-QiMen/internal/core/credential/auth/filestorage/smb.go:104.17,109.12 2 1
github.com/LCUstinian/FG-QiMen/internal/core/credential/auth/filestorage/smb.go:114.3,120.9 3 0
github.com/LCUstinian/FG-QiMen/internal/core/credential/auth/filestorage/smb.go:122.2,122.17 1 1
github.com/LCUstinian/FG-QiMen/internal/core/credential/auth/filestorage/smb.go:130.51,131.30 1 1
github.com/LCUstinian/FG-QiMen/internal/core/credential/auth/filestorage/smb.go:131.30,132.19 1 13
github.com/LCUstinian/FG-QiMen/internal/core/credential/auth/filestorage/smb.go:132.19,134.4 1 0
github.com/LCUstinian/FG-QiMen/internal/core/credential/auth/filestorage/smb.go:136.2,136.35 1 1
github.com/LCUstinian/FG-QiMen/internal/core/credential/auth/filestorage/smb.go:136.35,137.18 1 13
github.com/LCUstinian/FG-QiMen/internal/core/credential/auth/filestorage/smb.go:137.18,139.4 1 0
github.com/LCUstinian/FG-QiMen/internal/core/credential/auth/filestorage/smb.go:141.2,141.14 1 1
github.com/LCUstinian/FG-QiMen/internal/core/credential/auth/network/bacnet.go:42.52,42.85 1 4
github.com/LCUstinian/FG-QiMen/internal/core/credential/auth/network/bacnet.go:45.45,45.64 1 2
github.com/LCUstinian/FG-QiMen/internal/core/credential/auth/network/bacnet.go:48.52,50.2 1 0
github.com/LCUstinian/FG-QiMen/internal/core/credential/auth/network/bacnet.go:63.161,64.21 1 3
github.com/LCUstinian/FG-QiMen/internal/core/credential/auth/network/bacnet.go:64.21,66.3 1 1
github.com/LCUstinian/FG-QiMen/internal/core/credential/auth/network/bacnet.go:67.2,67.22 1 2
github.com/LCUstinian/FG-QiMen/internal/core/credential/auth/network/bacnet.go:67.22,69.3 1 0
github.com/LCUstinian/FG-QiMen/internal/core/credential/auth/network/bacnet.go:70.2,72.16 3 2
github.com/LCUstinian/FG-QiMen/internal/core/credential/auth/network/bacnet.go:72.16,74.3 1 0
github.com/LCUstinian/FG-QiMen/internal/core/credential/auth/network/bacnet.go:75.2,75.9 1 2
github.com/LCUstinian/FG-QiMen/internal/core/credential/auth/network/bacnet.go:75.9,77.3 1 2
github.com/LCUstinian/FG-QiMen/internal/core/credential/auth/network/bacnet.go:78.2,82.8 1 0
github.com/LCUstinian/FG-QiMen/internal/core/credential/auth/network/bacnet.go:87.110,90.16 3 2
github.com/LCUstinian/FG-QiMen/internal/core/credential/auth/network/bacnet.go:90.16,92.3 1 0
github.com/LCUstinian/FG-QiMen/internal/core/credential/auth/network/bacnet.go:93.2,130.43 10 2
github.com/LCUstinian/FG-QiMen/internal/core/credential/auth/network/bacnet.go:130.43,132.3 1 0
github.com/LCUstinian/FG-QiMen/internal/core/credential/auth/network/bacnet.go:136.2,138.16 3 2
github.com/LCUstinian/FG-QiMen/internal/core/credential/auth/network/bacnet.go:138.16,140.3 1 2
github.com/LCUstinian/FG-QiMen/internal/core/credential/auth/network/bacnet.go:141.2,141.11 1 0
github.com/LCUstinian/FG-QiMen/internal/core/credential/auth/network/bacnet.go:141.11,143.3 1 0
github.com/LCUstinian/FG-QiMen/internal/core/credential/auth/network/bacnet.go:146.2,146.20 1 0
github.com/LCUstinian/FG-QiMen/internal/core/credential/auth/network/bacnet.go:146.20,148.3 1 0
github.com/LCUstinian/FG-QiMen/internal/core/credential/auth/network/bacnet.go:150.2,150.20 1 0
github.com/LCUstinian/FG-QiMen/internal/core/credential/auth/network/bacnet.go:150.20,152.3 1 0
github.com/LCUstinian/FG-QiMen/internal/core/credential/auth/network/bacnet.go:155.2,155.20 1 0
github.com/LCUstinian/FG-QiMen/internal/core/credential/auth/network/bacnet.go:155.20,157.3 1 0
github.com/LCUstinian/FG-QiMen/internal/core/credential/auth/network/bacnet.go:160.2,160.20 1 0
github.com/LCUstinian/FG-QiMen/internal/core/credential/auth/network/bacnet.go:160.20,162.3 1 0
github.com/LCUstinian/FG-QiMen/internal/core/credential/auth/network/bacnet.go:163.2,163.18 1 0
github.com/LCUstinian/FG-QiMen/internal/core/credential/auth/network/bacnet.go:167.13,169.2 1 1
github.com/LCUstinian/FG-QiMen/internal/core/credential/auth/network/docker.go:50.52,50.85 1 5
github.com/LCUstinian/FG-QiMen/internal/core/credential/auth/network/docker.go:53.45,53.64 1 2
github.com/LCUstinian/FG-QiMen/internal/core/credential/auth/network/docker.go:56.52,58.2 1 0
github.com/LCUstinian/FG-QiMen/internal/core/credential/auth/network/docker.go:63.161,64.21 1 4
github.com/LCUstinian/FG-QiMen/internal/core/credential/auth/network/docker.go:64.21,66.3 1 1
github.com/LCUstinian/FG-QiMen/internal/core/credential/auth/network/docker.go:67.2,68.26 2 3
github.com/LCUstinian/FG-QiMen/internal/core/credential/auth/network/docker.go:68.26,69.23 1 3
github.com/LCUstinian/FG-QiMen/internal/core/credential/auth/network/docker.go:69.23,71.4 1 0
github.com/LCUstinian/FG-QiMen/internal/core/credential/auth/network/docker.go:72.3,72.60 1 3
github.com/LCUstinian/FG-QiMen/internal/core/credential/auth/network/docker.go:72.60,73.12 1 0
github.com/LCUstinian/FG-QiMen/internal/core/credential/auth/network/docker.go:75.3,76.17 2 3
github.com/LCUstinian/FG-QiMen/internal/core/credential/auth/network/docker.go:76.17,78.4 1 1
github.com/LCUstinian/FG-QiMen/internal/core/credential/auth/network/docker.go:79.3,79.9 1 2
github.com/LCUstinian/FG-QiMen/internal/core/credential/auth/network/docker.go:79.9,85.4 1 1
github.com/LCUstinian/FG-QiMen/internal/core/credential/auth/network/docker.go:87.2,87.17 1 1
github.com/LCUstinian/FG-QiMen/internal/core/credential/auth/network/docker.go:96.120,107.38 4 3
github.com/LCUstinian/FG-QiMen/internal/core/credential/auth/network/docker.go:107.38,109.3 1 0
github.com/LCUstinian/FG-QiMen/internal/core/credential/auth/network/docker.go:110.2,112.16 3 3
github.com/LCUstinian/FG-QiMen/internal/core/credential/auth/network/docker.go:112.16,114.3 1 0
github.com/LCUstinian/FG-QiMen/internal/core/credential/auth/network/docker.go:115.2,116.30 2 3
github.com/LCUstinian/FG-QiMen/internal/core/credential/auth/network/docker.go:116.30,118.3 1 3
github.com/LCUstinian/FG-QiMen/internal/core/credential/auth/network/docker.go:119.2,120.16 2 3
github.com/LCUstinian/FG-QiMen/internal/core/credential/auth/network/docker.go:120.16,122.3 1 1
github.com/LCUstinian/FG-QiMen/internal/core/credential/auth/network/docker.go:123.2,125.46 2 2
github.com/LCUstinian/FG-QiMen/internal/core/credential/auth/network/docker.go:129.13,131.2 1 1
github.com/LCUstinian/FG-QiMen/internal/core/credential/auth/network/httpform.go:67.56,69.2 1 7
github.com/LCUstinian/FG-QiMen/internal/core/credential/auth/network/httpform.go:71.13,71.64 1 1
github.com/LCUstinian/FG-QiMen/internal/core/credential/auth/network/httpform.go:74.47,74.68 1 2
github.com/LCUstinian/FG-QiMen/internal/core/credential/auth/network/httpform.go:82.54,82.79 1 0
github.com/LCUstinian/FG-QiMen/internal/core/credential/auth/network/httpform.go:91.163,92.23 1 6
github.com/LCUstinian/FG-QiMen/internal/core/credential/auth/network/httpform.go:92.23,94.3 1 1
github.com/LCUstinian/FG-QiMen/internal/core/credential/auth/network/httpform.go:95.2,95.21 1 5
github.com/LCUstinian/FG-QiMen/internal/core/credential/auth/network/httpform.go:95.21,97.3 1 0
github.com/LCUstinian/FG-QiMen/internal/core/credential/auth/network/httpform.go:98.2,99.25 2 5
github.com/LCUstinian/FG-QiMen/internal/core/credential/auth/network/httpform.go:99.25,101.3 1 2
github.com/LCUstinian/FG-QiMen/internal/core/credential/auth/network/httpform.go:102.2,102.26 1 5
github.com/LCUstinian/FG-QiMen/internal/core/credential/auth/network/httpform.go:102.26,103.23 1 5
github.com/LCUstinian/FG-QiMen/internal/core/credential/auth/network/httpform.go:103.23,105.4 1 0
github.com/LCUstinian/FG-QiMen/internal/core/credential/auth/network/httpform.go:106.3,106.60 1 5
github.com/LCUstinian/FG-QiMen/internal/core/credential/auth/network/httpform.go:106.60,107.12 1 1
github.com/LCUstinian/FG-QiMen/internal/core/credential/auth/network/httpform.go:109.3,110.17 2 4
github.com/LCUstinian/FG-QiMen/internal/core/credential/auth/network/httpform.go:110.17,112.4 1 0
github.com/LCUstinian/FG-QiMen/internal/core/credential/auth/network/httpform.go:113.3,113.9 1 4
github.com/LCUstinian/FG-QiMen/internal/core/credential/auth/network/httpform.go:113.9,119.4 1 2
github.com/LCUstinian/FG-QiMen/internal/core/credential/auth/network/httpform.go:121.2,121.17 1 3
github.com/LCUstinian/FG-QiMen/internal/core/credential/auth/network/httpform.go:126.140,128.49 2 4
github.com/LCUstinian/FG-QiMen/internal/core/credential/auth/network/httpform.go:128.49,133.3 4 8
github.com/LCUstinian/FG-QiMen/internal/core/credential/auth/network/httpform.go:134.2,135.16 2 4
github.com/LCUstinian/FG-QiMen/internal/core/credential/auth/network/httpform.go:135.16,137.3 1 0
github.com/LCUstinian/FG-QiMen/internal/core/credential/auth/network/httpform.go:138.2,145.69 3 4
github.com/LCUstinian/FG-QiMen/internal/core/credential/auth/network/httpform.go:145.69,147.4 1 1
github.com/LCUstinian/FG-QiMen/internal/core/credential/auth/network/httpform.go:149.2,150.16 2 4
github.com/LCUstinian/FG-QiMen/internal/core/credential/auth/network/httpform.go:150.16,152.3 1 0
github.com/LCUstinian/FG-QiMen/internal/core/credential/auth/network/httpform.go:153.2,163.79 5 4
github.com/LCUstinian/FG-QiMen/internal/core/credential/auth/network/httpform.go:163.79,165.46 2 1
github.com/LCUstinian/FG-QiMen/internal/core/credential/auth/network/httpform.go:165.46,167.4 1 1
github.com/LCUstinian/FG-QiMen/internal/core/credential/auth/network/httpform.go:170.2,170.70 1 3
github.com/LCUstinian/FG-QiMen/internal/core/credential/auth/network/httpform.go:170.70,172.3 1 1
github.com/LCUstinian/FG-QiMen/internal/core/credential/auth/network/httpform.go:174.2,174.66 1 2
github.com/LCUstinian/FG-QiMen/internal/core/credential/auth/network/httpform.go:174.66,176.3 1 1
github.com/LCUstinian/FG-QiMen/internal/core/credential/auth/network/httpform.go:181.2,181.38 1 1
github.com/LCUstinian/FG-QiMen/internal/core/credential/auth/network/httpform.go:181.38,183.3 1 1
github.com/LCUstinian/FG-QiMen/internal/core/credential/auth/network/httpform.go:185.2,185.19 1 0
github.com/LCUstinian/FG-QiMen/internal/core/credential/auth/network/httpform.go:190.43,191.16 1 7
github.com/LCUstinian/FG-QiMen/internal/core/credential/auth/network/httpform.go:191.16,193.3 1 1
github.com/LCUstinian/FG-QiMen/internal/core/credential/auth/network/httpform.go:194.2,196.26 3 6
github.com/LCUstinian/FG-QiMen/internal/core/credential/auth/network/httpform.go:196.26,198.13 2 14
github.com/LCUstinian/FG-QiMen/internal/core/credential/auth/network/httpform.go:198.13,199.12 1 1
github.com/LCUstinian/FG-QiMen/internal/core/credential/auth/network/httpform.go:201.3,204.5 1 13
github.com/LCUstinian/FG-QiMen/internal/core/credential/auth/network/httpform.go:206.2,206.12 1 6
github.com/LCUstinian/FG-QiMen/internal/core/credential/auth/network/jdwp.go:44.48,44.79 1 1
github.com/LCUstinian/FG-QiMen/internal/core/credential/auth/network/jdwp.go:46.13,46.60 1 1
github.com/LCUstinian/FG-QiMen/internal/core/credential/auth/network/jdwp.go:49.43,49.60 1 2
github.com/LCUstinian/FG-QiMen/internal/core/credential/auth/network/jdwp.go:55.50,57.2 1 0
github.com/LCUstinian/FG-QiMen/internal/core/credential/auth/network/jdwp.go:69.159,70.22 1 0
github.com/LCUstinian/FG-QiMen/internal/core/credential/auth/network/jdwp.go:70.22,72.3 1 0
github.com/LCUstinian/FG-QiMen/internal/core/credential/auth/network/jdwp.go:76.2,78.16 3 0
github.com/LCUstinian/FG-QiMen/internal/core/credential/auth/network/jdwp.go:78.16,80.3 1 0
github.com/LCUstinian/FG-QiMen/internal/core/credential/auth/network/jdwp.go:81.2,81.9 1 0
github.com/LCUstinian/FG-QiMen/internal/core/credential/auth/network/jdwp.go:81.9,83.3 1 0
github.com/LCUstinian/FG-QiMen/internal/core/credential/auth/network/jdwp.go:84.2,88.8 1 0
github.com/LCUstinian/FG-QiMen/internal/core/credential/auth/network/jdwp.go:93.118,95.16 2 0
github.com/LCUstinian/FG-QiMen/internal/core/credential/auth/network/jdwp.go:95.16,97.3 1 0
github.com/LCUstinian/FG-QiMen/internal/core/credential/auth/network/jdwp.go:98.2,101.53 2 0
github.com/LCUstinian/FG-QiMen/internal/core/credential/auth/network/jdwp.go:101.53,103.3 1 0
github.com/LCUstinian/FG-QiMen/internal/core/credential/auth/network/jdwp.go:104.2,105.52 2 0
github.com/LCUstinian/FG-QiMen/internal/core/credential/auth/network/jdwp.go:105.52,107.3 1 0
github.com/LCUstinian/FG-QiMen/internal/core/credential/auth/network/jdwp.go:110.2,110.50 1 0
github.com/LCUstinian/FG-QiMen/internal/core/credential/auth/network/jdwp.go:119.29,121.23 2 0
github.com/LCUstinian/FG-QiMen/internal/core/credential/auth/network/jdwp.go:121.23,124.17 3 0
github.com/LCUstinian/FG-QiMen/internal/core/credential/auth/network/jdwp.go:124.17,126.4 1 0
github.com/LCUstinian/FG-QiMen/internal/core/credential/auth/network/jdwp.go:128.2,128.19 1 0
github.com/LCUstinian/FG-QiMen/internal/core/credential/auth/network/ldap.go:44.48,44.79 1 4
github.com/LCUstinian/FG-QiMen/internal/core/credential/auth/network/ldap.go:47.43,47.60 1 2
github.com/LCUstinian/FG-QiMen/internal/core/credential/auth/network/ldap.go:50.50,52.2 1 0
github.com/LCUstinian/FG-QiMen/internal/core/credential/auth/network/ldap.go:60.37,63.33 3 0
github.com/LCUstinian/FG-QiMen/internal/core/credential/auth/network/ldap.go:63.33,65.15 2 0
github.com/LCUstinian/FG-QiMen/internal/core/credential/auth/network/ldap.go:65.15,66.24 1 0
github.com/LCUstinian/FG-QiMen/internal/core/credential/auth/network/ldap.go:66.24,69.5 2 0
github.com/LCUstinian/FG-QiMen/internal/core/credential/auth/network/ldap.go:70.9,72.4 1 0
github.com/LCUstinian/FG-QiMen/internal/core/credential/auth/network/ldap.go:74.2,74.22 1 0
github.com/LCUstinian/FG-QiMen/internal/core/credential/auth/network/ldap.go:74.22,76.3 1 0
github.com/LCUstinian/FG-QiMen/internal/core/credential/auth/network/ldap.go:79.2,79.20 1 0
github.com/LCUstinian/FG-QiMen/internal/core/credential/auth/network/ldap.go:79.20,81.3 1 0
github.com/LCUstinian/FG-QiMen/internal/core/credential/auth/network/ldap.go:82.2,83.26 2 0
github.com/LCUstinian/FG-QiMen/internal/core/credential/auth/network/ldap.go:83.26,84.12 1 0
github.com/LCUstinian/FG-QiMen/internal/core/credential/auth/network/ldap.go:84.12,86.4 1 0
github.com/LCUstinian/FG-QiMen/internal/core/credential/auth/network/ldap.go:87.3,87.19 1 0
github.com/LCUstinian/FG-QiMen/internal/core/credential/auth/network/ldap.go:89.2,89.12 1 0
github.com/LCUstinian/FG-QiMen/internal/core/credential/auth/network/ldap.go:94.159,95.21 1 3
github.com/LCUstinian/FG-QiMen/internal/core/credential/auth/network/ldap.go:95.21,97.3 1 1
github.com/LCUstinian/FG-QiMen/internal/core/credential/auth/network/ldap.go:98.2,99.26 2 2
github.com/LCUstinian/FG-QiMen/internal/core/credential/auth/network/ldap.go:99.26,100.23 1 2
github.com/LCUstinian/FG-QiMen/internal/core/credential/auth/network/ldap.go:100.23,102.4 1 0
github.com/LCUstinian/FG-QiMen/internal/core/credential/auth/network/ldap.go:103.3,103.60 1 2
github.com/LCUstinian/FG-QiMen/internal/core/credential/auth/network/ldap.go:103.60,104.12 1 1
github.com/LCUstinian/FG-QiMen/internal/core/credential/auth/network/ldap.go:106.3,107.17 2 1
github.com/LCUstinian/FG-QiMen/internal/core/credential/auth/network/ldap.go:107.17,109.4 1 1
github.com/LCUstinian/FG-QiMen/internal/core/credential/auth/network/ldap.go:110.3,110.9 1 0
github.com/LCUstinian/FG-QiMen/internal/core/credential/auth/network/ldap.go:110.9,116.4 1 0
github.com/LCUstinian/FG-QiMen/internal/core/credential/auth/network/ldap.go:118.2,118.17 1 1
github.com/LCUstinian/FG-QiMen/internal/core/credential/auth/network/ldap.go:124.143,131.17 3 1
github.com/LCUstinian/FG-QiMen/internal/core/credential/auth/network/ldap.go:131.17,133.3 1 0
github.com/LCUstinian/FG-QiMen/internal/core/credential/auth/network/ldap.go:134.2,146.23 4 1
github.com/LCUstinian/FG-QiMen/internal/core/credential/auth/network/ldap.go:146.23,148.3 1 0
github.com/LCUstinian/FG-QiMen/internal/core/credential/auth/network/ldap.go:149.2,150.16 2 1
github.com/LCUstinian/FG-QiMen/internal/core/credential/auth/network/ldap.go:150.16,152.3 1 1
github.com/LCUstinian/FG-QiMen/internal/core/credential/auth/network/ldap.go:153.2,163.48 3 0
github.com/LCUstinian/FG-QiMen/internal/core/credential/auth/network/ldap.go:163.48,170.3 2 0
github.com/LCUstinian/FG-QiMen/internal/core/credential/auth/network/ldap.go:171.2,171.18 1 0
github.com/LCUstinian/FG-QiMen/internal/core/credential/auth/network/ldap.go:184.44,185.16 1 0
github.com/LCUstinian/FG-QiMen/internal/core/credential/auth/network/ldap.go:185.16,187.3 1 0
github.com/LCUstinian/FG-QiMen/internal/core/credential/auth/network/ldap.go:188.2,188.33 1 0
github.com/LCUstinian/FG-QiMen/internal/core/credential/auth/network/ldap.go:188.33,189.21 1 0
github.com/LCUstinian/FG-QiMen/internal/core/credential/auth/network/ldap.go:189.21,191.4 1 0
github.com/LCUstinian/FG-QiMen/internal/core/credential/auth/network/ldap.go:192.3,192.21 1 0
github.com/LCUstinian/FG-QiMen/internal/core/credential/auth/network/ldap.go:192.21,194.4 1 0
github.com/LCUstinian/FG-QiMen/internal/core/credential/auth/network/ldap.go:197.2,198.16 2 0
github.com/LCUstinian/FG-QiMen/internal/core/credential/auth/network/ldap.go:198.16,200.3 1 0
github.com/LCUstinian/FG-QiMen/internal/core/credential/auth/network/ldap.go:201.2,201.44 1 0
github.com/LCUstinian/FG-QiMen/internal/core/credential/auth/network/ldap.go:205.13,207.2 1 1
github.com/LCUstinian/FG-QiMen/internal/core/credential/auth/network/modbus.go:46.52,46.85 1 4
github.com/LCUstinian/FG-QiMen/internal/core/credential/auth/network/modbus.go:49.45,49.64 1 2
github.com/LCUstinian/FG-QiMen/internal/core/credential/auth/network/modbus.go:52.52,54.2 1 0
github.com/LCUstinian/FG-QiMen/internal/core/credential/auth/network/modbus.go:83.161,84.21 1 3
github.com/LCUstinian/FG-QiMen/internal/core/credential/auth/network/modbus.go:84.21,86.3 1 1
github.com/LCUstinian/FG-QiMen/internal/core/credential/auth/network/modbus.go:87.2,87.22 1 2
github.com/LCUstinian/FG-QiMen/internal/core/credential/auth/network/modbus.go:87.22,89.3 1 0
github.com/LCUstinian/FG-QiMen/internal/core/credential/auth/network/modbus.go:90.2,92.16 3 2
github.com/LCUstinian/FG-QiMen/internal/core/credential/auth/network/modbus.go:92.16,94.3 1 2
github.com/LCUstinian/FG-QiMen/internal/core/credential/auth/network/modbus.go:95.2,95.9 1 0
github.com/LCUstinian/FG-QiMen/internal/core/credential/auth/network/modbus.go:95.9,97.3 1 0
github.com/LCUstinian/FG-QiMen/internal/core/credential/auth/network/modbus.go:98.2,102.8 1 0
github.com/LCUstinian/FG-QiMen/internal/core/credential/auth/network/modbus.go:114.110,117.16 3 2
github.com/LCUstinian/FG-QiMen/internal/core/credential/auth/network/modbus.go:117.16,119.3 1 2
github.com/LCUstinian/FG-QiMen/internal/core/credential/auth/network/modbus.go:120.2,138.43 11 0
github.com/LCUstinian/FG-QiMen/internal/core/credential/auth/network/modbus.go:138.43,140.3 1 0
github.com/LCUstinian/FG-QiMen/internal/core/credential/auth/network/modbus.go:144.2,146.16 3 0
github.com/LCUstinian/FG-QiMen/internal/core/credential/auth/network/modbus.go:146.16,148.3 1 0
github.com/LCUstinian/FG-QiMen/internal/core/credential/auth/network/modbus.go:149.2,149.12 1 0
github.com/LCUstinian/FG-QiMen/internal/core/credential/auth/network/modbus.go:149.12,151.3 1 0
github.com/LCUstinian/FG-QiMen/internal/core/credential/auth/network/modbus.go:154.2,154.40 1 0
github.com/LCUstinian/FG-QiMen/internal/core/credential/auth/network/modbus.go:154.40,156.3 1 0
github.com/LCUstinian/FG-QiMen/internal/core/credential/auth/network/modbus.go:157.2,157.18 1 0
github.com/LCUstinian/FG-QiMen/internal/core/credential/auth/network/modbus.go:160.54,162.23 2 0
github.com/LCUstinian/FG-QiMen/internal/core/credential/auth/network/modbus.go:162.23,164.17 2 0
github.com/LCUstinian/FG-QiMen/internal/core/credential/auth/network/modbus.go:164.17,166.4 1 0
github.com/LCUstinian/FG-QiMen/internal/core/credential/auth/network/modbus.go:167.3,167.13 1 0
github.com/LCUstinian/FG-QiMen/internal/core/credential/auth/network/modbus.go:169.2,169.19 1 0
github.com/LCUstinian/FG-QiMen/internal/core/credential/auth/network/modbus.go:173.13,175.2 1 1
github.com/LCUstinian/FG-QiMen/internal/core/credential/auth/network/snmp.go:47.48,47.79 1 4
github.com/LCUstinian/FG-QiMen/internal/core/credential/auth/network/snmp.go:50.43,50.60 1 2
github.com/LCUstinian/FG-QiMen/internal/core/credential/auth/network/snmp.go:53.50,55.2 1 0
github.com/LCUstinian/FG-QiMen/internal/core/credential/auth/network/snmp.go:60.159,61.21 1 3
github.com/LCUstinian/FG-QiMen/internal/core/credential/auth/network/snmp.go:61.21,63.3 1 1
github.com/LCUstinian/FG-QiMen/internal/core/credential/auth/network/snmp.go:64.2,65.26 2 2
github.com/LCUstinian/FG-QiMen/internal/core/credential/auth/network/snmp.go:65.26,66.23 1 2
github.com/LCUstinian/FG-QiMen/internal/core/credential/auth/network/snmp.go:66.23,68.4 1 0
github.com/LCUstinian/FG-QiMen/internal/core/credential/auth/network/snmp.go:69.3,69.60 1 2
github.com/LCUstinian/FG-QiMen/internal/core/credential/auth/network/snmp.go:69.60,70.12 1 1
github.com/LCUstinian/FG-QiMen/internal/core/credential/auth/network/snmp.go:72.3,73.17 2 1
github.com/LCUstinian/FG-QiMen/internal/core/credential/auth/network/snmp.go:73.17,75.4 1 0
github.com/LCUstinian/FG-QiMen/internal/core/credential/auth/network/snmp.go:76.3,76.9 1 1
github.com/LCUstinian/FG-QiMen/internal/core/credential/auth/network/snmp.go:76.9,82.4 1 0
github.com/LCUstinian/FG-QiMen/internal/core/credential/auth/network/snmp.go:84.2,84.17 1 2
github.com/LCUstinian/FG-QiMen/internal/core/credential/auth/network/snmp.go:89.119,91.16 2 1
github.com/LCUstinian/FG-QiMen/internal/core/credential/auth/network/snmp.go:91.16,93.3 1 0
github.com/LCUstinian/FG-QiMen/internal/core/credential/auth/network/snmp.go:94.2,95.39 2 1
github.com/LCUstinian/FG-QiMen/internal/core/credential/auth/network/snmp.go:95.39,97.3 1 1
github.com/LCUstinian/FG-QiMen/internal/core/credential/auth/network/snmp.go:98.2,106.41 2 1
github.com/LCUstinian/FG-QiMen/internal/core/credential/auth/network/snmp.go:106.41,108.3 1 0
github.com/LCUstinian/FG-QiMen/internal/core/credential/auth/network/snmp.go:109.2,115.16 3 1
github.com/LCUstinian/FG-QiMen/internal/core/credential/auth/network/snmp.go:115.16,125.23 2 1
github.com/LCUstinian/FG-QiMen/internal/core/credential/auth/network/snmp.go:125.23,127.4 1 0
github.com/LCUstinian/FG-QiMen/internal/core/credential/auth/network/snmp.go:131.3,131.23 1 1
github.com/LCUstinian/FG-QiMen/internal/core/credential/auth/network/snmp.go:131.23,133.4 1 1
github.com/LCUstinian/FG-QiMen/internal/core/credential/auth/network/snmp.go:136.3,137.19 2 0
github.com/LCUstinian/FG-QiMen/internal/core/credential/auth/network/snmp.go:139.2,140.18 2 0
github.com/LCUstinian/FG-QiMen/internal/core/credential/auth/network/snmp.go:147.34,148.16 1 1
github.com/LCUstinian/FG-QiMen/internal/core/credential/auth/network/snmp.go:148.16,150.3 1 0
github.com/LCUstinian/FG-QiMen/internal/core/credential/auth/network/snmp.go:151.2,153.29 3 1
github.com/LCUstinian/FG-QiMen/internal/core/credential/auth/network/snmp.go:153.29,154.23 1 1
github.com/LCUstinian/FG-QiMen/internal/core/credential/auth/network/snmp.go:154.23,156.4 1 1
github.com/LCUstinian/FG-QiMen/internal/core/credential/auth/network/snmp.go:158.2,158.14 1 0
github.com/LCUstinian/FG-QiMen/internal/core/credential/auth/network/snmp.go:161.35,163.2 1 1
github.com/LCUstinian/FG-QiMen/internal/core/credential/auth/network/snmp.go:165.36,166.40 1 1
github.com/LCUstinian/FG-QiMen/internal/core/credential/auth/network/snmp.go:166.40,167.29 1 9
github.com/LCUstinian/FG-QiMen/internal/core/credential/auth/network/snmp.go:167.29,169.4 1 1
github.com/LCUstinian/FG-QiMen/internal/core/credential/auth/network/snmp.go:171.2,171.11 1 0
github.com/LCUstinian/FG-QiMen/internal/core/credential/auth/network/snmp.go:175.13,177.2 1 1
github.com/LCUstinian/FG-QiMen/internal/core/credential/auth/network/socks5.go:40.52,40.85 1 5
github.com/LCUstinian/FG-QiMen/internal/core/credential/auth/network/socks5.go:43.45,43.64 1 2
github.com/LCUstinian/FG-QiMen/internal/core/credential/auth/network/socks5.go:46.52,48.2 1 0
github.com/LCUstinian/FG-QiMen/internal/core/credential/auth/network/socks5.go:62.161,63.21 1 4
github.com/LCUstinian/FG-QiMen/internal/core/credential/auth/network/socks5.go:63.21,65.3 1 1
github.com/LCUstinian/FG-QiMen/internal/core/credential/auth/network/socks5.go:66.2,67.26 2 3
github.com/LCUstinian/FG-QiMen/internal/core/credential/auth/network/socks5.go:67.26,68.23 1 3
github.com/LCUstinian/FG-QiMen/internal/core/credential/auth/network/socks5.go:68.23,70.4 1 0
github.com/LCUstinian/FG-QiMen/internal/core/credential/auth/network/socks5.go:71.3,71.60 1 3
github.com/LCUstinian/FG-QiMen/internal/core/credential/auth/network/socks5.go:71.60,72.12 1 0
github.com/LCUstinian/FG-QiMen/internal/core/credential/auth/network/socks5.go:74.3,75.17 2 3
github.com/LCUstinian/FG-QiMen/internal/core/credential/auth/network/socks5.go:75.17,77.4 1 1
github.com/LCUstinian/FG-QiMen/internal/core/credential/auth/network/socks5.go:78.3,78.9 1 2
github.com/LCUstinian/FG-QiMen/internal/core/credential/auth/network/socks5.go:78.9,84.4 1 1
github.com/LCUstinian/FG-QiMen/internal/core/credential/auth/network/socks5.go:86.2,86.17 1 1
github.com/LCUstinian/FG-QiMen/internal/core/credential/auth/network/socks5.go:91.122,94.16 3 3
github.com/LCUstinian/FG-QiMen/internal/core/credential/auth/network/socks5.go:94.16,96.3 1 1
github.com/LCUstinian/FG-QiMen/internal/core/credential/auth/network/socks5.go:97.2,100.89 2 2
github.com/LCUstinian/FG-QiMen/internal/core/credential/auth/network/socks5.go:100.89,102.3 1 0
github.com/LCUstinian/FG-QiMen/internal/core/credential/auth/network/socks5.go:104.2,105.47 2 2
github.com/LCUstinian/FG-QiMen/internal/core/credential/auth/network/socks5.go:105.47,107.3 1 0
github.com/LCUstinian/FG-QiMen/internal/core/credential/auth/network/socks5.go:108.2,108.29 1 2
github.com/LCUstinian/FG-QiMen/internal/core/credential/auth/network/socks5.go:108.29,110.3 1 0
github.com/LCUstinian/FG-QiMen/internal/core/credential/auth/network/socks5.go:111.2,111.36 1 2
github.com/LCUstinian/FG-QiMen/internal/core/credential/auth/network/socks5.go:111.36,113.3 1 0
github.com/LCUstinian/FG-QiMen/internal/core/credential/auth/network/socks5.go:118.2,122.42 5 2
github.com/LCUstinian/FG-QiMen/internal/core/credential/auth/network/socks5.go:122.42,124.3 1 0
github.com/LCUstinian/FG-QiMen/internal/core/credential/auth/network/socks5.go:126.2,127.49 2 2
github.com/LCUstinian/FG-QiMen/internal/core/credential/auth/network/socks5.go:127.49,129.3 1 0
github.com/LCUstinian/FG-QiMen/internal/core/credential/auth/network/socks5.go:130.2,130.76 1 2
github.com/LCUstinian/FG-QiMen/internal/core/credential/auth/network/socks5.go:133.52,135.23 2 4
github.com/LCUstinian/FG-QiMen/internal/core/credential/auth/network/socks5.go:135.23,138.17 3 4
github.com/LCUstinian/FG-QiMen/internal/core/credential/auth/network/socks5.go:138.17,140.4 1 0
github.com/LCUstinian/FG-QiMen/internal/core/credential/auth/network/socks5.go:142.2,142.19 1 4
github.com/LCUstinian/FG-QiMen/internal/core/credential/auth/network/socks5.go:146.13,148.2 1 1
github.com/LCUstinian/FG-QiMen/internal/core/credential/auth/network/tomcat.go:31.52,31.85 1 1
github.com/LCUstinian/FG-QiMen/internal/core/credential/auth/network/tomcat.go:33.13,33.62 1 1
github.com/LCUstinian/FG-QiMen/internal/core/credential/auth/network/tomcat.go:36.45,36.64 1 2
github.com/LCUstinian/FG-QiMen/internal/core/credential/auth/network/tomcat.go:43.52,43.89 1 0
github.com/LCUstinian/FG-QiMen/internal/core/credential/auth/network/tomcat.go:47.161,48.21 1 0
github.com/LCUstinian/FG-QiMen/internal/core/credential/auth/network/tomcat.go:48.21,50.3 1 0
github.com/LCUstinian/FG-QiMen/internal/core/credential/auth/network/tomcat.go:51.2,52.33 2 0
github.com/LCUstinian/FG-QiMen/internal/core/credential/auth/network/tomcat.go:52.33,54.3 1 0
github.com/LCUstinian/FG-QiMen/internal/core/credential/auth/network/tomcat.go:55.2,56.26 2 0
github.com/LCUstinian/FG-QiMen/internal/core/credential/auth/network/tomcat.go:56.26,57.23 1 0
github.com/LCUstinian/FG-QiMen/internal/core/credential/auth/network/tomcat.go:57.23,59.4 1 0
github.com/LCUstinian/FG-QiMen/internal/core/credential/auth/network/tomcat.go:60.3,60.60 1 0
github.com/LCUstinian/FG-QiMen/internal/core/credential/auth/network/tomcat.go:60.60,61.12 1 0
github.com/LCUstinian/FG-QiMen/internal/core/credential/auth/network/tomcat.go:63.3,64.17 2 0
github.com/LCUstinian/FG-QiMen/internal/core/credential/auth/network/tomcat.go:64.17,66.4 1 0
github.com/LCUstinian/FG-QiMen/internal/core/credential/auth/network/tomcat.go:67.3,67.9 1 0
github.com/LCUstinian/FG-QiMen/internal/core/credential/auth/network/tomcat.go:67.9,73.4 1 0
github.com/LCUstinian/FG-QiMen/internal/core/credential/auth/network/tomcat.go:75.2,75.17 1 0
github.com/LCUstinian/FG-QiMen/internal/core/credential/auth/network/tomcat.go:81.124,83.16 2 0
github.com/LCUstinian/FG-QiMen/internal/core/credential/auth/network/tomcat.go:83.16,85.3 1 0
github.com/LCUstinian/FG-QiMen/internal/core/credential/auth/network/tomcat.go:86.2,93.69 3 0
github.com/LCUstinian/FG-QiMen/internal/core/credential/auth/network/tomcat.go:93.69,95.4 1 0
github.com/LCUstinian/FG-QiMen/internal/core/credential/auth/network/tomcat.go:97.2,98.16 2 0
github.com/LCUstinian/FG-QiMen/internal/core/credential/auth/network/tomcat.go:98.16,100.3 1 0
github.com/LCUstinian/FG-QiMen/internal/core/credential/auth/network/tomcat.go:101.2,106.25 2 0
github.com/LCUstinian/FG-QiMen/internal/core/credential/auth/network/tomcat.go:107.39,108.19 1 0
github.com/LCUstinian/FG-QiMen/internal/core/credential/auth/network/tomcat.go:109.10,110.20 1 0
github.com/LCUstinian/FG-QiMen/internal/core/credential/auth/remote/ftp.go:29.46,29.76 1 5
github.com/LCUstinian/FG-QiMen/internal/core/credential/auth/remote/ftp.go:31.13,31.59 1 1
github.com/LCUstinian/FG-QiMen/internal/core/credential/auth/remote/ftp.go:34.42,34.58 1 2
github.com/LCUstinian/FG-QiMen/internal/core/credential/auth/remote/ftp.go:37.49,37.75 1 0
github.com/LCUstinian/FG-QiMen/internal/core/credential/auth/remote/ftp.go:44.158,45.21 1 4
github.com/LCUstinian/FG-QiMen/internal/core/credential/auth/remote/ftp.go:45.21,47.3 1 1
github.com/LCUstinian/FG-QiMen/internal/core/credential/auth/remote/ftp.go:48.2,49.26 2 3
github.com/LCUstinian/FG-QiMen/internal/core/credential/auth/remote/ftp.go:49.26,50.23 1 5
github.com/LCUstinian/FG-QiMen/internal/core/credential/auth/remote/ftp.go:50.23,52.4 1 0
github.com/LCUstinian/FG-QiMen/internal/core/credential/auth/remote/ftp.go:53.3,53.60 1 5
github.com/LCUstinian/FG-QiMen/internal/core/credential/auth/remote/ftp.go:53.60,54.12 1 0
github.com/LCUstinian/FG-QiMen/internal/core/credential/auth/remote/ftp.go:56.3,56.67 1 5
github.com/LCUstinian/FG-QiMen/internal/core/credential/auth/remote/ftp.go:56.67,62.4 1 1
github.com/LCUstinian/FG-QiMen/internal/core/credential/auth/remote/ftp.go:64.2,64.17 1 2
github.com/LCUstinian/FG-QiMen/internal/core/credential/auth/remote/ftp.go:72.103,76.16 4 5
github.com/LCUstinian/FG-QiMen/internal/core/credential/auth/remote/ftp.go:76.16,78.3 1 1
github.com/LCUstinian/FG-QiMen/internal/core/credential/auth/remote/ftp.go:81.2,81.15 1 4
github.com/LCUstinian/FG-QiMen/internal/core/credential/auth/remote/ftp.go:81.15,81.34 1 4
github.com/LCUstinian/FG-QiMen/internal/core/credential/auth/remote/ftp.go:82.2,82.51 1 4
github.com/LCUstinian/FG-QiMen/internal/core/credential/auth/remote/ftp.go:82.51,84.3 1 3
github.com/LCUstinian/FG-QiMen/internal/core/credential/auth/remote/ftp.go:85.2,85.18 1 1
github.com/LCUstinian/FG-QiMen/internal/core/credential/auth/remote/ipmi.go:51.48,51.79 1 4
github.com/LCUstinian/FG-QiMen/internal/core/credential/auth/remote/ipmi.go:54.43,54.60 1 2
github.com/LCUstinian/FG-QiMen/internal/core/credential/auth/remote/ipmi.go:57.50,59.2 1 0
github.com/LCUstinian/FG-QiMen/internal/core/credential/auth/remote/ipmi.go:75.159,76.21 1 3
github.com/LCUstinian/FG-QiMen/internal/core/credential/auth/remote/ipmi.go:76.21,78.3 1 1
github.com/LCUstinian/FG-QiMen/internal/core/credential/auth/remote/ipmi.go:79.2,80.26 2 2
github.com/LCUstinian/FG-QiMen/internal/core/credential/auth/remote/ipmi.go:80.26,81.23 1 2
github.com/LCUstinian/FG-QiMen/internal/core/credential/auth/remote/ipmi.go:81.23,83.4 1 0
github.com/LCUstinian/FG-QiMen/internal/core/credential/auth/remote/ipmi.go:84.3,84.60 1 2
github.com/LCUstinian/FG-QiMen/internal/core/credential/auth/remote/ipmi.go:84.60,85.12 1 1
github.com/LCUstinian/FG-QiMen/internal/core/credential/auth/remote/ipmi.go:87.3,88.17 2 1
github.com/LCUstinian/FG-QiMen/internal/core/credential/auth/remote/ipmi.go:88.17,90.4 1 0
github.com/LCUstinian/FG-QiMen/internal/core/credential/auth/remote/ipmi.go:91.3,91.9 1 1
github.com/LCUstinian/FG-QiMen/internal/core/credential/auth/remote/ipmi.go:91.9,97.4 1 0
github.com/LCUstinian/FG-QiMen/internal/core/credential/auth/remote/ipmi.go:99.2,99.17 1 2
github.com/LCUstinian/FG-QiMen/internal/core/credential/auth/remote/ipmi.go:104.120,107.16 3 1
github.com/LCUstinian/FG-QiMen/internal/core/credential/auth/remote/ipmi.go:107.16,109.3 1 0
github.com/LCUstinian/FG-QiMen/internal/core/credential/auth/remote/ipmi.go:110.2,120.51 4 1
github.com/LCUstinian/FG-QiMen/internal/core/credential/auth/remote/ipmi.go:120.51,122.3 1 0
github.com/LCUstinian/FG-QiMen/internal/core/credential/auth/remote/ipmi.go:124.2,125.16 2 1
github.com/LCUstinian/FG-QiMen/internal/core/credential/auth/remote/ipmi.go:125.16,127.3 1 1
github.com/LCUstinian/FG-QiMen/internal/core/credential/auth/remote/ipmi.go:129.2,130.16 2 0
github.com/LCUstinian/FG-QiMen/internal/core/credential/auth/remote/ipmi.go:130.16,132.3 1 0
github.com/LCUstinian/FG-QiMen/internal/core/credential/auth/remote/ipmi.go:134.2,135.44 2 0
github.com/LCUstinian/FG-QiMen/internal/core/credential/auth/remote/ipmi.go:135.44,137.3 1 0
github.com/LCUstinian/FG-QiMen/internal/core/credential/auth/remote/ipmi.go:139.2,140.16 2 0
github.com/LCUstinian/FG-QiMen/internal/core/credential/auth/remote/ipmi.go:140.16,142.3 1 0
github.com/LCUstinian/FG-QiMen/internal/core/credential/auth/remote/ipmi.go:143.2,144.16 2 0
github.com/LCUstinian/FG-QiMen/internal/core/credential/auth/remote/ipmi.go:144.16,146.3 1 0
github.com/LCUstinian/FG-QiMen/internal/core/credential/auth/remote/ipmi.go:148.2,148.33 1 0
github.com/LCUstinian/FG-QiMen/internal/core/credential/auth/remote/ipmi.go:153.36,175.2 5 1
github.com/LCUstinian/FG-QiMen/internal/core/credential/auth/remote/ipmi.go:179.52,182.16 3 1
github.com/LCUstinian/FG-QiMen/internal/core/credential/auth/remote/ipmi.go:182.16,184.3 1 1
github.com/LCUstinian/FG-QiMen/internal/core/credential/auth/remote/ipmi.go:185.2,185.21 1 0
github.com/LCUstinian/FG-QiMen/internal/core/credential/auth/remote/ipmi.go:191.81,196.18 1 0
github.com/LCUstinian/FG-QiMen/internal/core/credential/auth/remote/ipmi.go:196.18,198.3 1 0
github.com/LCUstinian/FG-QiMen/internal/core/credential/auth/remote/ipmi.go:199.2,199.27 1 0
github.com/LCUstinian/FG-QiMen/internal/core/credential/auth/remote/ipmi.go:199.27,201.3 1 0
github.com/LCUstinian/FG-QiMen/internal/core/credential/auth/remote/ipmi.go:202.2,209.20 2 0
github.com/LCUstinian/FG-QiMen/internal/core/credential/auth/remote/ipmi.go:209.20,211.3 1 0
github.com/LCUstinian/FG-QiMen/internal/core/credential/auth/remote/ipmi.go:212.2,217.23 4 0
github.com/LCUstinian/FG-QiMen/internal/core/credential/auth/remote/ipmi.go:217.23,219.3 1 0
github.com/LCUstinian/FG-QiMen/internal/core/credential/auth/remote/ipmi.go:220.2,222.29 3 0
github.com/LCUstinian/FG-QiMen/internal/core/credential/auth/remote/ipmi.go:222.29,224.3 1 0
github.com/LCUstinian/FG-QiMen/internal/core/credential/auth/remote/ipmi.go:225.2,225.48 1 0
github.com/LCUstinian/FG-QiMen/internal/core/credential/auth/remote/ipmi.go:231.83,270.2 21 0
github.com/LCUstinian/FG-QiMen/internal/core/credential/auth/remote/ipmi.go:275.70,276.18 1 0
github.com/LCUstinian/FG-QiMen/internal/core/credential/auth/remote/ipmi.go:276.18,278.3 1 0
github.com/LCUstinian/FG-QiMen/internal/core/credential/auth/remote/ipmi.go:279.2,279.27 1 0
github.com/LCUstinian/FG-QiMen/internal/core/credential/auth/remote/ipmi.go:279.27,281.3 1 0
github.com/LCUstinian/FG-QiMen/internal/core/credential/auth/remote/ipmi.go:285.2,285.20 1 0
github.com/LCUstinian/FG-QiMen/internal/core/credential/auth/remote/ipmi.go:289.13,291.2 1 1
github.com/LCUstinian/FG-QiMen/internal/core/credential/auth/remote/ssh.go:37.46,39.2 1 3
github.com/LCUstinian/FG-QiMen/internal/core/credential/auth/remote/ssh.go:41.13,41.59 1 1
github.com/LCUstinian/FG-QiMen/internal/core/credential/auth/remote/ssh.go:44.42,44.58 1 2
github.com/LCUstinian/FG-QiMen/internal/core/credential/auth/remote/ssh.go:47.49,47.88 1 0
github.com/LCUstinian/FG-QiMen/internal/core/credential/auth/remote/ssh.go:54.158,55.21 1 3
github.com/LCUstinian/FG-QiMen/internal/core/credential/auth/remote/ssh.go:55.21,57.3 1 0
github.com/LCUstinian/FG-QiMen/internal/core/credential/auth/remote/ssh.go:58.2,59.26 2 3
github.com/LCUstinian/FG-QiMen/internal/core/credential/auth/remote/ssh.go:59.26,60.23 1 4
github.com/LCUstinian/FG-QiMen/internal/core/credential/auth/remote/ssh.go:60.23,62.4 1 0
github.com/LCUstinian/FG-QiMen/internal/core/credential/auth/remote/ssh.go:65.3,65.60 1 4
github.com/LCUstinian/FG-QiMen/internal/core/credential/auth/remote/ssh.go:65.60,66.12 1 0
github.com/LCUstinian/FG-QiMen/internal/core/credential/auth/remote/ssh.go:68.3,68.67 1 4
github.com/LCUstinian/FG-QiMen/internal/core/credential/auth/remote/ssh.go:68.67,75.4 1 2
github.com/LCUstinian/FG-QiMen/internal/core/credential/auth/remote/ssh.go:77.2,77.17 1 1
github.com/LCUstinian/FG-QiMen/internal/core/credential/auth/remote/ssh.go:98.120,101.16 3 4
github.com/LCUstinian/FG-QiMen/internal/core/credential/auth/remote/ssh.go:101.16,103.3 1 0
github.com/LCUstinian/FG-QiMen/internal/core/credential/auth/remote/ssh.go:104.2,111.16 3 4
github.com/LCUstinian/FG-QiMen/internal/core/credential/auth/remote/ssh.go:111.16,114.3 2 2
github.com/LCUstinian/FG-QiMen/internal/core/credential/auth/remote/ssh.go:117.2,118.13 2 2
github.com/LCUstinian/FG-QiMen/internal/core/credential/auth/remote/telnet.go:45.52,45.85 1 4
github.com/LCUstinian/FG-QiMen/internal/core/credential/auth/remote/telnet.go:48.45,48.64 1 2
github.com/LCUstinian/FG-QiMen/internal/core/credential/auth/remote/telnet.go:51.52,53.2 1 0
github.com/LCUstinian/FG-QiMen/internal/core/credential/auth/remote/telnet.go:60.161,61.21 1 3
github.com/LCUstinian/FG-QiMen/internal/core/credential/auth/remote/telnet.go:61.21,63.3 1 1
github.com/LCUstinian/FG-QiMen/internal/core/credential/auth/remote/telnet.go:64.2,64.26 1 2
github.com/LCUstinian/FG-QiMen/internal/core/credential/auth/remote/telnet.go:64.26,65.23 1 2
github.com/LCUstinian/FG-QiMen/internal/core/credential/auth/remote/telnet.go:65.23,67.4 1 0
github.com/LCUstinian/FG-QiMen/internal/core/credential/auth/remote/telnet.go:68.3,68.60 1 2
github.com/LCUstinian/FG-QiMen/internal/core/credential/auth/remote/telnet.go:68.60,69.12 1 1
github.com/LCUstinian/FG-QiMen/internal/core/credential/auth/remote/telnet.go:71.3,72.17 2 1
github.com/LCUstinian/FG-QiMen/internal/core/credential/auth/remote/telnet.go:72.17,74.4 1 1
github.com/LCUstinian/FG-QiMen/internal/core/credential/auth/remote/telnet.go:75.3,75.9 1 0
github.com/LCUstinian/FG-QiMen/internal/core/credential/auth/remote/telnet.go:75.9,81.4 1 0
github.com/LCUstinian/FG-QiMen/internal/core/credential/auth/remote/telnet.go:83.2,83.17 1 1
github.com/LCUstinian/FG-QiMen/internal/core/credential/auth/remote/telnet.go:99.139,102.16 3 1
github.com/LCUstinian/FG-QiMen/internal/core/credential/auth/remote/telnet.go:102.16,104.3 1 1
github.com/LCUstinian/FG-QiMen/internal/core/credential/auth/remote/telnet.go:105.2,110.39 2 0
github.com/LCUstinian/FG-QiMen/internal/core/credential/auth/remote/telnet.go:110.39,112.3 1 0
github.com/LCUstinian/FG-QiMen/internal/core/credential/auth/remote/telnet.go:115.2,115.61 1 0
github.com/LCUstinian/FG-QiMen/internal/core/credential/auth/remote/telnet.go:115.61,117.3 1 0
github.com/LCUstinian/FG-QiMen/internal/core/credential/auth/remote/telnet.go:118.2,118.41 1 0
github.com/LCUstinian/FG-QiMen/internal/core/credential/auth/remote/telnet.go:118.41,120.3 1 0
github.com/LCUstinian/FG-QiMen/internal/core/credential/auth/remote/telnet.go:123.2,123.61 1 0
github.com/LCUstinian/FG-QiMen/internal/core/credential/auth/remote/telnet.go:123.61,125.3 1 0
github.com/LCUstinian/FG-QiMen/internal/core/credential/auth/remote/telnet.go:126.2,126.45 1 0
github.com/LCUstinian/FG-QiMen/internal/core/credential/auth/remote/telnet.go:135.90,137.6 2 0
github.com/LCUstinian/FG-QiMen/internal/core/credential/auth/remote/telnet.go:137.6,140.17 3 0
github.com/LCUstinian/FG-QiMen/internal/core/credential/auth/remote/telnet.go:140.17,142.4 1 0
github.com/LCUstinian/FG-QiMen/internal/core/credential/auth/remote/telnet.go:143.3,148.30 3 0
github.com/LCUstinian/FG-QiMen/internal/core/credential/auth/remote/telnet.go:148.30,150.4 1 0
github.com/LCUstinian/FG-QiMen/internal/core/credential/auth/remote/telnet.go:159.92,161.6 2 0
github.com/LCUstinian/FG-QiMen/internal/core/credential/auth/remote/telnet.go:161.6,164.17 3 0
github.com/LCUstinian/FG-QiMen/internal/core/credential/auth/remote/telnet.go:164.17,166.4 1 0
github.com/LCUstinian/FG-QiMen/internal/core/credential/auth/remote/telnet.go:167.3,167.33 1 0
github.com/LCUstinian/FG-QiMen/internal/core/credential/auth/remote/telnet.go:167.33,169.4 1 0
github.com/LCUstinian/FG-QiMen/internal/core/credential/auth/remote/telnet.go:182.89,185.6 3 0
github.com/LCUstinian/FG-QiMen/internal/core/credential/auth/remote/telnet.go:185.6,188.17 3 0
github.com/LCUstinian/FG-QiMen/internal/core/credential/auth/remote/telnet.go:188.17,189.9 1 0
github.com/LCUstinian/FG-QiMen/internal/core/credential/auth/remote/telnet.go:191.3,199.47 4 0
github.com/LCUstinian/FG-QiMen/internal/core/credential/auth/remote/telnet.go:199.47,201.4 1 0
github.com/LCUstinian/FG-QiMen/internal/core/credential/auth/remote/telnet.go:203.3,208.33 1 0
github.com/LCUstinian/FG-QiMen/internal/core/credential/auth/remote/telnet.go:208.33,210.4 1 0
github.com/LCUstinian/FG-QiMen/internal/core/credential/auth/remote/telnet.go:214.2,214.14 1 0
github.com/LCUstinian/FG-QiMen/internal/core/credential/auth/remote/telnet.go:220.39,222.30 2 0
github.com/LCUstinian/FG-QiMen/internal/core/credential/auth/remote/telnet.go:222.30,224.16 2 0
github.com/LCUstinian/FG-QiMen/internal/core/credential/auth/remote/telnet.go:224.16,231.12 2 0
github.com/LCUstinian/FG-QiMen/internal/core/credential/auth/remote/telnet.go:233.3,233.65 1 0
github.com/LCUstinian/FG-QiMen/internal/core/credential/auth/remote/telnet.go:233.65,235.4 1 0
github.com/LCUstinian/FG-QiMen/internal/core/credential/auth/remote/telnet.go:237.2,237.40 1 0
github.com/LCUstinian/FG-QiMen/internal/core/credential/auth/remote/telnet.go:244.36,246.70 2 0
github.com/LCUstinian/FG-QiMen/internal/core/credential/auth/remote/telnet.go:246.70,247.33 1 0
github.com/LCUstinian/FG-QiMen/internal/core/credential/auth/remote/telnet.go:247.33,249.4 1 0
github.com/LCUstinian/FG-QiMen/internal/core/credential/auth/remote/telnet.go:251.2,251.14 1 0
github.com/LCUstinian/FG-QiMen/internal/core/credential/auth/remote/telnet.go:256.39,259.2 2 0
github.com/LCUstinian/FG-QiMen/internal/core/credential/auth/remote/telnet.go:262.13,264.2 1 1
github.com/LCUstinian/FG-QiMen/internal/core/credential/auth/remote/vnc.go:44.46,44.76 1 4
github.com/LCUstinian/FG-QiMen/internal/core/credential/auth/remote/vnc.go:47.42,47.58 1 2
github.com/LCUstinian/FG-QiMen/internal/core/credential/auth/remote/vnc.go:50.49,52.2 1 0
github.com/LCUstinian/FG-QiMen/internal/core/credential/auth/remote/vnc.go:66.158,67.21 1 3
github.com/LCUstinian/FG-QiMen/internal/core/credential/auth/remote/vnc.go:67.21,69.3 1 1
github.com/LCUstinian/FG-QiMen/internal/core/credential/auth/remote/vnc.go:70.2,71.26 2 2
github.com/LCUstinian/FG-QiMen/internal/core/credential/auth/remote/vnc.go:71.26,72.23 1 2
github.com/LCUstinian/FG-QiMen/internal/core/credential/auth/remote/vnc.go:72.23,74.4 1 0
github.com/LCUstinian/FG-QiMen/internal/core/credential/auth/remote/vnc.go:75.3,75.60 1 2
github.com/LCUstinian/FG-QiMen/internal/core/credential/auth/remote/vnc.go:75.60,76.12 1 1
github.com/LCUstinian/FG-QiMen/internal/core/credential/auth/remote/vnc.go:78.3,80.17 3 1
github.com/LCUstinian/FG-QiMen/internal/core/credential/auth/remote/vnc.go:80.17,82.4 1 1
github.com/LCUstinian/FG-QiMen/internal/core/credential/auth/remote/vnc.go:90.3,97.17 4 0
github.com/LCUstinian/FG-QiMen/internal/core/credential/auth/remote/vnc.go:97.17,104.12 3 0
github.com/LCUstinian/FG-QiMen/internal/core/credential/auth/remote/vnc.go:108.3,114.9 3 0
github.com/LCUstinian/FG-QiMen/internal/core/credential/auth/remote/vnc.go:116.2,116.17 1 1
github.com/LCUstinian/FG-QiMen/internal/core/credential/auth/remote/vnc.go:120.13,122.2 1 1
github.com/LCUstinian/FG-QiMen/internal/core/credential/auth/remote/winrm.go:52.50,52.82 1 6
github.com/LCUstinian/FG-QiMen/internal/core/credential/auth/remote/winrm.go:55.44,55.62 1 2
github.com/LCUstinian/FG-QiMen/internal/core/credential/auth/remote/winrm.go:58.51,60.2 1 0
github.com/LCUstinian/FG-QiMen/internal/core/credential/auth/remote/winrm.go:86.160,87.21 1 5
github.com/LCUstinian/FG-QiMen/internal/core/credential/auth/remote/winrm.go:87.21,89.3 1 1
github.com/LCUstinian/FG-QiMen/internal/core/credential/auth/remote/winrm.go:90.2,91.26 2 4
github.com/LCUstinian/FG-QiMen/internal/core/credential/auth/remote/winrm.go:91.26,92.23 1 4
github.com/LCUstinian/FG-QiMen/internal/core/credential/auth/remote/winrm.go:92.23,94.4 1 0
github.com/LCUstinian/FG-QiMen/internal/core/credential/auth/remote/winrm.go:95.3,95.60 1 4
github.com/LCUstinian/FG-QiMen/internal/core/credential/auth/remote/winrm.go:95.60,96.12 1 1
github.com/LCUstinian/FG-QiMen/internal/core/credential/auth/remote/winrm.go:100.3,101.17 2 3
github.com/LCUstinian/FG-QiMen/internal/core/credential/auth/remote/winrm.go:101.17,103.4 1 0
github.com/LCUstinian/FG-QiMen/internal/core/credential/auth/remote/winrm.go:104.3,105.17 2 3
github.com/LCUstinian/FG-QiMen/internal/core/credential/auth/remote/winrm.go:105.17,107.4 1 1
github.com/LCUstinian/FG-QiMen/internal/core/credential/auth/remote/winrm.go:108.3,108.10 1 2
github.com/LCUstinian/FG-QiMen/internal/core/credential/auth/remote/winrm.go:108.10,114.4 1 1
github.com/LCUstinian/FG-QiMen/internal/core/credential/auth/remote/winrm.go:116.2,116.17 1 2
github.com/LCUstinian/FG-QiMen/internal/core/credential/auth/remote/winrm.go:125.119,136.38 4 3
github.com/LCUstinian/FG-QiMen/internal/core/credential/auth/remote/winrm.go:136.38,138.3 1 0
github.com/LCUstinian/FG-QiMen/internal/core/credential/auth/remote/winrm.go:139.2,141.16 2 3
github.com/LCUstinian/FG-QiMen/internal/core/credential/auth/remote/winrm.go:141.16,143.3 1 0
github.com/LCUstinian/FG-QiMen/internal/core/credential/auth/remote/winrm.go:144.2,146.30 3 3
github.com/LCUstinian/FG-QiMen/internal/core/credential/auth/remote/winrm.go:146.30,148.3 1 3
github.com/LCUstinian/FG-QiMen/internal/core/credential/auth/remote/winrm.go:149.2,150.16 2 3
github.com/LCUstinian/FG-QiMen/internal/core/credential/auth/remote/winrm.go:150.16,152.3 1 1
github.com/LCUstinian/FG-QiMen/internal/core/credential/auth/remote/winrm.go:153.2,156.38 2 2
github.com/LCUstinian/FG-QiMen/internal/core/credential/auth/remote/winrm.go:156.38,159.3 2 1
github.com/LCUstinian/FG-QiMen/internal/core/credential/auth/remote/winrm.go:160.2,160.19 1 1
github.com/LCUstinian/FG-QiMen/internal/core/credential/auth/remote/winrm.go:164.13,166.2 1 1
github.com/LCUstinian/FG-QiMen/internal/core/scan/helpers.go:17.36,18.16 1 20
github.com/LCUstinian/FG-QiMen/internal/core/scan/helpers.go:18.16,20.3 1 1
github.com/LCUstinian/FG-QiMen/internal/core/scan/helpers.go:21.2,25.42 2 19
github.com/LCUstinian/FG-QiMen/internal/core/scan/helpers.go:25.42,27.3 1 3
github.com/LCUstinian/FG-QiMen/internal/core/scan/helpers.go:29.2,30.29 2 16
github.com/LCUstinian/FG-QiMen/internal/core/scan/helpers.go:30.29,32.3 1 8
github.com/LCUstinian/FG-QiMen/internal/core/scan/helpers.go:33.2,33.14 1 8
github.com/LCUstinian/FG-QiMen/internal/core/scan/iterator.go:43.52,43.84 1 3
github.com/LCUstinian/FG-QiMen/internal/core/scan/iterator.go:46.44,49.2 2 6
github.com/LCUstinian/FG-QiMen/internal/core/scan/iterator.go:54.40,54.53 1 1
github.com/LCUstinian/FG-QiMen/internal/core/scan/iterator.go:71.67,79.2 3 8
github.com/LCUstinian/FG-QiMen/internal/core/scan/iterator.go:82.45,83.25 1 25
github.com/LCUstinian/FG-QiMen/internal/core/scan/iterator.go:83.25,84.25 1 26
github.com/LCUstinian/FG-QiMen/internal/core/scan/iterator.go:84.25,88.4 3 20
github.com/LCUstinian/FG-QiMen/internal/core/scan/iterator.go:89.3,90.10 2 6
github.com/LCUstinian/FG-QiMen/internal/core/scan/iterator.go:92.2,92.22 1 5
github.com/LCUstinian/FG-QiMen/internal/core/scan/iterator.go:96.41,96.60 1 5
github.com/LCUstinian/FG-QiMen/internal/core/scan/pool.go:80.50,91.2 1 2
github.com/LCUstinian/FG-QiMen/internal/core/scan/pool.go:120.38,121.23 1 2
github.com/LCUstinian/FG-QiMen/internal/core/scan/pool.go:121.23,123.3 1 0
github.com/LCUstinian/FG-QiMen/internal/core/scan/pool.go:124.2,124.23 1 2
github.com/LCUstinian/FG-QiMen/internal/core/scan/pool.go:124.23,126.3 1 0
github.com/LCUstinian/FG-QiMen/internal/core/scan/pool.go:127.2,127.26 1 2
github.com/LCUstinian/FG-QiMen/internal/core/scan/pool.go:127.26,129.3 1 0
github.com/LCUstinian/FG-QiMen/internal/core/scan/pool.go:130.2,130.39 1 2
github.com/LCUstinian/FG-QiMen/internal/core/scan/pool.go:130.39,132.3 1 0
github.com/LCUstinian/FG-QiMen/internal/core/scan/pool.go:133.2,133.71 1 2
github.com/LCUstinian/FG-QiMen/internal/core/scan/pool.go:133.71,135.3 1 0
github.com/LCUstinian/FG-QiMen/internal/core/scan/pool.go:136.2,136.30 1 2
github.com/LCUstinian/FG-QiMen/internal/core/scan/pool.go:136.30,138.3 1 0
github.com/LCUstinian/FG-QiMen/internal/core/scan/pool.go:139.2,139.35 1 2
github.com/LCUstinian/FG-QiMen/internal/core/scan/pool.go:139.35,141.3 1 0
github.com/LCUstinian/FG-QiMen/internal/core/scan/pool.go:142.2,142.29 1 2
github.com/LCUstinian/FG-QiMen/internal/core/scan/pool.go:142.29,144.3 1 0
github.com/LCUstinian/FG-QiMen/internal/core/scan/pool.go:145.2,152.25 2 2
github.com/LCUstinian/FG-QiMen/internal/core/scan/pool.go:152.25,154.3 1 0
github.com/LCUstinian/FG-QiMen/internal/core/scan/pool.go:155.2,156.10 2 2
github.com/LCUstinian/FG-QiMen/internal/core/scan/pool.go:164.49,165.15 1 9
github.com/LCUstinian/FG-QiMen/internal/core/scan/pool.go:165.15,166.10 1 9
github.com/LCUstinian/FG-QiMen/internal/core/scan/pool.go:167.14,167.14 0 0
github.com/LCUstinian/FG-QiMen/internal/core/scan/pool.go:168.11,168.11 0 9
github.com/LCUstinian/FG-QiMen/internal/core/scan/pool.go:171.2,171.12 1 9
github.com/LCUstinian/FG-QiMen/internal/core/scan/pool.go:182.81,186.12 3 2
github.com/LCUstinian/FG-QiMen/internal/core/scan/pool.go:186.12,189.3 2 2
github.com/LCUstinian/FG-QiMen/internal/core/scan/pool.go:209.2,213.6 4 2
github.com/LCUstinian/FG-QiMen/internal/core/scan/pool.go:213.6,214.10 1 8
github.com/LCUstinian/FG-QiMen/internal/core/scan/pool.go:215.21,219.20 4 0
github.com/LCUstinian/FG-QiMen/internal/core/scan/pool.go:220.11,220.11 0 8
github.com/LCUstinian/FG-QiMen/internal/core/scan/pool.go:222.3,223.10 2 8
github.com/LCUstinian/FG-QiMen/internal/core/scan/pool.go:223.10,224.9 1 1
github.com/LCUstinian/FG-QiMen/internal/core/scan/pool.go:243.3,248.7 3 7
github.com/LCUstinian/FG-QiMen/internal/core/scan/pool.go:248.7,249.24 1 15
github.com/LCUstinian/FG-QiMen/internal/core/scan/pool.go:249.24,254.5 4 0
github.com/LCUstinian/FG-QiMen/internal/core/scan/pool.go:255.4,256.29 2 15
github.com/LCUstinian/FG-QiMen/internal/core/scan/pool.go:256.29,260.12 1 6
github.com/LCUstinian/FG-QiMen/internal/core/scan/pool.go:261.28,262.19 1 6
github.com/LCUstinian/FG-QiMen/internal/core/scan/pool.go:263.13,263.13 0 0
github.com/LCUstinian/FG-QiMen/internal/core/scan/pool.go:270.4,271.11 2 9
github.com/LCUstinian/FG-QiMen/internal/core/scan/pool.go:272.22,277.21 5 1
github.com/LCUstinian/FG-QiMen/internal/core/scan/pool.go:278.25,284.29 2 8
github.com/LCUstinian/FG-QiMen/internal/core/scan/pool.go:284.29,286.6 1 3
github.com/LCUstinian/FG-QiMen/internal/core/scan/pool.go:298.3,300.22 3 6
github.com/LCUstinian/FG-QiMen/internal/core/scan/pool.go:300.22,302.17 2 6
github.com/LCUstinian/FG-QiMen/internal/core/scan/pool.go:302.17,305.5 2 6
github.com/LCUstinian/FG-QiMen/internal/core/scan/pool.go:306.4,306.17 1 6
github.com/LCUstinian/FG-QiMen/internal/core/scan/pool.go:306.17,311.33 1 6
github.com/LCUstinian/FG-QiMen/internal/core/scan/pool.go:311.33,312.36 1 0
github.com/LCUstinian/FG-QiMen/internal/core/scan/pool.go:312.36,314.7 1 0
github.com/LCUstinian/FG-QiMen/internal/core/scan/pool.go:317.4,318.18 2 6
github.com/LCUstinian/FG-QiMen/internal/core/scan/pool.go:318.18,333.35 1 0
github.com/LCUstinian/FG-QiMen/internal/core/scan/pool.go:333.35,335.6 1 0
github.com/LCUstinian/FG-QiMen/internal/core/scan/pool.go:336.5,336.11 1 0
github.com/LCUstinian/FG-QiMen/internal/core/scan/pool.go:338.4,339.11 2 6
github.com/LCUstinian/FG-QiMen/internal/core/scan/pool.go:340.20,340.20 0 4
github.com/LCUstinian/FG-QiMen/internal/core/scan/pool.go:341.22,341.22 0 2
github.com/LCUstinian/FG-QiMen/internal/core/scan/pool.go:347.2,350.12 4 1
github.com/LCUstinian/FG-QiMen/internal/core/scan/pool.go:355.33,358.34 3 6
github.com/LCUstinian/FG-QiMen/internal/core/scan/pool.go:358.34,361.3 1 0
github.com/LCUstinian/FG-QiMen/internal/core/scan/pool.go:362.2,365.4 1 6
github.com/LCUstinian/FG-QiMen/internal/core/scan/pool.go:385.70,390.6 5 2
github.com/LCUstinian/FG-QiMen/internal/core/scan/pool.go:390.6,391.10 1 6
github.com/LCUstinian/FG-QiMen/internal/core/scan/pool.go:392.15,393.10 1 1
github.com/LCUstinian/FG-QiMen/internal/core/scan/pool.go:394.21,395.10 1 1
github.com/LCUstinian/FG-QiMen/internal/core/scan/pool.go:396.18,397.55 1 4
github.com/LCUstinian/FG-QiMen/internal/core/scan/pool.go:397.55,400.5 2 1
github.com/LCUstinian/FG-QiMen/internal/core/scan/pool.go:408.25,412.17 4 1
github.com/LCUstinian/FG-QiMen/internal/core/scan/pool.go:412.17,414.3 1 1
github.com/LCUstinian/FG-QiMen/internal/core/scan/pool.go:415.2,416.22 2 0
github.com/LCUstinian/FG-QiMen/internal/core/scan/pool.go:416.22,417.13 1 0
github.com/LCUstinian/FG-QiMen/internal/core/scan/pool.go:417.13,419.4 1 0
github.com/LCUstinian/FG-QiMen/internal/core/scan/pool.go:419.9,419.24 1 0
github.com/LCUstinian/FG-QiMen/internal/core/scan/pool.go:419.24,421.4 1 0
github.com/LCUstinian/FG-QiMen/internal/core/scan/pool.go:423.2,428.44 5 0
github.com/LCUstinian/FG-QiMen/internal/core/scan/pool.go:428.44,431.24 2 0
github.com/LCUstinian/FG-QiMen/internal/core/scan/pool.go:431.24,433.4 1 0
github.com/LCUstinian/FG-QiMen/internal/core/scan/pool.go:434.8,434.45 1 0
github.com/LCUstinian/FG-QiMen/internal/core/scan/pool.go:434.45,437.24 2 0
github.com/LCUstinian/FG-QiMen/internal/core/scan/pool.go:437.24,439.4 1 0
github.com/LCUstinian/FG-QiMen/internal/core/scan/prescreen.go:51.49,59.2 1 0
github.com/LCUstinian/FG-QiMen/internal/core/scan/prescreen.go:70.70,71.18 1 4
github.com/LCUstinian/FG-QiMen/internal/core/scan/prescreen.go:71.18,73.3 1 0
github.com/LCUstinian/FG-QiMen/internal/core/scan/prescreen.go:74.2,77.3 1 4
github.com/LCUstinian/FG-QiMen/internal/core/scan/prescreen.go:82.59,84.2 1 1
github.com/LCUstinian/FG-QiMen/internal/core/scan/prescreen.go:95.81,96.36 1 1
github.com/LCUstinian/FG-QiMen/internal/core/scan/prescreen.go:96.36,98.3 1 1
github.com/LCUstinian/FG-QiMen/internal/core/scan/prescreen.go:101.2,102.29 2 0
github.com/LCUstinian/FG-QiMen/internal/core/scan/prescreen.go:102.29,104.16 2 0
github.com/LCUstinian/FG-QiMen/internal/core/scan/prescreen.go:104.16,107.12 2 0
github.com/LCUstinian/FG-QiMen/internal/core/scan/prescreen.go:109.3,110.17 2 0
github.com/LCUstinian/FG-QiMen/internal/core/scan/prescreen.go:110.17,113.12 2 0
github.com/LCUstinian/FG-QiMen/internal/core/scan/prescreen.go:116.3,117.22 2 0
github.com/LCUstinian/FG-QiMen/internal/core/scan/prescreen.go:117.22,120.4 2 0
github.com/LCUstinian/FG-QiMen/internal/core/scan/prescreen.go:120.9,122.4 1 0
github.com/LCUstinian/FG-QiMen/internal/core/scan/prescreen.go:126.2,130.46 3 0
github.com/LCUstinian/FG-QiMen/internal/core/scan/prescreen.go:130.46,131.20 1 0
github.com/LCUstinian/FG-QiMen/internal/core/scan/prescreen.go:131.20,134.4 1 0
github.com/LCUstinian/FG-QiMen/internal/core/scan/prescreen.go:134.9,134.35 1 0
github.com/LCUstinian/FG-QiMen/internal/core/scan/prescreen.go:134.35,136.4 1 0
github.com/LCUstinian/FG-QiMen/internal/core/scan/prescreen.go:140.2,140.15 1 0
github.com/LCUstinian/FG-QiMen/internal/core/scan/prescreen.go:171.103,181.32 5 3
github.com/LCUstinian/FG-QiMen/internal/core/scan/prescreen.go:181.32,182.20 1 100
github.com/LCUstinian/FG-QiMen/internal/core/scan/prescreen.go:182.20,183.12 1 0
github.com/LCUstinian/FG-QiMen/internal/core/scan/prescreen.go:186.3,187.57 2 100
github.com/LCUstinian/FG-QiMen/internal/core/scan/prescreen.go:191.2,195.26 3 3
github.com/LCUstinian/FG-QiMen/internal/core/scan/prescreen.go:195.26,196.10 1 10
github.com/LCUstinian/FG-QiMen/internal/core/scan/prescreen.go:197.21,204.18 1 3
github.com/LCUstinian/FG-QiMen/internal/core/scan/prescreen.go:205.26,205.26 0 7
github.com/LCUstinian/FG-QiMen/internal/core/scan/prescreen.go:211.3,213.19 2 7
github.com/LCUstinian/FG-QiMen/internal/core/scan/prescreen.go:213.19,215.17 2 7
github.com/LCUstinian/FG-QiMen/internal/core/scan/prescreen.go:215.17,215.26 1 7
github.com/LCUstinian/FG-QiMen/internal/core/scan/prescreen.go:218.4,218.43 1 7
github.com/LCUstinian/FG-QiMen/internal/core/scan/prescreen.go:218.43,220.45 2 7
github.com/LCUstinian/FG-QiMen/internal/core/scan/prescreen.go:220.45,226.6 4 0
github.com/LCUstinian/FG-QiMen/internal/core/scan/prescreen.go:231.2,232.21 2 3
github.com/LCUstinian/FG-QiMen/internal/core/scan/prescreen.go:249.43,250.23 1 0
github.com/LCUstinian/FG-QiMen/internal/core/scan/prescreen.go:250.23,252.3 1 0
github.com/LCUstinian/FG-QiMen/internal/core/scan/prescreen.go:253.2,256.3 1 0
github.com/LCUstinian/FG-QiMen/internal/core/scan/retry.go:45.39,51.2 1 0
github.com/LCUstinian/FG-QiMen/internal/core/scan/retry.go:81.73,86.2 1 2
github.com/LCUstinian/FG-QiMen/internal/core/scan/retry.go:89.40,91.2 1 0
github.com/LCUstinian/FG-QiMen/internal/core/scan/retry.go:94.42,96.2 1 0
github.com/LCUstinian/FG-QiMen/internal/core/scan/retry.go:99.44,101.2 1 0
github.com/LCUstinian/FG-QiMen/internal/core/scan/retry.go:105.115,106.25 1 68
github.com/LCUstinian/FG-QiMen/internal/core/scan/retry.go:106.25,108.3 1 64
github.com/LCUstinian/FG-QiMen/internal/core/scan/retry.go:109.2,113.62 4 68
github.com/LCUstinian/FG-QiMen/internal/core/scan/retry.go:113.62,118.59 2 268
github.com/LCUstinian/FG-QiMen/internal/core/scan/retry.go:118.59,119.60 1 0
github.com/LCUstinian/FG-QiMen/internal/core/scan/retry.go:119.60,121.5 1 0
github.com/LCUstinian/FG-QiMen/internal/core/scan/retry.go:122.4,122.30 1 0
github.com/LCUstinian/FG-QiMen/internal/core/scan/retry.go:125.3,125.63 1 268
github.com/LCUstinian/FG-QiMen/internal/core/scan/retry.go:125.63,127.4 1 256
github.com/LCUstinian/FG-QiMen/internal/core/scan/retry.go:130.3,130.37 1 268
github.com/LCUstinian/FG-QiMen/internal/core/scan/retry.go:130.37,131.27 1 68
github.com/LCUstinian/FG-QiMen/internal/core/scan/retry.go:131.27,133.5 1 64
github.com/LCUstinian/FG-QiMen/internal/core/scan/retry.go:134.4,134.30 1 68
github.com/LCUstinian/FG-QiMen/internal/core/scan/retry.go:138.3,138.10 1 200
github.com/LCUstinian/FG-QiMen/internal/core/scan/retry.go:139.21,140.32 1 0
github.com/LCUstinian/FG-QiMen/internal/core/scan/retry.go:141.30,141.30 0 200
github.com/LCUstinian/FG-QiMen/internal/core/scan/retry.go:146.3,146.73 1 200
github.com/LCUstinian/FG-QiMen/internal/core/scan/retry.go:149.2,149.28 1 0
github.com/LCUstinian/FG-QiMen/internal/core/scan/retry.go:160.45,167.2 1 2
github.com/LCUstinian/FG-QiMen/internal/core/scan/retry.go:178.47,179.16 1 534
github.com/LCUstinian/FG-QiMen/internal/core/scan/retry.go:179.16,181.3 1 2
github.com/LCUstinian/FG-QiMen/internal/core/scan/retry.go:183.2,196.35 3 532
github.com/LCUstinian/FG-QiMen/internal/core/scan/retry.go:196.35,197.40 1 560
github.com/LCUstinian/FG-QiMen/internal/core/scan/retry.go:197.40,199.4 1 530
github.com/LCUstinian/FG-QiMen/internal/core/scan/retry.go:202.2,202.14 1 2
github.com/LCUstinian/FG-QiMen/internal/core/scan/scanner.go:38.44,40.22 2 2
github.com/LCUstinian/FG-QiMen/internal/core/scan/scanner.go:40.22,42.3 1 2
github.com/LCUstinian/FG-QiMen/internal/core/scan/scanner.go:43.2,43.22 1 2
github.com/LCUstinian/FG-QiMen/internal/core/scan/scanner.go:43.22,45.3 1 2
github.com/LCUstinian/FG-QiMen/internal/core/scan/scanner.go:46.2,46.25 1 2
github.com/LCUstinian/FG-QiMen/internal/core/scan/scanner.go:46.25,48.3 1 2
github.com/LCUstinian/FG-QiMen/internal/core/scan/scanner.go:49.2,49.25 1 2
github.com/LCUstinian/FG-QiMen/internal/core/scan/scanner.go:49.25,51.3 1 2
github.com/LCUstinian/FG-QiMen/internal/core/scan/scanner.go:52.2,52.30 1 2
github.com/LCUstinian/FG-QiMen/internal/core/scan/scanner.go:52.30,54.3 1 0
github.com/LCUstinian/FG-QiMen/internal/core/scan/scanner.go:55.2,55.39 1 2
github.com/LCUstinian/FG-QiMen/internal/core/scan/scanner.go:63.84,67.2 3 2
github.com/LCUstinian/FG-QiMen/internal/core/scan/tcp_connect.go:45.44,47.2 1 5
github.com/LCUstinian/FG-QiMen/internal/core/scan/tcp_connect.go:52.69,57.2 1 1
github.com/LCUstinian/FG-QiMen/internal/core/scan/tcp_connect.go:60.41,60.65 1 0
github.com/LCUstinian/FG-QiMen/internal/core/scan/tcp_connect.go:63.43,63.70 1 0
github.com/LCUstinian/FG-QiMen/internal/core/scan/tcp_connect.go:67.45,67.59 1 0
github.com/LCUstinian/FG-QiMen/internal/core/scan/tcp_connect.go:70.116,76.16 3 10
github.com/LCUstinian/FG-QiMen/internal/core/scan/tcp_connect.go:76.16,84.3 1 0
github.com/LCUstinian/FG-QiMen/internal/core/scan/tcp_connect.go:88.2,93.16 5 10
github.com/LCUstinian/FG-QiMen/internal/core/scan/tcp_connect.go:93.16,96.25 1 7
github.com/LCUstinian/FG-QiMen/internal/core/scan/tcp_connect.go:96.25,102.4 1 2
github.com/LCUstinian/FG-QiMen/internal/core/scan/tcp_connect.go:103.3,107.9 1 5
github.com/LCUstinian/FG-QiMen/internal/core/scan/tcp_connect.go:110.2,114.27 4 3
github.com/LCUstinian/FG-QiMen/internal/core/scan/tcp_connect.go:114.27,142.17 4 1
github.com/LCUstinian/FG-QiMen/internal/core/scan/tcp_connect.go:142.17,145.4 2 1
github.com/LCUstinian/FG-QiMen/internal/core/scan/tcp_connect.go:148.2,152.8 1 3
github.com/LCUstinian/FG-QiMen/internal/core/scan/tcp_connect.go:158.62,159.18 1 1
github.com/LCUstinian/FG-QiMen/internal/core/scan/tcp_connect.go:159.18,161.3 1 0
github.com/LCUstinian/FG-QiMen/internal/core/scan/tcp_connect.go:162.2,165.27 4 1
github.com/LCUstinian/FG-QiMen/internal/core/scan/tcp_connect.go:171.33,173.22 2 2
github.com/LCUstinian/FG-QiMen/internal/core/scan/tcp_connect.go:173.22,174.10 1 8
github.com/LCUstinian/FG-QiMen/internal/core/scan/tcp_connect.go:175.44,176.26 1 2
github.com/LCUstinian/FG-QiMen/internal/core/scan/tcp_connect.go:177.27,178.24 1 5
github.com/LCUstinian/FG-QiMen/internal/core/scan/tcp_connect.go:182.2,182.36 1 2
github.com/LCUstinian/FG-QiMen/internal/core/scan/tcp_connect.go:182.36,184.3 1 0
github.com/LCUstinian/FG-QiMen/internal/core/scan/tcp_connect.go:185.2,185.45 1 2
github.com/LCUstinian/FG-QiMen/internal/core/scan/tcp_connect.go:185.45,187.3 1 2
github.com/LCUstinian/FG-QiMen/internal/core/scan/tcp_connect.go:188.2,188.20 1 2
github.com/LCUstinian/FG-QiMen/internal/core/scan/udp_probe.go:46.30,48.2 1 3
github.com/LCUstinian/FG-QiMen/internal/core/scan/udp_probe.go:51.34,51.50 1 0
github.com/LCUstinian/FG-QiMen/internal/core/scan/udp_probe.go:54.36,54.56 1 0
github.com/LCUstinian/FG-QiMen/internal/core/scan/udp_probe.go:58.38,58.52 1 0
github.com/LCUstinian/FG-QiMen/internal/core/scan/udp_probe.go:61.109,66.16 5 3
github.com/LCUstinian/FG-QiMen/internal/core/scan/udp_probe.go:66.16,73.25 1 0
github.com/LCUstinian/FG-QiMen/internal/core/scan/udp_probe.go:73.25,79.4 1 0
github.com/LCUstinian/FG-QiMen/internal/core/scan/udp_probe.go:80.3,84.9 1 0
github.com/LCUstinian/FG-QiMen/internal/core/scan/udp_probe.go:86.2,90.20 3 3
github.com/LCUstinian/FG-QiMen/internal/core/scan/udp_probe.go:90.20,92.3 1 3
github.com/LCUstinian/FG-QiMen/internal/core/scan/udp_probe.go:93.2,94.47 2 3
github.com/LCUstinian/FG-QiMen/internal/core/scan/udp_probe.go:94.47,97.32 1 0
github.com/LCUstinian/FG-QiMen/internal/core/scan/udp_probe.go:97.32,103.4 1 0
github.com/LCUstinian/FG-QiMen/internal/core/scan/udp_probe.go:107.2,108.19 2 3
github.com/LCUstinian/FG-QiMen/internal/core/scan/udp_probe.go:108.19,110.3 1 0
github.com/LCUstinian/FG-QiMen/internal/core/scan/udp_probe.go:111.2,114.11 4 3
github.com/LCUstinian/FG-QiMen/internal/core/scan/udp_probe.go:114.11,121.3 1 1
github.com/LCUstinian/FG-QiMen/internal/core/scan/udp_probe.go:122.2,122.20 1 2
github.com/LCUstinian/FG-QiMen/internal/core/scan/udp_probe.go:122.20,127.29 1 2
github.com/LCUstinian/FG-QiMen/internal/core/scan/udp_probe.go:127.29,133.4 1 0
github.com/LCUstinian/FG-QiMen/internal/core/scan/udp_probe.go:141.3,141.25 1 2
github.com/LCUstinian/FG-QiMen/internal/core/scan/udp_probe.go:141.25,147.4 1 2
github.com/LCUstinian/FG-QiMen/internal/core/scan/udp_probe.go:150.2,154.8 1 0
github.com/LCUstinian/FG-QiMen/internal/core/scan/udp_probe.go:161.43,162.16 1 0
github.com/LCUstinian/FG-QiMen/internal/core/scan/udp_probe.go:162.16,164.3 1 0
github.com/LCUstinian/FG-QiMen/internal/core/scan/udp_probe.go:165.2,165.81 1 0
github.com/LCUstinian/FG-QiMen/internal/core/scan/udp_probe.go:165.81,167.3 1 0
github.com/LCUstinian/FG-QiMen/internal/core/scan/udp_probe.go:168.2,169.133 2 0
github.com/LCUstinian/FG-QiMen/internal/core/scan/udp_probe.go:174.32,175.16 1 2
github.com/LCUstinian/FG-QiMen/internal/core/scan/udp_probe.go:175.16,177.3 1 0
github.com/LCUstinian/FG-QiMen/internal/core/scan/udp_probe.go:178.2,179.41 2 2
github.com/LCUstinian/FG-QiMen/internal/core/scan/udp_probe.go:179.41,181.3 1 2
github.com/LCUstinian/FG-QiMen/internal/core/scan/udp_probe.go:182.2,183.81 2 0
github.com/LCUstinian/FG-QiMen/internal/network/proxy/http.go:27.62,28.26 1 7
github.com/LCUstinian/FG-QiMen/internal/network/proxy/http.go:28.26,30.3 1 1
github.com/LCUstinian/FG-QiMen/internal/network/proxy/http.go:31.2,31.41 1 6
github.com/LCUstinian/FG-QiMen/internal/network/proxy/http.go:36.98,41.30 2 6
github.com/LCUstinian/FG-QiMen/internal/network/proxy/http.go:41.30,43.16 2 0
github.com/LCUstinian/FG-QiMen/internal/network/proxy/http.go:43.16,45.4 1 0
github.com/LCUstinian/FG-QiMen/internal/network/proxy/http.go:48.2,49.16 2 6
github.com/LCUstinian/FG-QiMen/internal/network/proxy/http.go:49.16,51.3 1 1
github.com/LCUstinian/FG-QiMen/internal/network/proxy/http.go:54.2,54.37 1 5
github.com/LCUstinian/FG-QiMen/internal/network/proxy/http.go:54.37,66.45 5 1
github.com/LCUstinian/FG-QiMen/internal/network/proxy/http.go:66.45,69.4 2 1
github.com/LCUstinian/FG-QiMen/internal/network/proxy/http.go:70.3,70.17 1 0
github.com/LCUstinian/FG-QiMen/internal/network/proxy/http.go:74.2,74.49 1 4
github.com/LCUstinian/FG-QiMen/internal/network/proxy/http.go:74.49,77.3 2 2
github.com/LCUstinian/FG-QiMen/internal/network/proxy/http.go:79.2,79.18 1 2
github.com/LCUstinian/FG-QiMen/internal/network/proxy/http.go:84.67,90.56 2 4
github.com/LCUstinian/FG-QiMen/internal/network/proxy/http.go:90.56,95.3 2 2
github.com/LCUstinian/FG-QiMen/internal/network/proxy/http.go:97.2,100.51 2 4
github.com/LCUstinian/FG-QiMen/internal/network/proxy/http.go:100.51,102.3 1 0
github.com/LCUstinian/FG-QiMen/internal/network/proxy/http.go:105.2,107.16 3 4
github.com/LCUstinian/FG-QiMen/internal/network/proxy/http.go:107.16,109.3 1 0
github.com/LCUstinian/FG-QiMen/internal/network/proxy/http.go:110.2,113.38 2 4
github.com/LCUstinian/FG-QiMen/internal/network/proxy/http.go:113.38,115.3 1 2
github.com/LCUstinian/FG-QiMen/internal/network/proxy/http.go:117.2,117.12 1 2
github.com/LCUstinian/FG-QiMen/internal/network/proxy/http.go:122.48,123.19 1 8
github.com/LCUstinian/FG-QiMen/internal/network/proxy/http.go:123.19,125.3 1 1
github.com/LCUstinian/FG-QiMen/internal/network/proxy/http.go:128.2,128.37 1 7
github.com/LCUstinian/FG-QiMen/internal/network/proxy/http.go:128.37,130.3 1 1
github.com/LCUstinian/FG-QiMen/internal/network/proxy/http.go:132.2,133.16 2 6
github.com/LCUstinian/FG-QiMen/internal/network/proxy/http.go:133.16,135.3 1 0
github.com/LCUstinian/FG-QiMen/internal/network/proxy/http.go:137.2,137.16 1 6
github.com/LCUstinian/FG-QiMen/internal/network/proxy/http.go:137.16,139.3 1 1
github.com/LCUstinian/FG-QiMen/internal/network/proxy/http.go:141.2,141.12 1 5
github.com/LCUstinian/FG-QiMen/internal/network/proxy/manager.go:42.47,43.19 1 5
github.com/LCUstinian/FG-QiMen/internal/network/proxy/manager.go:43.19,45.3 1 1
github.com/LCUstinian/FG-QiMen/internal/network/proxy/manager.go:46.2,46.33 1 5
github.com/LCUstinian/FG-QiMen/internal/network/proxy/manager.go:51.47,52.19 1 104
github.com/LCUstinian/FG-QiMen/internal/network/proxy/manager.go:52.19,54.3 1 5
github.com/LCUstinian/FG-QiMen/internal/network/proxy/manager.go:55.2,55.24 1 104
github.com/LCUstinian/FG-QiMen/internal/network/proxy/manager.go:60.50,61.27 1 5
github.com/LCUstinian/FG-QiMen/internal/network/proxy/manager.go:61.27,67.3 1 3
github.com/LCUstinian/FG-QiMen/internal/network/proxy/manager.go:69.2,69.23 1 2
github.com/LCUstinian/FG-QiMen/internal/network/proxy/manager.go:70.23,71.35 1 1
github.com/LCUstinian/FG-QiMen/internal/network/proxy/manager.go:72.37,73.33 1 0
github.com/LCUstinian/FG-QiMen/internal/network/proxy/manager.go:74.10,75.70 1 1
github.com/LCUstinian/FG-QiMen/internal/network/proxy/manager.go:88.100,95.23 2 12
github.com/LCUstinian/FG-QiMen/internal/network/proxy/manager.go:95.23,97.16 2 2
github.com/LCUstinian/FG-QiMen/internal/network/proxy/manager.go:97.16,99.4 1 1
github.com/LCUstinian/FG-QiMen/internal/network/proxy/manager.go:102.2,102.50 1 12
github.com/LCUstinian/FG-QiMen/internal/network/proxy/manager.go:120.45,121.30 1 2
github.com/LCUstinian/FG-QiMen/internal/network/proxy/manager.go:121.30,125.3 3 2
github.com/LCUstinian/FG-QiMen/internal/network/proxy/manager.go:133.40,138.16 4 2
github.com/LCUstinian/FG-QiMen/internal/network/proxy/manager.go:138.16,145.3 4 0
github.com/LCUstinian/FG-QiMen/internal/network/proxy/manager.go:147.2,147.24 1 2
github.com/LCUstinian/FG-QiMen/internal/network/proxy/manager.go:152.27,157.2 4 2
github.com/LCUstinian/FG-QiMen/internal/network/proxy/socks5.go:45.66,46.26 1 14
github.com/LCUstinian/FG-QiMen/internal/network/proxy/socks5.go:46.26,48.3 1 1
github.com/LCUstinian/FG-QiMen/internal/network/proxy/socks5.go:49.2,49.43 1 13
github.com/LCUstinian/FG-QiMen/internal/network/proxy/socks5.go:54.100,59.30 2 12
github.com/LCUstinian/FG-QiMen/internal/network/proxy/socks5.go:59.30,61.16 2 0
github.com/LCUstinian/FG-QiMen/internal/network/proxy/socks5.go:61.16,63.4 1 0
github.com/LCUstinian/FG-QiMen/internal/network/proxy/socks5.go:66.2,67.16 2 12
github.com/LCUstinian/FG-QiMen/internal/network/proxy/socks5.go:67.16,69.3 1 1
github.com/LCUstinian/FG-QiMen/internal/network/proxy/socks5.go:72.2,72.42 1 11
github.com/LCUstinian/FG-QiMen/internal/network/proxy/socks5.go:72.42,75.3 2 3
github.com/LCUstinian/FG-QiMen/internal/network/proxy/socks5.go:78.2,78.49 1 8
github.com/LCUstinian/FG-QiMen/internal/network/proxy/socks5.go:78.49,81.3 2 4
github.com/LCUstinian/FG-QiMen/internal/network/proxy/socks5.go:83.2,83.18 1 4
github.com/LCUstinian/FG-QiMen/internal/network/proxy/socks5.go:88.55,91.56 2 11
github.com/LCUstinian/FG-QiMen/internal/network/proxy/socks5.go:91.56,93.3 1 2
github.com/LCUstinian/FG-QiMen/internal/network/proxy/socks5.go:93.8,95.3 1 9
github.com/LCUstinian/FG-QiMen/internal/network/proxy/socks5.go:99.2,100.43 2 11
github.com/LCUstinian/FG-QiMen/internal/network/proxy/socks5.go:100.43,102.3 1 0
github.com/LCUstinian/FG-QiMen/internal/network/proxy/socks5.go:106.2,107.51 2 11
github.com/LCUstinian/FG-QiMen/internal/network/proxy/socks5.go:107.51,109.3 1 0
github.com/LCUstinian/FG-QiMen/internal/network/proxy/socks5.go:111.2,111.30 1 11
github.com/LCUstinian/FG-QiMen/internal/network/proxy/socks5.go:111.30,113.3 1 1
github.com/LCUstinian/FG-QiMen/internal/network/proxy/socks5.go:115.2,115.35 1 10
github.com/LCUstinian/FG-QiMen/internal/network/proxy/socks5.go:115.35,117.3 1 1
github.com/LCUstinian/FG-QiMen/internal/network/proxy/socks5.go:120.2,120.35 1 9
github.com/LCUstinian/FG-QiMen/internal/network/proxy/socks5.go:120.35,122.3 1 2
github.com/LCUstinian/FG-QiMen/internal/network/proxy/socks5.go:124.2,124.12 1 7
github.com/LCUstinian/FG-QiMen/internal/network/proxy/socks5.go:129.66,133.30 3 2
github.com/LCUstinian/FG-QiMen/internal/network/proxy/socks5.go:133.30,135.3 1 0
github.com/LCUstinian/FG-QiMen/internal/network/proxy/socks5.go:137.2,144.43 7 2
github.com/LCUstinian/FG-QiMen/internal/network/proxy/socks5.go:144.43,146.3 1 0
github.com/LCUstinian/FG-QiMen/internal/network/proxy/socks5.go:150.2,151.51 2 2
github.com/LCUstinian/FG-QiMen/internal/network/proxy/socks5.go:151.51,153.3 1 0
github.com/LCUstinian/FG-QiMen/internal/network/proxy/socks5.go:155.2,155.21 1 2
github.com/LCUstinian/FG-QiMen/internal/network/proxy/socks5.go:155.21,157.3 1 1
github.com/LCUstinian/FG-QiMen/internal/network/proxy/socks5.go:159.2,159.12 1 1
github.com/LCUstinian/FG-QiMen/internal/network/proxy/socks5.go:164.69,166.16 2 8
github.com/LCUstinian/FG-QiMen/internal/network/proxy/socks5.go:166.16,168.3 1 1
github.com/LCUstinian/FG-QiMen/internal/network/proxy/socks5.go:170.2,171.44 2 7
github.com/LCUstinian/FG-QiMen/internal/network/proxy/socks5.go:171.44,173.3 1 1
github.com/LCUstinian/FG-QiMen/internal/network/proxy/socks5.go:177.2,181.40 3 6
github.com/LCUstinian/FG-QiMen/internal/network/proxy/socks5.go:181.40,182.34 1 4
github.com/LCUstinian/FG-QiMen/internal/network/proxy/socks5.go:182.34,186.4 2 3
github.com/LCUstinian/FG-QiMen/internal/network/proxy/socks5.go:186.9,190.4 2 1
github.com/LCUstinian/FG-QiMen/internal/network/proxy/socks5.go:191.8,193.22 1 2
github.com/LCUstinian/FG-QiMen/internal/network/proxy/socks5.go:193.22,195.4 1 1
github.com/LCUstinian/FG-QiMen/internal/network/proxy/socks5.go:196.3,198.37 3 1
github.com/LCUstinian/FG-QiMen/internal/network/proxy/socks5.go:202.2,207.43 4 5
github.com/LCUstinian/FG-QiMen/internal/network/proxy/socks5.go:207.43,209.3 1 0
github.com/LCUstinian/FG-QiMen/internal/network/proxy/socks5.go:213.2,214.51 2 5
github.com/LCUstinian/FG-QiMen/internal/network/proxy/socks5.go:214.51,216.3 1 0
github.com/LCUstinian/FG-QiMen/internal/network/proxy/socks5.go:218.2,218.30 1 5
github.com/LCUstinian/FG-QiMen/internal/network/proxy/socks5.go:218.30,220.3 1 0
github.com/LCUstinian/FG-QiMen/internal/network/proxy/socks5.go:222.2,222.35 1 5
github.com/LCUstinian/FG-QiMen/internal/network/proxy/socks5.go:222.35,224.3 1 1
github.com/LCUstinian/FG-QiMen/internal/network/proxy/socks5.go:227.2,228.18 2 4
github.com/LCUstinian/FG-QiMen/internal/network/proxy/socks5.go:229.22,230.41 1 4
github.com/LCUstinian/FG-QiMen/internal/network/proxy/socks5.go:231.22,232.42 1 0
github.com/LCUstinian/FG-QiMen/internal/network/proxy/socks5.go:233.24,235.54 2 0
github.com/LCUstinian/FG-QiMen/internal/network/proxy/socks5.go:235.54,237.4 1 0
github.com/LCUstinian/FG-QiMen/internal/network/proxy/socks5.go:238.3,238.56 1 0
github.com/LCUstinian/FG-QiMen/internal/network/proxy/socks5.go:239.10,240.58 1 0
github.com/LCUstinian/FG-QiMen/internal/network/proxy/socks5.go:243.2,243.12 1 4
github.com/LCUstinian/FG-QiMen/internal/network/proxy/socks5.go:248.50,249.19 1 7
github.com/LCUstinian/FG-QiMen/internal/network/proxy/socks5.go:249.19,251.3 1 1
github.com/LCUstinian/FG-QiMen/internal/network/proxy/socks5.go:254.2,254.37 1 6
github.com/LCUstinian/FG-QiMen/internal/network/proxy/socks5.go:254.37,256.3 1 1
github.com/LCUstinian/FG-QiMen/internal/network/proxy/socks5.go:258.2,259.16 2 5
github.com/LCUstinian/FG-QiMen/internal/network/proxy/socks5.go:259.16,261.3 1 0
github.com/LCUstinian/FG-QiMen/internal/network/proxy/socks5.go:263.2,263.16 1 5
github.com/LCUstinian/FG-QiMen/internal/network/proxy/socks5.go:263.16,265.3 1 1
github.com/LCUstinian/FG-QiMen/internal/network/proxy/socks5.go:267.2,268.44 2 4
github.com/LCUstinian/FG-QiMen/internal/network/proxy/socks5.go:268.44,270.3 1 3
github.com/LCUstinian/FG-QiMen/internal/network/proxy/socks5.go:272.2,272.12 1 1
github.com/LCUstinian/FG-QiMen/internal/network/proxy/types.go:73.40,78.2 1 4
github.com/LCUstinian/FG-QiMen/internal/network/proxy/types.go:82.40,84.2 1 12
github.com/LCUstinian/FG-QiMen/internal/network/proxy/validator.go:37.68,38.18 1 10
github.com/LCUstinian/FG-QiMen/internal/network/proxy/validator.go:38.18,40.3 1 1
github.com/LCUstinian/FG-QiMen/internal/network/proxy/validator.go:41.2,44.3 1 10
github.com/LCUstinian/FG-QiMen/internal/network/proxy/validator.go:69.104,75.16 4 8
github.com/LCUstinian/FG-QiMen/internal/network/proxy/validator.go:75.16,78.3 2 4
github.com/LCUstinian/FG-QiMen/internal/network/proxy/validator.go:79.2,85.46 4 4
github.com/LCUstinian/FG-QiMen/internal/network/proxy/validator.go:85.46,88.3 2 0
github.com/LCUstinian/FG-QiMen/internal/network/proxy/validator.go:91.2,93.16 3 4
github.com/LCUstinian/FG-QiMen/internal/network/proxy/validator.go:93.16,96.3 2 2
github.com/LCUstinian/FG-QiMen/internal/network/proxy/validator.go:99.2,102.15 3 2
github.com/LCUstinian/FG-QiMen/internal/network/proxy/validator.go:107.56,109.15 2 4
github.com/LCUstinian/FG-QiMen/internal/network/proxy/validator.go:109.15,109.57 1 4
github.com/LCUstinian/FG-QiMen/internal/network/proxy/validator.go:111.2,113.12 3 4
github.com/LCUstinian/FG-QiMen/internal/network/proxy/validator.go:123.66,125.15 2 4
github.com/LCUstinian/FG-QiMen/internal/network/proxy/validator.go:125.15,125.56 1 4
github.com/LCUstinian/FG-QiMen/internal/network/proxy/validator.go:127.2,131.33 3 4
github.com/LCUstinian/FG-QiMen/internal/network/proxy/validator.go:131.33,133.3 1 2
github.com/LCUstinian/FG-QiMen/internal/network/proxy/validator.go:141.2,142.83 2 2
github.com/LCUstinian/FG-QiMen/internal/network/proxy/validator.go:142.83,144.3 1 1
github.com/LCUstinian/FG-QiMen/internal/network/proxy/validator.go:146.2,146.19 1 1
github.com/LCUstinian/FG-QiMen/internal/network/proxy/validator.go:151.121,155.2 3 2
github.com/LCUstinian/FG-QiMen/internal/plugins/adapted/cloud/aws/aws.go:33.20,33.40 1 2
github.com/LCUstinian/FG-QiMen/internal/plugins/adapted/cloud/aws/aws.go:35.13,35.40 1 1
github.com/LCUstinian/FG-QiMen/internal/plugins/adapted/cloud/aws/aws.go:38.32,38.53 1 3
github.com/LCUstinian/FG-QiMen/internal/plugins/adapted/cloud/aws/aws.go:42.32,42.52 1 1
github.com/LCUstinian/FG-QiMen/internal/plugins/adapted/cloud/aws/aws.go:45.39,45.70 1 2
github.com/LCUstinian/FG-QiMen/internal/plugins/adapted/cloud/aws/aws.go:48.107,50.2 1 0
github.com/LCUstinian/FG-QiMen/internal/plugins/adapted/cloud/aws/aws.go:55.85,56.22 1 1
github.com/LCUstinian/FG-QiMen/internal/plugins/adapted/cloud/aws/aws.go:56.22,58.3 1 1
github.com/LCUstinian/FG-QiMen/internal/plugins/adapted/cloud/aws/aws.go:59.2,62.16 4 0
github.com/LCUstinian/FG-QiMen/internal/plugins/adapted/cloud/aws/aws.go:62.16,64.3 1 0
github.com/LCUstinian/FG-QiMen/internal/plugins/adapted/cloud/aws/aws.go:65.2,68.16 4 0
github.com/LCUstinian/FG-QiMen/internal/plugins/adapted/cloud/aws/aws.go:68.16,70.3 1 0
github.com/LCUstinian/FG-QiMen/internal/plugins/adapted/cloud/aws/aws.go:71.2,72.28 2 0
github.com/LCUstinian/FG-QiMen/internal/plugins/adapted/cloud/aws/aws.go:72.28,74.3 1 0
github.com/LCUstinian/FG-QiMen/internal/plugins/adapted/cloud/aws/aws.go:75.2,78.44 4 0
github.com/LCUstinian/FG-QiMen/internal/plugins/adapted/cloud/aws/aws.go:78.44,80.3 1 0
github.com/LCUstinian/FG-QiMen/internal/plugins/adapted/cloud/aws/aws.go:81.2,88.3 2 0
github.com/LCUstinian/FG-QiMen/internal/plugins/adapted/cloud/aws/aws.go:91.25,92.12 1 0
github.com/LCUstinian/FG-QiMen/internal/plugins/adapted/cloud/aws/aws.go:92.12,94.3 1 0
github.com/LCUstinian/FG-QiMen/internal/plugins/adapted/cloud/aws/aws.go:95.2,97.12 3 0
github.com/LCUstinian/FG-QiMen/internal/plugins/adapted/cloud/aws/aws.go:97.12,101.3 3 0
github.com/LCUstinian/FG-QiMen/internal/plugins/adapted/cloud/aws/aws.go:102.2,102.22 1 0
github.com/LCUstinian/FG-QiMen/internal/plugins/adapted/cloud/azure/azure.go:40.20,40.40 1 2
github.com/LCUstinian/FG-QiMen/internal/plugins/adapted/cloud/azure/azure.go:42.13,42.40 1 1
github.com/LCUstinian/FG-QiMen/internal/plugins/adapted/cloud/azure/azure.go:45.32,45.55 1 3
github.com/LCUstinian/FG-QiMen/internal/plugins/adapted/cloud/azure/azure.go:49.32,49.52 1 1
github.com/LCUstinian/FG-QiMen/internal/plugins/adapted/cloud/azure/azure.go:52.39,52.70 1 2
github.com/LCUstinian/FG-QiMen/internal/plugins/adapted/cloud/azure/azure.go:55.107,57.2 1 0
github.com/LCUstinian/FG-QiMen/internal/plugins/adapted/cloud/azure/azure.go:62.85,63.22 1 1
github.com/LCUstinian/FG-QiMen/internal/plugins/adapted/cloud/azure/azure.go:63.22,65.3 1 1
github.com/LCUstinian/FG-QiMen/internal/plugins/adapted/cloud/azure/azure.go:66.2,66.35 1 0
github.com/LCUstinian/FG-QiMen/internal/plugins/adapted/cloud/azure/azure.go:72.74,76.16 4 0
github.com/LCUstinian/FG-QiMen/internal/plugins/adapted/cloud/azure/azure.go:76.16,78.3 1 0
github.com/LCUstinian/FG-QiMen/internal/plugins/adapted/cloud/azure/azure.go:79.2,83.16 5 0
github.com/LCUstinian/FG-QiMen/internal/plugins/adapted/cloud/azure/azure.go:83.16,85.3 1 0
github.com/LCUstinian/FG-QiMen/internal/plugins/adapted/cloud/azure/azure.go:86.2,87.28 2 0
github.com/LCUstinian/FG-QiMen/internal/plugins/adapted/cloud/azure/azure.go:87.28,89.3 1 0
github.com/LCUstinian/FG-QiMen/internal/plugins/adapted/cloud/azure/azure.go:90.2,105.60 5 0
github.com/LCUstinian/FG-QiMen/internal/plugins/adapted/cloud/azure/azure.go:105.60,107.3 1 0
github.com/LCUstinian/FG-QiMen/internal/plugins/adapted/cloud/azure/azure.go:108.2,108.31 1 0
github.com/LCUstinian/FG-QiMen/internal/plugins/adapted/cloud/azure/azure.go:108.31,110.3 1 0
github.com/LCUstinian/FG-QiMen/internal/plugins/adapted/cloud/azure/azure.go:113.2,120.3 1 0
github.com/LCUstinian/FG-QiMen/internal/plugins/adapted/cloud/azure/azure.go:123.25,124.12 1 0
github.com/LCUstinian/FG-QiMen/internal/plugins/adapted/cloud/azure/azure.go:124.12,126.3 1 0
github.com/LCUstinian/FG-QiMen/internal/plugins/adapted/cloud/azure/azure.go:127.2,129.12 3 0
github.com/LCUstinian/FG-QiMen/internal/plugins/adapted/cloud/azure/azure.go:129.12,133.3 3 0
github.com/LCUstinian/FG-QiMen/internal/plugins/adapted/cloud/azure/azure.go:134.2,134.22 1 0
github.com/LCUstinian/FG-QiMen/internal/plugins/plugins.go:78.25,81.39 3 16
github.com/LCUstinian/FG-QiMen/internal/plugins/plugins.go:81.39,85.59 1 1
github.com/LCUstinian/FG-QiMen/internal/plugins/plugins.go:87.2,87.24 1 15
github.com/LCUstinian/FG-QiMen/internal/plugins/plugins.go:93.21,97.29 4 4003
github.com/LCUstinian/FG-QiMen/internal/plugins/plugins.go:97.29,99.3 1 32005
github.com/LCUstinian/FG-QiMen/internal/plugins/plugins.go:100.2,100.38 1 4003
github.com/LCUstinian/FG-QiMen/internal/plugins/plugins.go:100.38,100.78 1 66509
github.com/LCUstinian/FG-QiMen/internal/plugins/plugins.go:101.2,101.12 1 4003
github.com/LCUstinian/FG-QiMen/internal/plugins/plugins.go:106.30,110.2 3 4003
github.com/LCUstinian/FG-QiMen/internal/plugins/rawtcp.go:46.56,47.31 1 2
github.com/LCUstinian/FG-QiMen/internal/plugins/rawtcp.go:47.31,47.48 1 2
github.com/LCUstinian/FG-QiMen/internal/plugins/rawtcp.go:72.17,74.2 1 3
github.com/LCUstinian/FG-QiMen/internal/plugins/rawtcp.go:87.17,89.2 1 0
github.com/LCUstinian/FG-QiMen/internal/plugins/rawtcp.go:101.17,102.15 1 3
github.com/LCUstinian/FG-QiMen/internal/plugins/rawtcp.go:102.15,104.3 1 1
github.com/LCUstinian/FG-QiMen/internal/plugins/rawtcp.go:105.2,106.27 2 2
github.com/LCUstinian/FG-QiMen/internal/plugins/rawtcp.go:106.27,108.3 1 2
github.com/LCUstinian/FG-QiMen/internal/plugins/rawtcp.go:109.2,111.16 3 2
github.com/LCUstinian/FG-QiMen/internal/plugins/rawtcp.go:111.16,113.3 1 1
github.com/LCUstinian/FG-QiMen/internal/plugins/rawtcp.go:114.2,116.17 3 1
github.com/LCUstinian/FG-QiMen/internal/plugins/adapted/database/elasticsearch/elasticsearch.go:30.20,30.40 1 2
github.com/LCUstinian/FG-QiMen/internal/plugins/adapted/database/elasticsearch/elasticsearch.go:32.13,32.40 1 1
github.com/LCUstinian/FG-QiMen/internal/plugins/adapted/database/elasticsearch/elasticsearch.go:53.32,53.58 1 3
github.com/LCUstinian/FG-QiMen/internal/plugins/adapted/database/elasticsearch/elasticsearch.go:56.32,56.60 1 1
github.com/LCUstinian/FG-QiMen/internal/plugins/adapted/database/elasticsearch/elasticsearch.go:67.39,67.95 1 2
github.com/LCUstinian/FG-QiMen/internal/plugins/adapted/database/elasticsearch/elasticsearch.go:70.107,72.2 1 1
github.com/LCUstinian/FG-QiMen/internal/plugins/adapted/database/elasticsearch/elasticsearch.go:77.85,81.31 2 1
github.com/LCUstinian/FG-QiMen/internal/plugins/adapted/database/elasticsearch/elasticsearch.go:81.31,85.17 4 2
github.com/LCUstinian/FG-QiMen/internal/plugins/adapted/database/elasticsearch/elasticsearch.go:85.17,86.12 1 2
github.com/LCUstinian/FG-QiMen/internal/plugins/adapted/database/elasticsearch/elasticsearch.go:88.3,92.48 5 0
github.com/LCUstinian/FG-QiMen/internal/plugins/adapted/database/elasticsearch/elasticsearch.go:92.48,93.12 1 0
github.com/LCUstinian/FG-QiMen/internal/plugins/adapted/database/elasticsearch/elasticsearch.go:97.3,100.19 4 0
github.com/LCUstinian/FG-QiMen/internal/plugins/adapted/database/elasticsearch/elasticsearch.go:100.19,102.4 1 0
github.com/LCUstinian/FG-QiMen/internal/plugins/adapted/database/elasticsearch/elasticsearch.go:103.3,106.4 1 0
github.com/LCUstinian/FG-QiMen/internal/plugins/adapted/database/elasticsearch/elasticsearch.go:108.2,108.12 1 1
github.com/LCUstinian/FG-QiMen/internal/plugins/adapted/database/elasticsearch/elasticsearch.go:113.51,115.13 2 0
github.com/LCUstinian/FG-QiMen/internal/plugins/adapted/database/elasticsearch/elasticsearch.go:115.13,117.3 1 0
github.com/LCUstinian/FG-QiMen/internal/plugins/adapted/database/elasticsearch/elasticsearch.go:118.2,120.11 3 0
github.com/LCUstinian/FG-QiMen/internal/plugins/adapted/database/elasticsearch/elasticsearch.go:120.11,122.3 1 0
github.com/LCUstinian/FG-QiMen/internal/plugins/adapted/database/elasticsearch/elasticsearch.go:123.2,126.13 3 0
github.com/LCUstinian/FG-QiMen/internal/plugins/adapted/database/elasticsearch/elasticsearch.go:126.13,128.3 1 0
github.com/LCUstinian/FG-QiMen/internal/plugins/adapted/database/elasticsearch/elasticsearch.go:129.2,129.19 1 0
github.com/LCUstinian/FG-QiMen/internal/plugins/adapted/database/memcached/memcached.go:26.20,26.40 1 2
github.com/LCUstinian/FG-QiMen/internal/plugins/adapted/database/memcached/memcached.go:28.13,28.40 1 1
github.com/LCUstinian/FG-QiMen/internal/plugins/adapted/database/memcached/memcached.go:31.32,31.54 1 3
github.com/LCUstinian/FG-QiMen/internal/plugins/adapted/database/memcached/memcached.go:34.32,34.62 1 1
github.com/LCUstinian/FG-QiMen/internal/plugins/adapted/database/memcached/memcached.go:37.39,37.70 1 2
github.com/LCUstinian/FG-QiMen/internal/plugins/adapted/database/memcached/memcached.go:40.107,42.2 1 0
github.com/LCUstinian/FG-QiMen/internal/plugins/adapted/database/memcached/memcached.go:46.85,47.83 1 1
github.com/LCUstinian/FG-QiMen/internal/plugins/adapted/database/memcached/memcached.go:47.83,48.62 1 0
github.com/LCUstinian/FG-QiMen/internal/plugins/adapted/database/memcached/memcached.go:48.62,50.4 1 0
github.com/LCUstinian/FG-QiMen/internal/plugins/adapted/database/memcached/memcached.go:51.3,53.17 3 0
github.com/LCUstinian/FG-QiMen/internal/plugins/adapted/database/memcached/memcached.go:53.17,55.4 1 0
github.com/LCUstinian/FG-QiMen/internal/plugins/adapted/database/memcached/memcached.go:56.3,57.43 2 0
github.com/LCUstinian/FG-QiMen/internal/plugins/adapted/database/memcached/memcached.go:57.43,59.4 1 0
github.com/LCUstinian/FG-QiMen/internal/plugins/adapted/database/memcached/memcached.go:60.3,64.4 1 0
github.com/LCUstinian/FG-QiMen/internal/plugins/adapted/database/mongodb/mongodb.go:25.20,25.40 1 2
github.com/LCUstinian/FG-QiMen/internal/plugins/adapted/database/mongodb/mongodb.go:27.13,27.40 1 1
github.com/LCUstinian/FG-QiMen/internal/plugins/adapted/database/mongodb/mongodb.go:30.32,30.52 1 3
github.com/LCUstinian/FG-QiMen/internal/plugins/adapted/database/mongodb/mongodb.go:33.32,33.62 1 1
github.com/LCUstinian/FG-QiMen/internal/plugins/adapted/database/mongodb/mongodb.go:36.39,36.70 1 2
github.com/LCUstinian/FG-QiMen/internal/plugins/adapted/database/mongodb/mongodb.go:39.107,41.2 1 0
github.com/LCUstinian/FG-QiMen/internal/plugins/adapted/database/mongodb/mongodb.go:59.85,60.83 1 1
github.com/LCUstinian/FG-QiMen/internal/plugins/adapted/database/mongodb/mongodb.go:60.83,71.44 8 0
github.com/LCUstinian/FG-QiMen/internal/plugins/adapted/database/mongodb/mongodb.go:71.44,73.4 1 0
github.com/LCUstinian/FG-QiMen/internal/plugins/adapted/database/mongodb/mongodb.go:74.3,76.27 3 0
github.com/LCUstinian/FG-QiMen/internal/plugins/adapted/database/mongodb/mongodb.go:76.27,78.4 1 0
github.com/LCUstinian/FG-QiMen/internal/plugins/adapted/database/mongodb/mongodb.go:80.3,81.47 2 0
github.com/LCUstinian/FG-QiMen/internal/plugins/adapted/database/mongodb/mongodb.go:81.47,83.4 1 0
github.com/LCUstinian/FG-QiMen/internal/plugins/adapted/database/mongodb/mongodb.go:87.3,88.53 2 0
github.com/LCUstinian/FG-QiMen/internal/plugins/adapted/database/mongodb/mongodb.go:88.53,93.4 1 0
github.com/LCUstinian/FG-QiMen/internal/plugins/adapted/database/mongodb/mongodb.go:94.3,97.4 1 0
github.com/LCUstinian/FG-QiMen/internal/plugins/adapted/database/mongodb/mongodb.go:103.39,108.22 2 4
github.com/LCUstinian/FG-QiMen/internal/plugins/adapted/database/mongodb/mongodb.go:108.22,112.24 4 5
github.com/LCUstinian/FG-QiMen/internal/plugins/adapted/database/mongodb/mongodb.go:113.14,116.31 3 2
github.com/LCUstinian/FG-QiMen/internal/plugins/adapted/database/mongodb/mongodb.go:117.15,131.29 4 3
github.com/LCUstinian/FG-QiMen/internal/plugins/adapted/database/mongodb/mongodb.go:134.2,139.12 5 4
github.com/LCUstinian/FG-QiMen/internal/plugins/adapted/database/mongodb/mongodb.go:143.27,144.18 1 5
github.com/LCUstinian/FG-QiMen/internal/plugins/adapted/database/mongodb/mongodb.go:145.13,146.14 1 2
github.com/LCUstinian/FG-QiMen/internal/plugins/adapted/database/mongodb/mongodb.go:147.14,148.14 1 3
github.com/LCUstinian/FG-QiMen/internal/plugins/adapted/database/mongodb/mongodb.go:150.2,150.13 1 0
github.com/LCUstinian/FG-QiMen/internal/plugins/adapted/database/mongodb/mongodb.go:154.35,154.55 1 5
github.com/LCUstinian/FG-QiMen/internal/plugins/adapted/database/mongodb/mongodb.go:159.56,162.43 3 0
github.com/LCUstinian/FG-QiMen/internal/plugins/adapted/database/mongodb/mongodb.go:162.43,163.50 1 0
github.com/LCUstinian/FG-QiMen/internal/plugins/adapted/database/mongodb/mongodb.go:163.50,164.12 1 0
github.com/LCUstinian/FG-QiMen/internal/plugins/adapted/database/mongodb/mongodb.go:168.3,168.35 1 0
github.com/LCUstinian/FG-QiMen/internal/plugins/adapted/database/mongodb/mongodb.go:168.35,170.4 1 0
github.com/LCUstinian/FG-QiMen/internal/plugins/adapted/database/mongodb/mongodb.go:171.3,171.32 1 0
github.com/LCUstinian/FG-QiMen/internal/plugins/adapted/database/mongodb/mongodb.go:171.32,172.12 1 0
github.com/LCUstinian/FG-QiMen/internal/plugins/adapted/database/mongodb/mongodb.go:174.3,175.40 2 0
github.com/LCUstinian/FG-QiMen/internal/plugins/adapted/database/mongodb/mongodb.go:175.40,177.4 1 0
github.com/LCUstinian/FG-QiMen/internal/plugins/adapted/database/mongodb/mongodb.go:178.3,178.61 1 0
github.com/LCUstinian/FG-QiMen/internal/plugins/adapted/database/mongodb/mongodb.go:180.2,180.11 1 0
github.com/LCUstinian/FG-QiMen/internal/plugins/adapted/database/mssql/mssql.go:29.20,29.40 1 2
github.com/LCUstinian/FG-QiMen/internal/plugins/adapted/database/mssql/mssql.go:31.13,31.40 1 1
github.com/LCUstinian/FG-QiMen/internal/plugins/adapted/database/mssql/mssql.go:34.32,34.50 1 3
github.com/LCUstinian/FG-QiMen/internal/plugins/adapted/database/mssql/mssql.go:37.32,37.60 1 1
github.com/LCUstinian/FG-QiMen/internal/plugins/adapted/database/mssql/mssql.go:40.39,40.70 1 2
github.com/LCUstinian/FG-QiMen/internal/plugins/adapted/database/mssql/mssql.go:43.107,45.2 1 0
github.com/LCUstinian/FG-QiMen/internal/plugins/adapted/database/mssql/mssql.go:52.85,60.16 4 1
github.com/LCUstinian/FG-QiMen/internal/plugins/adapted/database/mssql/mssql.go:60.16,62.3 1 0
github.com/LCUstinian/FG-QiMen/internal/plugins/adapted/database/mssql/mssql.go:63.2,69.20 7 1
github.com/LCUstinian/FG-QiMen/internal/plugins/adapted/database/mssql/mssql.go:69.20,76.3 1 0
github.com/LCUstinian/FG-QiMen/internal/plugins/adapted/database/mssql/mssql.go:81.2,83.75 2 1
github.com/LCUstinian/FG-QiMen/internal/plugins/adapted/database/mssql/mssql.go:83.75,90.3 1 0
github.com/LCUstinian/FG-QiMen/internal/plugins/adapted/database/mssql/mssql.go:91.2,91.12 1 1
github.com/LCUstinian/FG-QiMen/internal/plugins/adapted/database/mssql/mssql.go:94.33,95.45 1 0
github.com/LCUstinian/FG-QiMen/internal/plugins/adapted/database/mssql/mssql.go:95.45,97.3 1 0
github.com/LCUstinian/FG-QiMen/internal/plugins/adapted/database/mssql/mssql.go:98.2,98.29 1 0
github.com/LCUstinian/FG-QiMen/internal/plugins/adapted/database/mysql/mysql.go:43.20,43.40 1 2
github.com/LCUstinian/FG-QiMen/internal/plugins/adapted/database/mysql/mysql.go:45.13,45.40 1 1
github.com/LCUstinian/FG-QiMen/internal/plugins/adapted/database/mysql/mysql.go:48.32,48.50 1 3
github.com/LCUstinian/FG-QiMen/internal/plugins/adapted/database/mysql/mysql.go:51.32,51.67 1 1
github.com/LCUstinian/FG-QiMen/internal/plugins/adapted/database/mysql/mysql.go:54.39,54.70 1 2
github.com/LCUstinian/FG-QiMen/internal/plugins/adapted/database/mysql/mysql.go:59.107,61.2 1 0
github.com/LCUstinian/FG-QiMen/internal/plugins/adapted/database/mysql/mysql.go:66.85,67.83 1 1
github.com/LCUstinian/FG-QiMen/internal/plugins/adapted/database/mysql/mysql.go:67.83,79.43 2 0
github.com/LCUstinian/FG-QiMen/internal/plugins/adapted/database/mysql/mysql.go:79.43,81.4 1 0
github.com/LCUstinian/FG-QiMen/internal/plugins/adapted/database/mysql/mysql.go:84.3,85.42 2 0
github.com/LCUstinian/FG-QiMen/internal/plugins/adapted/database/mysql/mysql.go:85.42,87.4 1 0
github.com/LCUstinian/FG-QiMen/internal/plugins/adapted/database/mysql/mysql.go:88.3,89.44 2 0
github.com/LCUstinian/FG-QiMen/internal/plugins/adapted/database/mysql/mysql.go:89.44,91.4 1 0
github.com/LCUstinian/FG-QiMen/internal/plugins/adapted/database/mysql/mysql.go:92.3,92.22 1 0
github.com/LCUstinian/FG-QiMen/internal/plugins/adapted/database/mysql/mysql.go:92.22,97.4 1 0
github.com/LCUstinian/FG-QiMen/internal/plugins/adapted/database/mysql/mysql.go:100.3,101.17 2 0
github.com/LCUstinian/FG-QiMen/internal/plugins/adapted/database/mysql/mysql.go:101.17,103.4 1 0
github.com/LCUstinian/FG-QiMen/internal/plugins/adapted/database/mysql/mysql.go:104.3,111.35 3 0
github.com/LCUstinian/FG-QiMen/internal/plugins/adapted/database/mysql/mysql.go:111.35,113.4 1 0
github.com/LCUstinian/FG-QiMen/internal/plugins/adapted/database/mysql/mysql.go:114.3,121.38 3 0
github.com/LCUstinian/FG-QiMen/internal/plugins/adapted/database/mysql/mysql.go:121.38,123.4 1 0
github.com/LCUstinian/FG-QiMen/internal/plugins/adapted/database/mysql/mysql.go:124.3,133.54 4 0
github.com/LCUstinian/FG-QiMen/internal/plugins/adapted/database/mysql/mysql.go:133.54,135.15 2 0
github.com/LCUstinian/FG-QiMen/internal/plugins/adapted/database/mysql/mysql.go:135.15,137.5 1 0
github.com/LCUstinian/FG-QiMen/internal/plugins/adapted/database/mysql/mysql.go:139.3,145.4 1 0
github.com/LCUstinian/FG-QiMen/internal/plugins/adapted/database/oracle/oracle.go:62.20,62.40 1 2
github.com/LCUstinian/FG-QiMen/internal/plugins/adapted/database/oracle/oracle.go:64.13,64.40 1 1
github.com/LCUstinian/FG-QiMen/internal/plugins/adapted/database/oracle/oracle.go:67.32,67.51 1 3
github.com/LCUstinian/FG-QiMen/internal/plugins/adapted/database/oracle/oracle.go:70.32,70.66 1 1
github.com/LCUstinian/FG-QiMen/internal/plugins/adapted/database/oracle/oracle.go:73.39,73.95 1 2
github.com/LCUstinian/FG-QiMen/internal/plugins/adapted/database/oracle/oracle.go:76.107,78.2 1 1
github.com/LCUstinian/FG-QiMen/internal/plugins/adapted/database/oracle/oracle.go:82.85,86.16 4 1
github.com/LCUstinian/FG-QiMen/internal/plugins/adapted/database/oracle/oracle.go:86.16,88.3 1 1
github.com/LCUstinian/FG-QiMen/internal/plugins/adapted/database/oracle/oracle.go:89.2,96.43 4 0
github.com/LCUstinian/FG-QiMen/internal/plugins/adapted/database/oracle/oracle.go:96.43,98.3 1 0
github.com/LCUstinian/FG-QiMen/internal/plugins/adapted/database/oracle/oracle.go:105.2,106.47 2 0
github.com/LCUstinian/FG-QiMen/internal/plugins/adapted/database/oracle/oracle.go:106.47,108.3 1 0
github.com/LCUstinian/FG-QiMen/internal/plugins/adapted/database/oracle/oracle.go:109.2,110.36 2 0
github.com/LCUstinian/FG-QiMen/internal/plugins/adapted/database/oracle/oracle.go:110.36,115.3 1 0
github.com/LCUstinian/FG-QiMen/internal/plugins/adapted/database/oracle/oracle.go:116.2,116.36 1 0
github.com/LCUstinian/FG-QiMen/internal/plugins/adapted/database/oracle/oracle.go:116.36,124.3 1 0
github.com/LCUstinian/FG-QiMen/internal/plugins/adapted/database/oracle/oracle.go:125.2,125.12 1 0
github.com/LCUstinian/FG-QiMen/internal/plugins/adapted/database/oracle/oracle.go:131.45,173.2 30 0
github.com/LCUstinian/FG-QiMen/internal/plugins/adapted/database/oracle/oracle.go:175.52,177.23 2 0
github.com/LCUstinian/FG-QiMen/internal/plugins/adapted/database/oracle/oracle.go:177.23,180.17 3 0
github.com/LCUstinian/FG-QiMen/internal/plugins/adapted/database/oracle/oracle.go:180.17,182.4 1 0
github.com/LCUstinian/FG-QiMen/internal/plugins/adapted/database/oracle/oracle.go:184.2,184.19 1 0
github.com/LCUstinian/FG-QiMen/internal/plugins/adapted/database/postgresql/postgresql.go:26.20,26.40 1 2
github.com/LCUstinian/FG-QiMen/internal/plugins/adapted/database/postgresql/postgresql.go:28.13,28.40 1 1
github.com/LCUstinian/FG-QiMen/internal/plugins/adapted/database/postgresql/postgresql.go:31.32,31.55 1 3
github.com/LCUstinian/FG-QiMen/internal/plugins/adapted/database/postgresql/postgresql.go:34.32,34.60 1 1
github.com/LCUstinian/FG-QiMen/internal/plugins/adapted/database/postgresql/postgresql.go:46.39,46.95 1 2
github.com/LCUstinian/FG-QiMen/internal/plugins/adapted/database/postgresql/postgresql.go:49.107,51.2 1 1
github.com/LCUstinian/FG-QiMen/internal/plugins/adapted/database/postgresql/postgresql.go:62.85,63.83 1 1
github.com/LCUstinian/FG-QiMen/internal/plugins/adapted/database/postgresql/postgresql.go:63.83,73.45 8 0
github.com/LCUstinian/FG-QiMen/internal/plugins/adapted/database/postgresql/postgresql.go:73.45,75.4 1 0
github.com/LCUstinian/FG-QiMen/internal/plugins/adapted/database/postgresql/postgresql.go:76.3,78.26 3 0
github.com/LCUstinian/FG-QiMen/internal/plugins/adapted/database/postgresql/postgresql.go:78.26,80.4 1 0
github.com/LCUstinian/FG-QiMen/internal/plugins/adapted/database/postgresql/postgresql.go:81.3,81.18 1 0
github.com/LCUstinian/FG-QiMen/internal/plugins/adapted/database/postgresql/postgresql.go:82.12,91.5 1 0
github.com/LCUstinian/FG-QiMen/internal/plugins/adapted/database/postgresql/postgresql.go:92.12,99.5 1 0
github.com/LCUstinian/FG-QiMen/internal/plugins/adapted/database/postgresql/postgresql.go:101.3,101.13 1 0
github.com/LCUstinian/FG-QiMen/internal/plugins/adapted/database/redis/redis.go:27.20,27.40 1 2
github.com/LCUstinian/FG-QiMen/internal/plugins/adapted/database/redis/redis.go:29.13,29.40 1 1
github.com/LCUstinian/FG-QiMen/internal/plugins/adapted/database/redis/redis.go:32.32,32.50 1 3
github.com/LCUstinian/FG-QiMen/internal/plugins/adapted/database/redis/redis.go:35.32,35.60 1 1
github.com/LCUstinian/FG-QiMen/internal/plugins/adapted/database/redis/redis.go:38.39,38.70 1 2
github.com/LCUstinian/FG-QiMen/internal/plugins/adapted/database/redis/redis.go:43.107,45.2 1 0
github.com/LCUstinian/FG-QiMen/internal/plugins/adapted/database/redis/redis.go:48.85,49.83 1 1
github.com/LCUstinian/FG-QiMen/internal/plugins/adapted/database/redis/redis.go:49.83,50.59 1 0
github.com/LCUstinian/FG-QiMen/internal/plugins/adapted/database/redis/redis.go:50.59,52.4 1 0
github.com/LCUstinian/FG-QiMen/internal/plugins/adapted/database/redis/redis.go:53.3,55.27 3 0
github.com/LCUstinian/FG-QiMen/internal/plugins/adapted/database/redis/redis.go:55.27,57.4 1 0
github.com/LCUstinian/FG-QiMen/internal/plugins/adapted/database/redis/redis.go:58.3,59.79 2 0
github.com/LCUstinian/FG-QiMen/internal/plugins/adapted/database/redis/redis.go:59.79,61.4 1 0
github.com/LCUstinian/FG-QiMen/internal/plugins/adapted/database/redis/redis.go:62.3,65.4 1 0
github.com/LCUstinian/FG-QiMen/internal/plugins/adapted/email/imap/imap.go:30.20,30.40 1 2
github.com/LCUstinian/FG-QiMen/internal/plugins/adapted/email/imap/imap.go:32.13,32.40 1 1
github.com/LCUstinian/FG-QiMen/internal/plugins/adapted/email/imap/imap.go:35.32,35.49 1 3
github.com/LCUstinian/FG-QiMen/internal/plugins/adapted/email/imap/imap.go:38.32,38.58 1 1
github.com/LCUstinian/FG-QiMen/internal/plugins/adapted/email/imap/imap.go:41.39,41.95 1 2
github.com/LCUstinian/FG-QiMen/internal/plugins/adapted/email/imap/imap.go:44.107,46.2 1 1
github.com/LCUstinian/FG-QiMen/internal/plugins/adapted/email/imap/imap.go:49.85,53.16 4 1
github.com/LCUstinian/FG-QiMen/internal/plugins/adapted/email/imap/imap.go:53.16,55.3 1 1
github.com/LCUstinian/FG-QiMen/internal/plugins/adapted/email/imap/imap.go:56.2,60.16 5 0
github.com/LCUstinian/FG-QiMen/internal/plugins/adapted/email/imap/imap.go:60.16,62.3 1 0
github.com/LCUstinian/FG-QiMen/internal/plugins/adapted/email/imap/imap.go:63.2,64.38 2 0
github.com/LCUstinian/FG-QiMen/internal/plugins/adapted/email/imap/imap.go:64.38,66.3 1 0
github.com/LCUstinian/FG-QiMen/internal/plugins/adapted/email/imap/imap.go:67.2,70.3 1 0
github.com/LCUstinian/FG-QiMen/internal/plugins/adapted/email/pop3/pop3.go:27.20,27.40 1 2
github.com/LCUstinian/FG-QiMen/internal/plugins/adapted/email/pop3/pop3.go:29.13,29.40 1 1
github.com/LCUstinian/FG-QiMen/internal/plugins/adapted/email/pop3/pop3.go:32.32,32.49 1 3
github.com/LCUstinian/FG-QiMen/internal/plugins/adapted/email/pop3/pop3.go:35.32,35.58 1 1
github.com/LCUstinian/FG-QiMen/internal/plugins/adapted/email/pop3/pop3.go:38.39,38.95 1 2
github.com/LCUstinian/FG-QiMen/internal/plugins/adapted/email/pop3/pop3.go:41.107,43.2 1 1
github.com/LCUstinian/FG-QiMen/internal/plugins/adapted/email/pop3/pop3.go:46.85,50.16 4 1
github.com/LCUstinian/FG-QiMen/internal/plugins/adapted/email/pop3/pop3.go:50.16,52.3 1 1
github.com/LCUstinian/FG-QiMen/internal/plugins/adapted/email/pop3/pop3.go:53.2,57.16 5 0
github.com/LCUstinian/FG-QiMen/internal/plugins/adapted/email/pop3/pop3.go:57.16,59.3 1 0
github.com/LCUstinian/FG-QiMen/internal/plugins/adapted/email/pop3/pop3.go:60.2,61.37 2 0
github.com/LCUstinian/FG-QiMen/internal/plugins/adapted/email/pop3/pop3.go:61.37,63.3 1 0
github.com/LCUstinian/FG-QiMen/internal/plugins/adapted/email/pop3/pop3.go:64.2,67.3 1 0
github.com/LCUstinian/FG-QiMen/internal/plugins/adapted/email/smtp/smtp.go:26.20,26.40 1 2
github.com/LCUstinian/FG-QiMen/internal/plugins/adapted/email/smtp/smtp.go:28.13,28.40 1 1
github.com/LCUstinian/FG-QiMen/internal/plugins/adapted/email/smtp/smtp.go:31.32,31.49 1 3
github.com/LCUstinian/FG-QiMen/internal/plugins/adapted/email/smtp/smtp.go:34.32,34.68 1 1
github.com/LCUstinian/FG-QiMen/internal/plugins/adapted/email/smtp/smtp.go:37.39,37.70 1 2
github.com/LCUstinian/FG-QiMen/internal/plugins/adapted/email/smtp/smtp.go:40.107,42.2 1 0
github.com/LCUstinian/FG-QiMen/internal/plugins/adapted/email/smtp/smtp.go:49.85,53.16 4 1
github.com/LCUstinian/FG-QiMen/internal/plugins/adapted/email/smtp/smtp.go:53.16,55.3 1 1
github.com/LCUstinian/FG-QiMen/internal/plugins/adapted/email/smtp/smtp.go:56.2,60.16 4 0
github.com/LCUstinian/FG-QiMen/internal/plugins/adapted/email/smtp/smtp.go:60.16,65.63 4 0
github.com/LCUstinian/FG-QiMen/internal/plugins/adapted/email/smtp/smtp.go:65.63,67.4 1 0
github.com/LCUstinian/FG-QiMen/internal/plugins/adapted/email/smtp/smtp.go:68.3,71.4 1 0
github.com/LCUstinian/FG-QiMen/internal/plugins/adapted/email/smtp/smtp.go:73.2,74.50 2 0
github.com/LCUstinian/FG-QiMen/internal/plugins/adapted/email/smtp/smtp.go:74.50,76.3 1 0
github.com/LCUstinian/FG-QiMen/internal/plugins/adapted/email/smtp/smtp.go:82.2,85.3 1 0
github.com/LCUstinian/FG-QiMen/internal/plugins/adapted/email/smtp/smtp.go:88.28,90.87 1 0
github.com/LCUstinian/FG-QiMen/internal/plugins/adapted/email/smtp/smtp.go:90.87,92.3 1 0
github.com/LCUstinian/FG-QiMen/internal/plugins/adapted/email/smtp/smtp.go:93.2,93.10 1 0
github.com/LCUstinian/FG-QiMen/internal/plugins/adapted/filestorage/ftp/ftp.go:33.20,33.40 1 2
github.com/LCUstinian/FG-QiMen/internal/plugins/adapted/filestorage/ftp/ftp.go:35.13,35.40 1 1
github.com/LCUstinian/FG-QiMen/internal/plugins/adapted/filestorage/ftp/ftp.go:38.32,38.48 1 3
github.com/LCUstinian/FG-QiMen/internal/plugins/adapted/filestorage/ftp/ftp.go:41.32,41.58 1 1
github.com/LCUstinian/FG-QiMen/internal/plugins/adapted/filestorage/ftp/ftp.go:44.39,44.70 1 2
github.com/LCUstinian/FG-QiMen/internal/plugins/adapted/filestorage/ftp/ftp.go:49.107,51.2 1 0
github.com/LCUstinian/FG-QiMen/internal/plugins/adapted/filestorage/ftp/ftp.go:57.85,58.83 1 1
github.com/LCUstinian/FG-QiMen/internal/plugins/adapted/filestorage/ftp/ftp.go:58.83,61.17 3 0
github.com/LCUstinian/FG-QiMen/internal/plugins/adapted/filestorage/ftp/ftp.go:61.17,63.4 1 0
github.com/LCUstinian/FG-QiMen/internal/plugins/adapted/filestorage/ftp/ftp.go:64.3,66.39 2 0
github.com/LCUstinian/FG-QiMen/internal/plugins/adapted/filestorage/ftp/ftp.go:66.39,70.40 1 0
github.com/LCUstinian/FG-QiMen/internal/plugins/adapted/filestorage/ftp/ftp.go:70.40,72.5 1 0
github.com/LCUstinian/FG-QiMen/internal/plugins/adapted/filestorage/ftp/ftp.go:76.4,76.8 1 0
github.com/LCUstinian/FG-QiMen/internal/plugins/adapted/filestorage/ftp/ftp.go:76.8,78.19 2 0
github.com/LCUstinian/FG-QiMen/internal/plugins/adapted/filestorage/ftp/ftp.go:78.19,80.6 1 0
github.com/LCUstinian/FG-QiMen/internal/plugins/adapted/filestorage/ftp/ftp.go:81.5,82.40 2 0
github.com/LCUstinian/FG-QiMen/internal/plugins/adapted/filestorage/ftp/ftp.go:82.40,84.11 2 0
github.com/LCUstinian/FG-QiMen/internal/plugins/adapted/filestorage/ftp/ftp.go:90.3,101.4 5 0
github.com/LCUstinian/FG-QiMen/internal/plugins/adapted/filestorage/ftp/ftp.go:107.37,109.9 2 0
github.com/LCUstinian/FG-QiMen/internal/plugins/adapted/filestorage/ftp/ftp.go:110.37,111.18 1 0
github.com/LCUstinian/FG-QiMen/internal/plugins/adapted/filestorage/ftp/ftp.go:112.38,113.19 1 0
github.com/LCUstinian/FG-QiMen/internal/plugins/adapted/filestorage/ftp/ftp.go:114.40,115.21 1 0
github.com/LCUstinian/FG-QiMen/internal/plugins/adapted/filestorage/ftp/ftp.go:116.40,117.21 1 0
github.com/LCUstinian/FG-QiMen/internal/plugins/adapted/filestorage/ftp/ftp.go:118.40,119.19 1 0
github.com/LCUstinian/FG-QiMen/internal/plugins/adapted/filestorage/ftp/ftp.go:120.37,121.19 1 0
github.com/LCUstinian/FG-QiMen/internal/plugins/adapted/filestorage/ftp/ftp.go:122.37,123.18 1 0
github.com/LCUstinian/FG-QiMen/internal/plugins/adapted/filestorage/ftp/ftp.go:124.10,125.19 1 0
github.com/LCUstinian/FG-QiMen/internal/plugins/adapted/filestorage/ftp/ftp.go:131.39,132.17 1 0
github.com/LCUstinian/FG-QiMen/internal/plugins/adapted/filestorage/ftp/ftp.go:132.17,134.3 1 0
github.com/LCUstinian/FG-QiMen/internal/plugins/adapted/filestorage/ftp/ftp.go:135.2,135.22 1 0
github.com/LCUstinian/FG-QiMen/internal/plugins/adapted/filestorage/rsync/rsync.go:29.20,29.40 1 2
github.com/LCUstinian/FG-QiMen/internal/plugins/adapted/filestorage/rsync/rsync.go:31.13,31.40 1 1
github.com/LCUstinian/FG-QiMen/internal/plugins/adapted/filestorage/rsync/rsync.go:34.32,34.50 1 3
github.com/LCUstinian/FG-QiMen/internal/plugins/adapted/filestorage/rsync/rsync.go:37.32,37.59 1 1
github.com/LCUstinian/FG-QiMen/internal/plugins/adapted/filestorage/rsync/rsync.go:40.39,40.95 1 2
github.com/LCUstinian/FG-QiMen/internal/plugins/adapted/filestorage/rsync/rsync.go:43.107,45.2 1 1
github.com/LCUstinian/FG-QiMen/internal/plugins/adapted/filestorage/rsync/rsync.go:48.85,52.16 4 1
github.com/LCUstinian/FG-QiMen/internal/plugins/adapted/filestorage/rsync/rsync.go:52.16,54.3 1 1
github.com/LCUstinian/FG-QiMen/internal/plugins/adapted/filestorage/rsync/rsync.go:55.2,59.16 5 0
github.com/LCUstinian/FG-QiMen/internal/plugins/adapted/filestorage/rsync/rsync.go:59.16,61.3 1 0
github.com/LCUstinian/FG-QiMen/internal/plugins/adapted/filestorage/rsync/rsync.go:62.2,63.42 2 0
github.com/LCUstinian/FG-QiMen/internal/plugins/adapted/filestorage/rsync/rsync.go:63.42,65.3 1 0
github.com/LCUstinian/FG-QiMen/internal/plugins/adapted/filestorage/rsync/rsync.go:66.2,70.3 1 0
github.com/LCUstinian/FG-QiMen/internal/plugins/adapted/filestorage/nfs/nfs.go:26.20,26.40 1 2
github.com/LCUstinian/FG-QiMen/internal/plugins/adapted/filestorage/nfs/nfs.go:28.13,28.40 1 1
github.com/LCUstinian/FG-QiMen/internal/plugins/adapted/filestorage/nfs/nfs.go:31.32,31.48 1 3
github.com/LCUstinian/FG-QiMen/internal/plugins/adapted/filestorage/nfs/nfs.go:34.32,34.54 1 1
github.com/LCUstinian/FG-QiMen/internal/plugins/adapted/filestorage/nfs/nfs.go:37.39,37.95 1 2
github.com/LCUstinian/FG-QiMen/internal/plugins/adapted/filestorage/nfs/nfs.go:40.107,42.2 1 1
github.com/LCUstinian/FG-QiMen/internal/plugins/adapted/filestorage/nfs/nfs.go:45.85,49.16 4 1
github.com/LCUstinian/FG-QiMen/internal/plugins/adapted/filestorage/nfs/nfs.go:49.16,51.3 1 1
github.com/LCUstinian/FG-QiMen/internal/plugins/adapted/filestorage/nfs/nfs.go:52.2,71.44 18 0
github.com/LCUstinian/FG-QiMen/internal/plugins/adapted/filestorage/nfs/nfs.go:71.44,73.3 1 0
github.com/LCUstinian/FG-QiMen/internal/plugins/adapted/filestorage/nfs/nfs.go:74.2,75.51 2 0
github.com/LCUstinian/FG-QiMen/internal/plugins/adapted/filestorage/nfs/nfs.go:75.51,77.3 1 0
github.com/LCUstinian/FG-QiMen/internal/plugins/adapted/filestorage/nfs/nfs.go:78.2,78.35 1 0
github.com/LCUstinian/FG-QiMen/internal/plugins/adapted/filestorage/nfs/nfs.go:78.35,80.3 1 0
github.com/LCUstinian/FG-QiMen/internal/plugins/adapted/filestorage/nfs/nfs.go:81.2,84.3 1 0
github.com/LCUstinian/FG-QiMen/internal/plugins/adapted/filestorage/nfs/nfs.go:87.56,89.23 2 0
github.com/LCUstinian/FG-QiMen/internal/plugins/adapted/filestorage/nfs/nfs.go:89.23,92.17 3 0
github.com/LCUstinian/FG-QiMen/internal/plugins/adapted/filestorage/nfs/nfs.go:92.17,94.4 1 0
github.com/LCUstinian/FG-QiMen/internal/plugins/adapted/filestorage/nfs/nfs.go:96.2,96.19 1 0
github.com/LCUstinian/FG-QiMen/internal/plugins/adapted/filestorage/smb/smb.go:30.20,30.40 1 2
github.com/LCUstinian/FG-QiMen/internal/plugins/adapted/filestorage/smb/smb.go:32.13,32.40 1 1
github.com/LCUstinian/FG-QiMen/internal/plugins/adapted/filestorage/smb/smb.go:35.32,35.48 1 3
github.com/LCUstinian/FG-QiMen/internal/plugins/adapted/filestorage/smb/smb.go:38.32,38.58 1 1
github.com/LCUstinian/FG-QiMen/internal/plugins/adapted/filestorage/smb/smb.go:41.39,41.70 1 2
github.com/LCUstinian/FG-QiMen/internal/plugins/adapted/filestorage/smb/smb.go:44.107,46.2 1 0
github.com/LCUstinian/FG-QiMen/internal/plugins/adapted/filestorage/smb/smb.go:50.85,54.16 4 1
github.com/LCUstinian/FG-QiMen/internal/plugins/adapted/filestorage/smb/smb.go:54.16,56.3 1 1
github.com/LCUstinian/FG-QiMen/internal/plugins/adapted/filestorage/smb/smb.go:57.2,75.49 4 0
github.com/LCUstinian/FG-QiMen/internal/plugins/adapted/filestorage/smb/smb.go:75.49,77.3 1 0
github.com/LCUstinian/FG-QiMen/internal/plugins/adapted/filestorage/smb/smb.go:78.2,80.11 3 0
github.com/LCUstinian/FG-QiMen/internal/plugins/adapted/filestorage/smb/smb.go:80.11,82.3 1 0
github.com/LCUstinian/FG-QiMen/internal/plugins/adapted/filestorage/smb/smb.go:85.2,85.27 1 0
github.com/LCUstinian/FG-QiMen/internal/plugins/adapted/filestorage/smb/smb.go:85.27,86.56 1 0
github.com/LCUstinian/FG-QiMen/internal/plugins/adapted/filestorage/smb/smb.go:86.56,91.4 1 0
github.com/LCUstinian/FG-QiMen/internal/plugins/adapted/filestorage/smb/smb.go:92.3,92.35 1 0
github.com/LCUstinian/FG-QiMen/internal/plugins/adapted/filestorage/smb/smb.go:92.35,94.55 2 0
github.com/LCUstinian/FG-QiMen/internal/plugins/adapted/filestorage/smb/smb.go:94.55,99.5 1 0
github.com/LCUstinian/FG-QiMen/internal/plugins/adapted/filestorage/smb/smb.go:102.2,102.12 1 0
github.com/LCUstinian/FG-QiMen/internal/plugins/adapted/messaging/activemq/activemq.go:29.20,29.40 1 2
github.com/LCUstinian/FG-QiMen/internal/plugins/adapted/messaging/activemq/activemq.go:31.13,31.40 1 1
github.com/LCUstinian/FG-QiMen/internal/plugins/adapted/messaging/activemq/activemq.go:34.32,34.53 1 3
github.com/LCUstinian/FG-QiMen/internal/plugins/adapted/messaging/activemq/activemq.go:38.32,38.55 1 1
github.com/LCUstinian/FG-QiMen/internal/plugins/adapted/messaging/activemq/activemq.go:41.39,41.70 1 2
github.com/LCUstinian/FG-QiMen/internal/plugins/adapted/messaging/activemq/activemq.go:44.107,46.2 1 0
github.com/LCUstinian/FG-QiMen/internal/plugins/adapted/messaging/activemq/activemq.go:50.85,51.83 1 1
github.com/LCUstinian/FG-QiMen/internal/plugins/adapted/messaging/activemq/activemq.go:51.83,61.26 4 0
github.com/LCUstinian/FG-QiMen/internal/plugins/adapted/messaging/activemq/activemq.go:61.26,63.4 1 0
github.com/LCUstinian/FG-QiMen/internal/plugins/adapted/messaging/activemq/activemq.go:69.3,69.80 1 0
github.com/LCUstinian/FG-QiMen/internal/plugins/adapted/messaging/activemq/activemq.go:69.80,80.4 3 0
github.com/LCUstinian/FG-QiMen/internal/plugins/adapted/messaging/activemq/activemq.go:81.3,81.13 1 0
github.com/LCUstinian/FG-QiMen/internal/plugins/adapted/messaging/kafka/kafka.go:31.20,31.40 1 2
github.com/LCUstinian/FG-QiMen/internal/plugins/adapted/messaging/kafka/kafka.go:33.13,33.40 1 1
github.com/LCUstinian/FG-QiMen/internal/plugins/adapted/messaging/kafka/kafka.go:36.32,36.50 1 3
github.com/LCUstinian/FG-QiMen/internal/plugins/adapted/messaging/kafka/kafka.go:39.32,39.54 1 1
github.com/LCUstinian/FG-QiMen/internal/plugins/adapted/messaging/kafka/kafka.go:42.39,42.70 1 2
github.com/LCUstinian/FG-QiMen/internal/plugins/adapted/messaging/kafka/kafka.go:45.107,47.2 1 0
github.com/LCUstinian/FG-QiMen/internal/plugins/adapted/messaging/kafka/kafka.go:51.85,52.83 1 1
github.com/LCUstinian/FG-QiMen/internal/plugins/adapted/messaging/kafka/kafka.go:52.83,67.45 11 0
github.com/LCUstinian/FG-QiMen/internal/plugins/adapted/messaging/kafka/kafka.go:67.45,69.4 1 0
github.com/LCUstinian/FG-QiMen/internal/plugins/adapted/messaging/kafka/kafka.go:73.3,74.43 2 0
github.com/LCUstinian/FG-QiMen/internal/plugins/adapted/messaging/kafka/kafka.go:74.43,76.4 1 0
github.com/LCUstinian/FG-QiMen/internal/plugins/adapted/messaging/kafka/kafka.go:77.3,78.37 2 0
github.com/LCUstinian/FG-QiMen/internal/plugins/adapted/messaging/kafka/kafka.go:78.37,80.4 1 0
github.com/LCUstinian/FG-QiMen/internal/plugins/adapted/messaging/kafka/kafka.go:81.3,95.4 3 0
github.com/LCUstinian/FG-QiMen/internal/plugins/adapted/messaging/kafka/kafka.go:99.25,100.12 1 0
github.com/LCUstinian/FG-QiMen/internal/plugins/adapted/messaging/kafka/kafka.go:100.12,102.3 1 0
github.com/LCUstinian/FG-QiMen/internal/plugins/adapted/messaging/kafka/kafka.go:103.2,105.12 3 0
github.com/LCUstinian/FG-QiMen/internal/plugins/adapted/messaging/kafka/kafka.go:105.12,109.3 3 0
github.com/LCUstinian/FG-QiMen/internal/plugins/adapted/messaging/kafka/kafka.go:110.2,110.22 1 0
github.com/LCUstinian/FG-QiMen/internal/plugins/adapted/messaging/mqtt/mqtt.go:50.20,50.40 1 7
github.com/LCUstinian/FG-QiMen/internal/plugins/adapted/messaging/mqtt/mqtt.go:52.13,52.40 1 1
github.com/LCUstinian/FG-QiMen/internal/plugins/adapted/messaging/mqtt/mqtt.go:55.32,55.49 1 3
github.com/LCUstinian/FG-QiMen/internal/plugins/adapted/messaging/mqtt/mqtt.go:61.32,61.60 1 1
github.com/LCUstinian/FG-QiMen/internal/plugins/adapted/messaging/mqtt/mqtt.go:68.39,68.70 1 0
github.com/LCUstinian/FG-QiMen/internal/plugins/adapted/messaging/mqtt/mqtt.go:71.107,73.2 1 0
github.com/LCUstinian/FG-QiMen/internal/plugins/adapted/messaging/mqtt/mqtt.go:77.85,79.2 1 5
github.com/LCUstinian/FG-QiMen/internal/plugins/adapted/messaging/mqtt/mqtt.go:84.48,118.21 11 4
github.com/LCUstinian/FG-QiMen/internal/plugins/adapted/messaging/mqtt/mqtt.go:118.21,126.3 1 0
github.com/LCUstinian/FG-QiMen/internal/plugins/adapted/messaging/mqtt/mqtt.go:127.2,133.45 6 4
github.com/LCUstinian/FG-QiMen/internal/plugins/adapted/messaging/mqtt/mqtt.go:133.45,135.3 1 0
github.com/LCUstinian/FG-QiMen/internal/plugins/adapted/messaging/mqtt/mqtt.go:143.2,144.51 2 4
github.com/LCUstinian/FG-QiMen/internal/plugins/adapted/messaging/mqtt/mqtt.go:144.51,146.3 1 1
github.com/LCUstinian/FG-QiMen/internal/plugins/adapted/messaging/mqtt/mqtt.go:147.2,147.20 1 3
github.com/LCUstinian/FG-QiMen/internal/plugins/adapted/messaging/mqtt/mqtt.go:147.20,150.3 1 1
github.com/LCUstinian/FG-QiMen/internal/plugins/adapted/messaging/mqtt/mqtt.go:151.2,151.20 1 2
github.com/LCUstinian/FG-QiMen/internal/plugins/adapted/messaging/mqtt/mqtt.go:151.20,155.3 1 0
github.com/LCUstinian/FG-QiMen/internal/plugins/adapted/messaging/mqtt/mqtt.go:162.2,163.21 2 2
github.com/LCUstinian/FG-QiMen/internal/plugins/adapted/messaging/mqtt/mqtt.go:163.21,165.3 1 1
github.com/LCUstinian/FG-QiMen/internal/plugins/adapted/messaging/mqtt/mqtt.go:166.2,172.3 1 1
github.com/LCUstinian/FG-QiMen/internal/plugins/adapted/messaging/mqtt/mqtt.go:179.59,181.23 2 4
github.com/LCUstinian/FG-QiMen/internal/plugins/adapted/messaging/mqtt/mqtt.go:181.23,184.17 3 4
github.com/LCUstinian/FG-QiMen/internal/plugins/adapted/messaging/mqtt/mqtt.go:184.17,186.4 1 1
github.com/LCUstinian/FG-QiMen/internal/plugins/adapted/messaging/mqtt/mqtt.go:188.2,188.19 1 3
github.com/LCUstinian/FG-QiMen/internal/plugins/adapted/messaging/rabbitmq/rabbitmq.go:30.20,30.40 1 2
github.com/LCUstinian/FG-QiMen/internal/plugins/adapted/messaging/rabbitmq/rabbitmq.go:32.13,32.40 1 1
github.com/LCUstinian/FG-QiMen/internal/plugins/adapted/messaging/rabbitmq/rabbitmq.go:35.32,35.53 1 3
github.com/LCUstinian/FG-QiMen/internal/plugins/adapted/messaging/rabbitmq/rabbitmq.go:38.32,38.54 1 1
github.com/LCUstinian/FG-QiMen/internal/plugins/adapted/messaging/rabbitmq/rabbitmq.go:41.39,41.95 1 2
github.com/LCUstinian/FG-QiMen/internal/plugins/adapted/messaging/rabbitmq/rabbitmq.go:44.107,46.2 1 1
github.com/LCUstinian/FG-QiMen/internal/plugins/adapted/messaging/rabbitmq/rabbitmq.go:50.85,54.16 4 1
github.com/LCUstinian/FG-QiMen/internal/plugins/adapted/messaging/rabbitmq/rabbitmq.go:54.16,56.3 1 1
github.com/LCUstinian/FG-QiMen/internal/plugins/adapted/messaging/rabbitmq/rabbitmq.go:57.2,60.70 3 0
github.com/LCUstinian/FG-QiMen/internal/plugins/adapted/messaging/rabbitmq/rabbitmq.go:60.70,62.3 1 0
github.com/LCUstinian/FG-QiMen/internal/plugins/adapted/messaging/rabbitmq/rabbitmq.go:64.2,65.51 2 0
github.com/LCUstinian/FG-QiMen/internal/plugins/adapted/messaging/rabbitmq/rabbitmq.go:65.51,67.3 1 0
github.com/LCUstinian/FG-QiMen/internal/plugins/adapted/messaging/rabbitmq/rabbitmq.go:68.2,69.15 2 0
github.com/LCUstinian/FG-QiMen/internal/plugins/adapted/messaging/rabbitmq/rabbitmq.go:69.15,71.3 1 0
github.com/LCUstinian/FG-QiMen/internal/plugins/adapted/messaging/rabbitmq/rabbitmq.go:72.2,73.52 2 0
github.com/LCUstinian/FG-QiMen/internal/plugins/adapted/messaging/rabbitmq/rabbitmq.go:73.52,75.3 1 0
github.com/LCUstinian/FG-QiMen/internal/plugins/adapted/messaging/rabbitmq/rabbitmq.go:78.2,78.19 1 0
github.com/LCUstinian/FG-QiMen/internal/plugins/adapted/messaging/rabbitmq/rabbitmq.go:78.19,80.3 1 0
github.com/LCUstinian/FG-QiMen/internal/plugins/adapted/messaging/rabbitmq/rabbitmq.go:81.2,83.41 3 0
github.com/LCUstinian/FG-QiMen/internal/plugins/adapted/messaging/rabbitmq/rabbitmq.go:83.41,85.3 1 0
github.com/LCUstinian/FG-QiMen/internal/plugins/adapted/messaging/rabbitmq/rabbitmq.go:86.2,89.3 1 0
github.com/LCUstinian/FG-QiMen/internal/plugins/adapted/messaging/rabbitmq/rabbitmq.go:92.56,94.23 2 0
github.com/LCUstinian/FG-QiMen/internal/plugins/adapted/messaging/rabbitmq/rabbitmq.go:94.23,97.17 3 0
github.com/LCUstinian/FG-QiMen/internal/plugins/adapted/messaging/rabbitmq/rabbitmq.go:97.17,99.4 1 0
github.com/LCUstinian/FG-QiMen/internal/plugins/adapted/messaging/rabbitmq/rabbitmq.go:101.2,101.19 1 0
github.com/LCUstinian/FG-QiMen/internal/plugins/adapted/messaging/rocketmq/rocketmq.go:33.20,33.40 1 2
github.com/LCUstinian/FG-QiMen/internal/plugins/adapted/messaging/rocketmq/rocketmq.go:35.13,35.40 1 1
github.com/LCUstinian/FG-QiMen/internal/plugins/adapted/messaging/rocketmq/rocketmq.go:38.32,38.53 1 3
github.com/LCUstinian/FG-QiMen/internal/plugins/adapted/messaging/rocketmq/rocketmq.go:42.32,42.54 1 1
github.com/LCUstinian/FG-QiMen/internal/plugins/adapted/messaging/rocketmq/rocketmq.go:45.39,45.70 1 2
github.com/LCUstinian/FG-QiMen/internal/plugins/adapted/messaging/rocketmq/rocketmq.go:48.107,50.2 1 0
github.com/LCUstinian/FG-QiMen/internal/plugins/adapted/messaging/rocketmq/rocketmq.go:56.85,57.83 1 1
github.com/LCUstinian/FG-QiMen/internal/plugins/adapted/messaging/rocketmq/rocketmq.go:57.83,66.44 6 0
github.com/LCUstinian/FG-QiMen/internal/plugins/adapted/messaging/rocketmq/rocketmq.go:66.44,68.4 1 0
github.com/LCUstinian/FG-QiMen/internal/plugins/adapted/messaging/rocketmq/rocketmq.go:70.3,72.27 3 0
github.com/LCUstinian/FG-QiMen/internal/plugins/adapted/messaging/rocketmq/rocketmq.go:72.27,74.4 1 0
github.com/LCUstinian/FG-QiMen/internal/plugins/adapted/messaging/rocketmq/rocketmq.go:78.3,81.27 2 0
github.com/LCUstinian/FG-QiMen/internal/plugins/adapted/messaging/rocketmq/rocketmq.go:81.27,83.4 1 0
github.com/LCUstinian/FG-QiMen/internal/plugins/adapted/messaging/rocketmq/rocketmq.go:86.3,93.4 2 0
github.com/LCUstinian/FG-QiMen/internal/plugins/adapted/network/bacnet/bacnet.go:26.20,26.40 1 2
github.com/LCUstinian/FG-QiMen/internal/plugins/adapted/network/bacnet/bacnet.go:28.13,28.40 1 1
github.com/LCUstinian/FG-QiMen/internal/plugins/adapted/network/bacnet/bacnet.go:31.32,31.51 1 3
github.com/LCUstinian/FG-QiMen/internal/plugins/adapted/network/bacnet/bacnet.go:34.32,34.55 1 1
github.com/LCUstinian/FG-QiMen/internal/plugins/adapted/network/bacnet/bacnet.go:37.39,37.95 1 2
github.com/LCUstinian/FG-QiMen/internal/plugins/adapted/network/bacnet/bacnet.go:40.107,42.2 1 1
github.com/LCUstinian/FG-QiMen/internal/plugins/adapted/network/bacnet/bacnet.go:46.85,50.16 4 1
github.com/LCUstinian/FG-QiMen/internal/plugins/adapted/network/bacnet/bacnet.go:50.16,52.3 1 0
github.com/LCUstinian/FG-QiMen/internal/plugins/adapted/network/bacnet/bacnet.go:53.2,62.43 10 1
github.com/LCUstinian/FG-QiMen/internal/plugins/adapted/network/bacnet/bacnet.go:62.43,64.3 1 0
github.com/LCUstinian/FG-QiMen/internal/plugins/adapted/network/bacnet/bacnet.go:65.2,66.42 2 1
github.com/LCUstinian/FG-QiMen/internal/plugins/adapted/network/bacnet/bacnet.go:66.42,68.3 1 1
github.com/LCUstinian/FG-QiMen/internal/plugins/adapted/network/bacnet/bacnet.go:69.2,69.90 1 0
github.com/LCUstinian/FG-QiMen/internal/plugins/adapted/network/bacnet/bacnet.go:69.90,71.3 1 0
github.com/LCUstinian/FG-QiMen/internal/plugins/adapted/network/bacnet/bacnet.go:72.2,75.3 1 0
github.com/LCUstinian/FG-QiMen/internal/plugins/adapted/network/dns/dns.go:37.20,37.40 1 2
github.com/LCUstinian/FG-QiMen/internal/plugins/adapted/network/dns/dns.go:39.13,39.40 1 1
github.com/LCUstinian/FG-QiMen/internal/plugins/adapted/network/dns/dns.go:42.32,42.48 1 2
github.com/LCUstinian/FG-QiMen/internal/plugins/adapted/network/dns/dns.go:45.32,45.52 1 0
github.com/LCUstinian/FG-QiMen/internal/plugins/adapted/network/dns/dns.go:48.39,48.70 1 0
github.com/LCUstinian/FG-QiMen/internal/plugins/adapted/network/dns/dns.go:51.87,53.2 1 0
github.com/LCUstinian/FG-QiMen/internal/plugins/adapted/network/dns/dns.go:72.85,73.83 1 1
github.com/LCUstinian/FG-QiMen/internal/plugins/adapted/network/dns/dns.go:73.83,75.74 1 1
github.com/LCUstinian/FG-QiMen/internal/plugins/adapted/network/dns/dns.go:75.74,77.4 1 1
github.com/LCUstinian/FG-QiMen/internal/plugins/adapted/network/dns/dns.go:80.3,81.74 2 0
github.com/LCUstinian/FG-QiMen/internal/plugins/adapted/network/dns/dns.go:81.74,85.66 2 0
github.com/LCUstinian/FG-QiMen/internal/plugins/adapted/network/dns/dns.go:85.66,87.5 1 0
github.com/LCUstinian/FG-QiMen/internal/plugins/adapted/network/dns/dns.go:88.4,88.12 1 0
github.com/LCUstinian/FG-QiMen/internal/plugins/adapted/network/dns/dns.go:90.3,90.13 1 0
github.com/LCUstinian/FG-QiMen/internal/plugins/adapted/network/dns/dns.go:102.66,114.44 2 0
github.com/LCUstinian/FG-QiMen/internal/plugins/adapted/network/dns/dns.go:114.44,116.3 1 0
github.com/LCUstinian/FG-QiMen/internal/plugins/adapted/network/dns/dns.go:117.2,119.26 3 0
github.com/LCUstinian/FG-QiMen/internal/plugins/adapted/network/dns/dns.go:119.26,121.3 1 0
github.com/LCUstinian/FG-QiMen/internal/plugins/adapted/network/dns/dns.go:122.2,122.23 1 0
github.com/LCUstinian/FG-QiMen/internal/plugins/adapted/network/dns/dns.go:122.23,124.3 1 0
github.com/LCUstinian/FG-QiMen/internal/plugins/adapted/network/dns/dns.go:125.2,132.26 3 0
github.com/LCUstinian/FG-QiMen/internal/plugins/adapted/network/dns/dns.go:132.26,140.3 1 0
github.com/LCUstinian/FG-QiMen/internal/plugins/adapted/network/dns/dns.go:141.2,141.12 1 0
github.com/LCUstinian/FG-QiMen/internal/plugins/adapted/network/dns/dns.go:151.84,152.41 1 1
github.com/LCUstinian/FG-QiMen/internal/plugins/adapted/network/dns/dns.go:152.41,154.3 1 0
github.com/LCUstinian/FG-QiMen/internal/plugins/adapted/network/dns/dns.go:155.2,157.26 3 1
github.com/LCUstinian/FG-QiMen/internal/plugins/adapted/network/dns/dns.go:157.26,159.3 1 0
github.com/LCUstinian/FG-QiMen/internal/plugins/adapted/network/dns/dns.go:162.2,162.23 1 1
github.com/LCUstinian/FG-QiMen/internal/plugins/adapted/network/dns/dns.go:162.23,164.3 1 0
github.com/LCUstinian/FG-QiMen/internal/plugins/adapted/network/dns/dns.go:168.2,168.23 1 1
github.com/LCUstinian/FG-QiMen/internal/plugins/adapted/network/dns/dns.go:168.23,170.3 1 0
github.com/LCUstinian/FG-QiMen/internal/plugins/adapted/network/dns/dns.go:171.2,179.3 3 1
github.com/LCUstinian/FG-QiMen/internal/plugins/adapted/network/dns/dns.go:186.31,201.2 1 1
github.com/LCUstinian/FG-QiMen/internal/plugins/adapted/network/dns/dns.go:205.31,216.2 1 0
github.com/LCUstinian/FG-QiMen/internal/plugins/adapted/network/dns/dns.go:219.25,220.12 1 2
github.com/LCUstinian/FG-QiMen/internal/plugins/adapted/network/dns/dns.go:220.12,222.3 1 0
github.com/LCUstinian/FG-QiMen/internal/plugins/adapted/network/dns/dns.go:223.2,225.12 3 2
github.com/LCUstinian/FG-QiMen/internal/plugins/adapted/network/dns/dns.go:225.12,229.3 3 2
github.com/LCUstinian/FG-QiMen/internal/plugins/adapted/network/dns/dns.go:230.2,230.22 1 2
github.com/LCUstinian/FG-QiMen/internal/plugins/adapted/network/docker/docker.go:31.20,31.40 1 2
github.com/LCUstinian/FG-QiMen/internal/plugins/adapted/network/docker/docker.go:33.13,33.40 1 1
github.com/LCUstinian/FG-QiMen/internal/plugins/adapted/network/docker/docker.go:36.32,36.51 1 3
github.com/LCUstinian/FG-QiMen/internal/plugins/adapted/network/docker/docker.go:39.32,39.60 1 1
github.com/LCUstinian/FG-QiMen/internal/plugins/adapted/network/docker/docker.go:42.39,42.95 1 2
github.com/LCUstinian/FG-QiMen/internal/plugins/adapted/network/docker/docker.go:45.107,47.2 1 1
github.com/LCUstinian/FG-QiMen/internal/plugins/adapted/network/docker/docker.go:51.85,58.16 6 1
github.com/LCUstinian/FG-QiMen/internal/plugins/adapted/network/docker/docker.go:58.16,60.3 1 1
github.com/LCUstinian/FG-QiMen/internal/plugins/adapted/network/docker/docker.go:61.2,63.62 3 0
github.com/LCUstinian/FG-QiMen/internal/plugins/adapted/network/docker/docker.go:63.62,65.3 1 0
github.com/LCUstinian/FG-QiMen/internal/plugins/adapted/network/docker/docker.go:68.2,70.16 3 0
github.com/LCUstinian/FG-QiMen/internal/plugins/adapted/network/docker/docker.go:70.16,76.3 1 0
github.com/LCUstinian/FG-QiMen/internal/plugins/adapted/network/docker/docker.go:77.2,85.24 6 0
github.com/LCUstinian/FG-QiMen/internal/plugins/adapted/network/docker/docker.go:85.24,87.3 1 0
github.com/LCUstinian/FG-QiMen/internal/plugins/adapted/network/docker/docker.go:87.8,87.34 1 0
github.com/LCUstinian/FG-QiMen/internal/plugins/adapted/network/docker/docker.go:87.34,89.3 1 0
github.com/LCUstinian/FG-QiMen/internal/plugins/adapted/network/docker/docker.go:90.2,93.3 1 0
github.com/LCUstinian/FG-QiMen/internal/plugins/adapted/network/ldap/ldap.go:25.20,25.40 1 2
github.com/LCUstinian/FG-QiMen/internal/plugins/adapted/network/ldap/ldap.go:27.13,27.40 1 1
github.com/LCUstinian/FG-QiMen/internal/plugins/adapted/network/ldap/ldap.go:30.32,30.49 1 3
github.com/LCUstinian/FG-QiMen/internal/plugins/adapted/network/ldap/ldap.go:33.32,33.58 1 1
github.com/LCUstinian/FG-QiMen/internal/plugins/adapted/network/ldap/ldap.go:44.39,44.95 1 2
github.com/LCUstinian/FG-QiMen/internal/plugins/adapted/network/ldap/ldap.go:47.107,49.2 1 1
github.com/LCUstinian/FG-QiMen/internal/plugins/adapted/network/ldap/ldap.go:56.85,60.16 4 1
github.com/LCUstinian/FG-QiMen/internal/plugins/adapted/network/ldap/ldap.go:60.16,62.3 1 1
github.com/LCUstinian/FG-QiMen/internal/plugins/adapted/network/ldap/ldap.go:63.2,71.44 4 0
github.com/LCUstinian/FG-QiMen/internal/plugins/adapted/network/ldap/ldap.go:71.44,73.3 1 0
github.com/LCUstinian/FG-QiMen/internal/plugins/adapted/network/ldap/ldap.go:76.2,77.46 2 0
github.com/LCUstinian/FG-QiMen/internal/plugins/adapted/network/ldap/ldap.go:77.46,79.3 1 0
github.com/LCUstinian/FG-QiMen/internal/plugins/adapted/network/ldap/ldap.go:81.2,83.12 3 0
github.com/LCUstinian/FG-QiMen/internal/plugins/adapted/network/ldap/ldap.go:83.12,85.3 1 0
github.com/LCUstinian/FG-QiMen/internal/plugins/adapted/network/ldap/ldap.go:88.2,88.60 1 0
github.com/LCUstinian/FG-QiMen/internal/plugins/adapted/network/ldap/ldap.go:88.60,90.3 1 0
github.com/LCUstinian/FG-QiMen/internal/plugins/adapted/network/ldap/ldap.go:93.2,94.66 2 0
github.com/LCUstinian/FG-QiMen/internal/plugins/adapted/network/ldap/ldap.go:94.66,96.3 1 0
github.com/LCUstinian/FG-QiMen/internal/plugins/adapted/network/ldap/ldap.go:97.2,100.3 1 0
github.com/LCUstinian/FG-QiMen/internal/plugins/adapted/network/ldap/ldap.go:104.49,110.2 5 0
github.com/LCUstinian/FG-QiMen/internal/plugins/adapted/network/ldap/ldap.go:113.31,115.2 1 0
github.com/LCUstinian/FG-QiMen/internal/plugins/adapted/network/ldap/ldap.go:119.60,127.2 6 0
github.com/LCUstinian/FG-QiMen/internal/plugins/adapted/network/ldap/ldap.go:130.60,143.2 11 0
github.com/LCUstinian/FG-QiMen/internal/plugins/adapted/network/ldap/ldap.go:146.49,147.28 1 0
github.com/LCUstinian/FG-QiMen/internal/plugins/adapted/network/ldap/ldap.go:147.28,148.23 1 0
github.com/LCUstinian/FG-QiMen/internal/plugins/adapted/network/ldap/ldap.go:148.23,149.14 1 0
github.com/LCUstinian/FG-QiMen/internal/plugins/adapted/network/ldap/ldap.go:149.14,151.5 1 0
github.com/LCUstinian/FG-QiMen/internal/plugins/adapted/network/ldap/ldap.go:154.2,154.14 1 0
github.com/LCUstinian/FG-QiMen/internal/plugins/adapted/network/ldap/ldap.go:160.53,166.42 2 0
github.com/LCUstinian/FG-QiMen/internal/plugins/adapted/network/ldap/ldap.go:166.42,167.51 1 0
github.com/LCUstinian/FG-QiMen/internal/plugins/adapted/network/ldap/ldap.go:167.51,168.12 1 0
github.com/LCUstinian/FG-QiMen/internal/plugins/adapted/network/ldap/ldap.go:173.3,173.12 1 0
github.com/LCUstinian/FG-QiMen/internal/plugins/adapted/network/ldap/ldap.go:173.12,174.12 1 0
github.com/LCUstinian/FG-QiMen/internal/plugins/adapted/network/ldap/ldap.go:176.3,177.32 2 0
github.com/LCUstinian/FG-QiMen/internal/plugins/adapted/network/ldap/ldap.go:177.32,178.12 1 0
github.com/LCUstinian/FG-QiMen/internal/plugins/adapted/network/ldap/ldap.go:180.3,181.23 2 0
github.com/LCUstinian/FG-QiMen/internal/plugins/adapted/network/ldap/ldap.go:181.23,183.4 1 0
github.com/LCUstinian/FG-QiMen/internal/plugins/adapted/network/ldap/ldap.go:185.2,185.11 1 0
github.com/LCUstinian/FG-QiMen/internal/plugins/adapted/network/ldap/ldap.go:188.33,189.22 1 0
github.com/LCUstinian/FG-QiMen/internal/plugins/adapted/network/ldap/ldap.go:189.22,190.24 1 0
github.com/LCUstinian/FG-QiMen/internal/plugins/adapted/network/ldap/ldap.go:190.24,192.4 1 0
github.com/LCUstinian/FG-QiMen/internal/plugins/adapted/network/ldap/ldap.go:194.2,194.16 1 0
github.com/LCUstinian/FG-QiMen/internal/plugins/adapted/network/modbus/modbus.go:26.20,26.40 1 2
github.com/LCUstinian/FG-QiMen/internal/plugins/adapted/network/modbus/modbus.go:28.13,28.40 1 1
github.com/LCUstinian/FG-QiMen/internal/plugins/adapted/network/modbus/modbus.go:31.32,31.51 1 3
github.com/LCUstinian/FG-QiMen/internal/plugins/adapted/network/modbus/modbus.go:34.32,34.53 1 1
github.com/LCUstinian/FG-QiMen/internal/plugins/adapted/network/modbus/modbus.go:37.39,37.95 1 2
github.com/LCUstinian/FG-QiMen/internal/plugins/adapted/network/modbus/modbus.go:40.107,42.2 1 1
github.com/LCUstinian/FG-QiMen/internal/plugins/adapted/network/modbus/modbus.go:46.85,50.16 4 1
github.com/LCUstinian/FG-QiMen/internal/plugins/adapted/network/modbus/modbus.go:50.16,52.3 1 1
github.com/LCUstinian/FG-QiMen/internal/plugins/adapted/network/modbus/modbus.go:53.2,63.43 11 0
github.com/LCUstinian/FG-QiMen/internal/plugins/adapted/network/modbus/modbus.go:63.43,65.3 1 0
github.com/LCUstinian/FG-QiMen/internal/plugins/adapted/network/modbus/modbus.go:66.2,68.26 3 0
github.com/LCUstinian/FG-QiMen/internal/plugins/adapted/network/modbus/modbus.go:68.26,70.3 1 0
github.com/LCUstinian/FG-QiMen/internal/plugins/adapted/network/modbus/modbus.go:71.2,71.40 1 0
github.com/LCUstinian/FG-QiMen/internal/plugins/adapted/network/modbus/modbus.go:71.40,73.3 1 0
github.com/LCUstinian/FG-QiMen/internal/plugins/adapted/network/modbus/modbus.go:74.2,77.3 1 0
github.com/LCUstinian/FG-QiMen/internal/plugins/adapted/network/modbus/modbus.go:80.55,82.23 2 0
github.com/LCUstinian/FG-QiMen/internal/plugins/adapted/network/modbus/modbus.go:82.23,84.17 2 0
github.com/LCUstinian/FG-QiMen/internal/plugins/adapted/network/modbus/modbus.go:84.17,86.4 1 0
github.com/LCUstinian/FG-QiMen/internal/plugins/adapted/network/modbus/modbus.go:87.3,87.13 1 0
github.com/LCUstinian/FG-QiMen/internal/plugins/adapted/network/modbus/modbus.go:89.2,89.19 1 0
github.com/LCUstinian/FG-QiMen/internal/plugins/adapted/network/ntp/ntp.go:30.20,30.40 1 3
github.com/LCUstinian/FG-QiMen/internal/plugins/adapted/network/ntp/ntp.go:32.13,32.40 1 1
github.com/LCUstinian/FG-QiMen/internal/plugins/adapted/network/ntp/ntp.go:35.32,35.48 1 2
github.com/LCUstinian/FG-QiMen/internal/plugins/adapted/network/ntp/ntp.go:38.32,38.53 1 0
github.com/LCUstinian/FG-QiMen/internal/plugins/adapted/network/ntp/ntp.go:41.39,41.70 1 0
github.com/LCUstinian/FG-QiMen/internal/plugins/adapted/network/ntp/ntp.go:46.87,48.2 1 0
github.com/LCUstinian/FG-QiMen/internal/plugins/adapted/network/ntp/ntp.go:52.85,53.83 1 2
github.com/LCUstinian/FG-QiMen/internal/plugins/adapted/network/ntp/ntp.go:53.83,59.44 3 2
github.com/LCUstinian/FG-QiMen/internal/plugins/adapted/network/ntp/ntp.go:59.44,61.4 1 0
github.com/LCUstinian/FG-QiMen/internal/plugins/adapted/network/ntp/ntp.go:62.3,64.26 3 2
github.com/LCUstinian/FG-QiMen/internal/plugins/adapted/network/ntp/ntp.go:64.26,66.4 1 1
github.com/LCUstinian/FG-QiMen/internal/plugins/adapted/network/ntp/ntp.go:69.3,70.16 2 1
github.com/LCUstinian/FG-QiMen/internal/plugins/adapted/network/ntp/ntp.go:70.16,75.4 1 0
github.com/LCUstinian/FG-QiMen/internal/plugins/adapted/network/ntp/ntp.go:80.3,81.13 2 1
github.com/LCUstinian/FG-QiMen/internal/plugins/adapted/network/ntp/ntp.go:81.13,83.14 2 1
github.com/LCUstinian/FG-QiMen/internal/plugins/adapted/network/ntp/ntp.go:83.14,85.5 1 0
github.com/LCUstinian/FG-QiMen/internal/plugins/adapted/network/ntp/ntp.go:85.10,85.21 1 1
github.com/LCUstinian/FG-QiMen/internal/plugins/adapted/network/ntp/ntp.go:85.21,87.5 1 1
github.com/LCUstinian/FG-QiMen/internal/plugins/adapted/network/ntp/ntp.go:87.10,89.5 1 0
github.com/LCUstinian/FG-QiMen/internal/plugins/adapted/network/ntp/ntp.go:91.3,97.4 1 1
github.com/LCUstinian/FG-QiMen/internal/plugins/adapted/network/ntp/ntp.go:103.25,104.12 1 1
github.com/LCUstinian/FG-QiMen/internal/plugins/adapted/network/ntp/ntp.go:104.12,106.3 1 0
github.com/LCUstinian/FG-QiMen/internal/plugins/adapted/network/ntp/ntp.go:107.2,109.12 3 1
github.com/LCUstinian/FG-QiMen/internal/plugins/adapted/network/ntp/ntp.go:109.12,113.3 3 1
github.com/LCUstinian/FG-QiMen/internal/plugins/adapted/network/ntp/ntp.go:114.2,114.22 1 1
github.com/LCUstinian/FG-QiMen/cmd/flags.go:126.64,127.26 1 12
github.com/LCUstinian/FG-QiMen/cmd/flags.go:127.26,129.15 2 46
github.com/LCUstinian/FG-QiMen/cmd/flags.go:129.15,130.12 1 1
github.com/LCUstinian/FG-QiMen/cmd/flags.go:132.3,132.27 1 45
github.com/LCUstinian/FG-QiMen/cmd/flags.go:132.27,134.4 1 44
github.com/LCUstinian/FG-QiMen/cmd/flags.go:135.3,135.43 1 45
github.com/LCUstinian/FG-QiMen/cmd/flags.go:139.45,264.2 52 1
github.com/LCUstinian/FG-QiMen/cmd/projects.go:54.13,60.2 5 1
github.com/LCUstinian/FG-QiMen/cmd/projects.go:64.63,67.16 3 2
github.com/LCUstinian/FG-QiMen/cmd/projects.go:67.16,68.25 1 1
github.com/LCUstinian/FG-QiMen/cmd/projects.go:68.25,71.4 2 1
github.com/LCUstinian/FG-QiMen/cmd/projects.go:72.3,72.13 1 0
github.com/LCUstinian/FG-QiMen/cmd/projects.go:74.2,74.23 1 1
github.com/LCUstinian/FG-QiMen/cmd/projects.go:74.23,77.3 2 0
github.com/LCUstinian/FG-QiMen/cmd/projects.go:78.2,79.28 2 1
github.com/LCUstinian/FG-QiMen/cmd/projects.go:79.28,80.16 1 2
github.com/LCUstinian/FG-QiMen/cmd/projects.go:80.16,82.4 1 2
github.com/LCUstinian/FG-QiMen/cmd/projects.go:84.2,88.26 4 1
github.com/LCUstinian/FG-QiMen/cmd/projects.go:88.26,90.17 2 2
github.com/LCUstinian/FG-QiMen/cmd/projects.go:90.17,92.12 2 0
github.com/LCUstinian/FG-QiMen/cmd/projects.go:94.3,96.18 3 2
github.com/LCUstinian/FG-QiMen/cmd/projects.go:96.18,98.4 1 0
github.com/LCUstinian/FG-QiMen/cmd/projects.go:99.3,100.19 2 2
github.com/LCUstinian/FG-QiMen/cmd/projects.go:102.2,102.19 1 1
github.com/LCUstinian/FG-QiMen/cmd/projects.go:107.65,109.29 2 2
github.com/LCUstinian/FG-QiMen/cmd/projects.go:109.29,111.3 1 1
github.com/LCUstinian/FG-QiMen/cmd/projects.go:112.2,113.16 2 1
github.com/LCUstinian/FG-QiMen/cmd/projects.go:113.16,115.3 1 0
github.com/LCUstinian/FG-QiMen/cmd/projects.go:116.2,118.12 3 1
github.com/LCUstinian/FG-QiMen/cmd/projects.go:123.65,126.40 3 1
github.com/LCUstinian/FG-QiMen/cmd/projects.go:126.40,128.3 1 0
github.com/LCUstinian/FG-QiMen/cmd/projects.go:132.2,132.42 1 1
github.com/LCUstinian/FG-QiMen/cmd/projects.go:132.42,134.3 1 0
github.com/LCUstinian/FG-QiMen/cmd/projects.go:135.2,136.12 2 1
github.com/LCUstinian/FG-QiMen/cmd/projects.go:141.63,144.16 3 2
github.com/LCUstinian/FG-QiMen/cmd/projects.go:144.16,146.3 1 0
github.com/LCUstinian/FG-QiMen/cmd/projects.go:147.2,154.17 7 2
github.com/LCUstinian/FG-QiMen/cmd/projects.go:154.17,157.3 2 2
github.com/LCUstinian/FG-QiMen/cmd/projects.go:159.2,160.113 2 2
github.com/LCUstinian/FG-QiMen/cmd/projects.go:160.113,162.46 2 12
github.com/LCUstinian/FG-QiMen/cmd/projects.go:162.46,164.4 1 2
github.com/LCUstinian/FG-QiMen/cmd/projects.go:164.9,166.4 1 10
github.com/LCUstinian/FG-QiMen/cmd/projects.go:168.2,168.12 1 2
github.com/LCUstinian/FG-QiMen/cmd/projects.go:173.41,174.34 1 25
github.com/LCUstinian/FG-QiMen/cmd/projects.go:174.34,176.3 1 2
github.com/LCUstinian/FG-QiMen/cmd/projects.go:177.2,177.25 1 23
github.com/LCUstinian/FG-QiMen/cmd/projects.go:177.25,178.10 1 166
github.com/LCUstinian/FG-QiMen/cmd/projects.go:179.29,179.29 0 143
github.com/LCUstinian/FG-QiMen/cmd/projects.go:180.29,180.29 0 1
github.com/LCUstinian/FG-QiMen/cmd/projects.go:181.29,181.29 0 2
github.com/LCUstinian/FG-QiMen/cmd/projects.go:182.29,182.29 0 5
github.com/LCUstinian/FG-QiMen/cmd/projects.go:183.11,184.16 1 15
github.com/LCUstinian/FG-QiMen/cmd/projects.go:187.2,187.38 1 8
github.com/LCUstinian/FG-QiMen/cmd/proxy_init.go:23.48,28.29 3 0
github.com/LCUstinian/FG-QiMen/cmd/proxy_init.go:28.29,29.18 1 0
github.com/LCUstinian/FG-QiMen/cmd/proxy_init.go:29.18,32.4 1 0
github.com/LCUstinian/FG-QiMen/cmd/proxy_init.go:35.2,35.12 1 0
github.com/LCUstinian/FG-QiMen/cmd/proxy_init.go:40.61,47.22 4 4
github.com/LCUstinian/FG-QiMen/cmd/proxy_init.go:47.22,52.49 3 1
github.com/LCUstinian/FG-QiMen/cmd/proxy_init.go:52.49,54.4 1 1
github.com/LCUstinian/FG-QiMen/cmd/proxy_init.go:55.8,55.28 1 3
github.com/LCUstinian/FG-QiMen/cmd/proxy_init.go:55.28,56.47 1 2
github.com/LCUstinian/FG-QiMen/cmd/proxy_init.go:56.47,58.4 1 1
github.com/LCUstinian/FG-QiMen/cmd/proxy_init.go:58.9,60.4 1 1
github.com/LCUstinian/FG-QiMen/cmd/proxy_init.go:61.3,62.56 2 2
github.com/LCUstinian/FG-QiMen/cmd/proxy_init.go:65.2,65.11 1 4
github.com/LCUstinian/FG-QiMen/cmd/proxy_init.go:70.49,77.48 2 5
github.com/LCUstinian/FG-QiMen/cmd/proxy_init.go:77.48,79.3 1 3
github.com/LCUstinian/FG-QiMen/cmd/proxy_init.go:81.2,81.13 1 5
github.com/LCUstinian/FG-QiMen/cmd/proxy_init.go:90.54,94.16 3 7
github.com/LCUstinian/FG-QiMen/cmd/proxy_init.go:94.16,96.3 1 1
github.com/LCUstinian/FG-QiMen/cmd/proxy_init.go:99.2,103.15 3 6
github.com/LCUstinian/FG-QiMen/cmd/proxy_init.go:103.15,105.3 1 2
github.com/LCUstinian/FG-QiMen/cmd/proxy_init.go:108.2,110.21 3 4
github.com/LCUstinian/FG-QiMen/cmd/proxy_init.go:110.21,112.3 1 3
github.com/LCUstinian/FG-QiMen/cmd/proxy_init.go:114.2,114.15 1 1
github.com/LCUstinian/FG-QiMen/cmd/proxy_init.go:119.47,125.48 3 7
github.com/LCUstinian/FG-QiMen/cmd/proxy_init.go:125.48,127.3 1 4
github.com/LCUstinian/FG-QiMen/cmd/proxy_init.go:129.2,129.13 1 7
github.com/LCUstinian/FG-QiMen/cmd/proxy_init.go:134.52,141.15 4 8
github.com/LCUstinian/FG-QiMen/cmd/proxy_init.go:141.15,143.3 1 2
github.com/LCUstinian/FG-QiMen/cmd/proxy_init.go:146.2,148.21 3 6
github.com/LCUstinian/FG-QiMen/cmd/proxy_init.go:148.21,150.3 1 5
github.com/LCUstinian/FG-QiMen/cmd/proxy_init.go:152.2,152.15 1 1
github.com/LCUstinian/FG-QiMen/cmd/resume.go:23.54,24.24 1 0
github.com/LCUstinian/FG-QiMen/cmd/resume.go:24.24,26.4 1 0
github.com/LCUstinian/FG-QiMen/cmd/resume.go:29.3,32.28 2 0
github.com/LCUstinian/FG-QiMen/cmd/resume.go:36.13,38.2 1 1
github.com/LCUstinian/FG-QiMen/cmd/root.go:98.22,100.2 1 0
github.com/LCUstinian/FG-QiMen/cmd/root.go:102.13,120.2 2 1
github.com/LCUstinian/FG-QiMen/cmd/scan.go:56.13,58.2 1 1
github.com/LCUstinian/FG-QiMen/cmd/scan.go:68.55,70.16 2 0
github.com/LCUstinian/FG-QiMen/cmd/scan.go:70.16,72.3 1 0
github.com/LCUstinian/FG-QiMen/cmd/scan.go:84.2,89.46 3 0
github.com/LCUstinian/FG-QiMen/cmd/scan.go:89.46,91.3 1 0
github.com/LCUstinian/FG-QiMen/cmd/scan.go:95.2,96.16 2 0
github.com/LCUstinian/FG-QiMen/cmd/scan.go:96.16,98.3 1 0
github.com/LCUstinian/FG-QiMen/cmd/scan.go:99.2,99.15 1 0
github.com/LCUstinian/FG-QiMen/cmd/scan.go:99.15,99.35 1 0
github.com/LCUstinian/FG-QiMen/cmd/scan.go:113.2,117.24 2 0
github.com/LCUstinian/FG-QiMen/cmd/scan.go:117.24,118.36 1 0
github.com/LCUstinian/FG-QiMen/cmd/scan.go:118.36,121.4 2 0
github.com/LCUstinian/FG-QiMen/cmd/scan.go:132.2,144.16 5 0
github.com/LCUstinian/FG-QiMen/cmd/scan.go:144.16,146.3 1 0
github.com/LCUstinian/FG-QiMen/cmd/scan.go:147.2,148.15 2 0
github.com/LCUstinian/FG-QiMen/cmd/scan.go:148.15,148.39 1 0
github.com/LCUstinian/FG-QiMen/cmd/scan.go:150.2,150.51 1 0
github.com/LCUstinian/FG-QiMen/cmd/scan.go:150.51,152.3 1 0
github.com/LCUstinian/FG-QiMen/cmd/scan.go:153.2,153.51 1 0
github.com/LCUstinian/FG-QiMen/cmd/scan.go:153.51,155.3 1 0
github.com/LCUstinian/FG-QiMen/cmd/scan.go:162.2,162.30 1 0
github.com/LCUstinian/FG-QiMen/cmd/scan.go:162.30,163.82 1 0
github.com/LCUstinian/FG-QiMen/cmd/scan.go:163.82,165.4 1 0
github.com/LCUstinian/FG-QiMen/cmd/scan.go:165.9,167.4 1 0
github.com/LCUstinian/FG-QiMen/cmd/scan.go:170.2,170.51 1 0
github.com/LCUstinian/FG-QiMen/cmd/scan.go:170.51,172.3 1 0
github.com/LCUstinian/FG-QiMen/cmd/scan.go:173.2,173.12 1 0
github.com/LCUstinian/FG-QiMen/cmd/scan.go:194.185,196.16 2 0
github.com/LCUstinian/FG-QiMen/cmd/scan.go:196.16,198.3 1 0
github.com/LCUstinian/FG-QiMen/cmd/scan.go:223.2,223.30 1 0
github.com/LCUstinian/FG-QiMen/cmd/scan.go:223.30,225.3 1 0
github.com/LCUstinian/FG-QiMen/cmd/scan.go:225.8,227.3 1 0
github.com/LCUstinian/FG-QiMen/cmd/scan.go:263.2,263.17 1 0
github.com/LCUstinian/FG-QiMen/cmd/scan.go:263.17,265.3 1 0
github.com/LCUstinian/FG-QiMen/cmd/scan.go:265.8,265.51 1 0
github.com/LCUstinian/FG-QiMen/cmd/scan.go:265.51,267.3 1 0
github.com/LCUstinian/FG-QiMen/cmd/scan.go:267.8,269.3 1 0
github.com/LCUstinian/FG-QiMen/cmd/scan.go:276.2,276.27 1 0
github.com/LCUstinian/FG-QiMen/cmd/scan.go:276.27,278.23 2 0
github.com/LCUstinian/FG-QiMen/cmd/scan.go:278.24,278.25 0 0
github.com/LCUstinian/FG-QiMen/cmd/scan.go:282.2,301.12 5 0
github.com/LCUstinian/FG-QiMen/cmd/scan.go:301.12,303.36 2 0
github.com/LCUstinian/FG-QiMen/cmd/scan.go:303.36,305.4 1 0
github.com/LCUstinian/FG-QiMen/cmd/scan.go:315.2,317.20 3 0
github.com/LCUstinian/FG-QiMen/cmd/scan.go:317.20,320.16 3 0
github.com/LCUstinian/FG-QiMen/cmd/scan.go:320.16,322.4 1 0
github.com/LCUstinian/FG-QiMen/cmd/scan.go:323.3,325.13 3 0
github.com/LCUstinian/FG-QiMen/cmd/scan.go:337.2,337.12 1 0
github.com/LCUstinian/FG-QiMen/cmd/scan.go:337.12,340.3 2 0
github.com/LCUstinian/FG-QiMen/cmd/scan.go:342.2,342.27 1 0
github.com/LCUstinian/FG-QiMen/cmd/scan.go:360.70,361.38 1 1
github.com/LCUstinian/FG-QiMen/cmd/scan.go:361.38,363.3 1 1
github.com/LCUstinian/FG-QiMen/cmd/scan.go:364.2,365.16 2 0
github.com/LCUstinian/FG-QiMen/cmd/scan.go:365.16,369.3 2 0
github.com/LCUstinian/FG-QiMen/cmd/scan.go:370.2,370.27 1 0
github.com/LCUstinian/FG-QiMen/cmd/scan.go:370.27,372.3 1 0
github.com/LCUstinian/FG-QiMen/cmd/scan.go:373.2,374.12 2 0
github.com/LCUstinian/FG-QiMen/cmd/scan.go:383.70,393.16 2 1
github.com/LCUstinian/FG-QiMen/cmd/scan.go:393.16,395.3 1 0
github.com/LCUstinian/FG-QiMen/cmd/scan.go:396.2,397.16 2 1
github.com/LCUstinian/FG-QiMen/cmd/scan.go:397.16,399.3 1 0
github.com/LCUstinian/FG-QiMen/cmd/scan.go:400.2,401.16 2 1
github.com/LCUstinian/FG-QiMen/cmd/scan.go:401.16,403.3 1 0
github.com/LCUstinian/FG-QiMen/cmd/scan.go:404.2,405.16 2 1
github.com/LCUstinian/FG-QiMen/cmd/scan.go:405.16,407.3 1 0
github.com/LCUstinian/FG-QiMen/cmd/scan.go:408.2,409.16 2 1
github.com/LCUstinian/FG-QiMen/cmd/scan.go:409.16,411.3 1 0
github.com/LCUstinian/FG-QiMen/cmd/scan.go:418.2,419.25 2 1
github.com/LCUstinian/FG-QiMen/cmd/scan.go:419.25,421.17 2 0
github.com/LCUstinian/FG-QiMen/cmd/scan.go:421.17,423.4 1 0
github.com/LCUstinian/FG-QiMen/cmd/scan.go:427.2,428.27 2 1
github.com/LCUstinian/FG-QiMen/cmd/scan.go:428.27,430.17 2 0
github.com/LCUstinian/FG-QiMen/cmd/scan.go:430.17,432.4 1 0
github.com/LCUstinian/FG-QiMen/cmd/scan.go:434.2,448.16 2 1
github.com/LCUstinian/FG-QiMen/cmd/scan.go:448.16,450.3 1 0
github.com/LCUstinian/FG-QiMen/cmd/scan.go:451.2,452.12 2 1
github.com/LCUstinian/FG-QiMen/cmd/scan.go:462.33,463.26 1 3
github.com/LCUstinian/FG-QiMen/cmd/scan.go:463.26,465.3 1 0
github.com/LCUstinian/FG-QiMen/cmd/scan.go:466.2,466.42 1 3
github.com/LCUstinian/FG-QiMen/cmd/scan.go:471.43,510.39 2 3
github.com/LCUstinian/FG-QiMen/cmd/scan.go:510.39,512.3 1 2
github.com/LCUstinian/FG-QiMen/cmd/scan.go:513.2,513.17 1 1
github.com/LCUstinian/FG-QiMen/cmd/scan.go:531.65,533.2 1 1
github.com/LCUstinian/FG-QiMen/cmd/scan.go:544.90,545.21 1 9
github.com/LCUstinian/FG-QiMen/cmd/scan.go:545.21,547.3 1 2
github.com/LCUstinian/FG-QiMen/cmd/scan.go:548.2,548.23 1 7
github.com/LCUstinian/FG-QiMen/cmd/scan.go:548.23,550.3 1 1
github.com/LCUstinian/FG-QiMen/cmd/scan.go:551.2,551.59 1 6
github.com/LCUstinian/FG-QiMen/cmd/scan.go:560.47,565.16 3 2
github.com/LCUstinian/FG-QiMen/cmd/scan.go:565.16,567.3 1 0
github.com/LCUstinian/FG-QiMen/cmd/scan.go:568.2,569.16 2 2
github.com/LCUstinian/FG-QiMen/cmd/scan.go:569.16,571.3 1 0
github.com/LCUstinian/FG-QiMen/cmd/scan.go:578.2,579.62 2 2
github.com/LCUstinian/FG-QiMen/cmd/scan.go:579.62,581.3 1 2
github.com/LCUstinian/FG-QiMen/cmd/scan.go:582.2,582.55 1 2
github.com/LCUstinian/FG-QiMen/cmd/scan.go:582.55,591.57 1 1
github.com/LCUstinian/FG-QiMen/cmd/scan.go:591.57,593.4 1 0
github.com/LCUstinian/FG-QiMen/cmd/scan.go:594.3,597.16 1 1
github.com/LCUstinian/FG-QiMen/cmd/scan.go:599.2,599.17 1 1
github.com/LCUstinian/FG-QiMen/cmd/scan.go:611.40,612.16 1 0
github.com/LCUstinian/FG-QiMen/cmd/scan.go:612.16,614.3 1 0
github.com/LCUstinian/FG-QiMen/cmd/scan.go:615.2,617.30 3 0
github.com/LCUstinian/FG-QiMen/cmd/scan.go:617.30,620.3 2 0
github.com/LCUstinian/FG-QiMen/cmd/scan.go:628.22,634.2 5 0
github.com/LCUstinian/FG-QiMen/cmd/signal.go:48.123,70.34 6 1
github.com/LCUstinian/FG-QiMen/cmd/signal.go:70.34,71.26 1 0
github.com/LCUstinian/FG-QiMen/cmd/signal.go:71.26,73.26 2 0
github.com/LCUstinian/FG-QiMen/cmd/signal.go:73.26,75.5 1 0
github.com/LCUstinian/FG-QiMen/cmd/signal.go:76.4,76.14 1 0
github.com/LCUstinian/FG-QiMen/cmd/signal.go:80.2,80.12 1 1
github.com/LCUstinian/FG-QiMen/cmd/signal.go:80.12,86.10 2 1
github.com/LCUstinian/FG-QiMen/cmd/signal.go:87.15,92.11 3 0
github.com/LCUstinian/FG-QiMen/cmd/signal.go:93.19,93.19 0 0
github.com/LCUstinian/FG-QiMen/cmd/signal.go:96.16,99.60 1 0
github.com/LCUstinian/FG-QiMen/cmd/signal.go:100.31,103.50 1 0
github.com/LCUstinian/FG-QiMen/cmd/signal.go:105.18,105.18 0 1
github.com/LCUstinian/FG-QiMen/cmd/signal.go:110.2,110.29 1 1
github.com/LCUstinian/FG-QiMen/cmd/version.go:27.54,32.3 4 0
github.com/LCUstinian/FG-QiMen/cmd/version.go:35.13,37.2 1 1
github.com/LCUstinian/FG-QiMen/internal/plugins/adapted/network/snmp/snmp.go:26.20,26.40 1 2
github.com/LCUstinian/FG-QiMen/internal/plugins/adapted/network/snmp/snmp.go:28.13,28.40 1 1
github.com/LCUstinian/FG-QiMen/internal/plugins/adapted/network/snmp/snmp.go:31.32,31.49 1 3
github.com/LCUstinian/FG-QiMen/internal/plugins/adapted/network/snmp/snmp.go:34.32,34.58 1 1
github.com/LCUstinian/FG-QiMen/internal/plugins/adapted/network/snmp/snmp.go:37.39,37.70 1 2
github.com/LCUstinian/FG-QiMen/internal/plugins/adapted/network/snmp/snmp.go:40.107,42.2 1 0
github.com/LCUstinian/FG-QiMen/internal/plugins/adapted/network/snmp/snmp.go:62.85,66.16 4 1
github.com/LCUstinian/FG-QiMen/internal/plugins/adapted/network/snmp/snmp.go:66.16,69.17 2 0
github.com/LCUstinian/FG-QiMen/internal/plugins/adapted/network/snmp/snmp.go:69.17,71.4 1 0
github.com/LCUstinian/FG-QiMen/internal/plugins/adapted/network/snmp/snmp.go:73.2,93.43 8 1
github.com/LCUstinian/FG-QiMen/internal/plugins/adapted/network/snmp/snmp.go:93.43,95.3 1 0
github.com/LCUstinian/FG-QiMen/internal/plugins/adapted/network/snmp/snmp.go:96.2,98.26 3 1
github.com/LCUstinian/FG-QiMen/internal/plugins/adapted/network/snmp/snmp.go:98.26,100.3 1 1
github.com/LCUstinian/FG-QiMen/internal/plugins/adapted/network/snmp/snmp.go:105.2,105.39 1 0
github.com/LCUstinian/FG-QiMen/internal/plugins/adapted/network/snmp/snmp.go:105.39,107.3 1 0
github.com/LCUstinian/FG-QiMen/internal/plugins/adapted/network/snmp/snmp.go:110.2,110.28 1 0
github.com/LCUstinian/FG-QiMen/internal/plugins/adapted/network/snmp/snmp.go:110.28,111.68 1 0
github.com/LCUstinian/FG-QiMen/internal/plugins/adapted/network/snmp/snmp.go:111.68,112.12 1 0
github.com/LCUstinian/FG-QiMen/internal/plugins/adapted/network/snmp/snmp.go:114.3,115.57 2 0
github.com/LCUstinian/FG-QiMen/internal/plugins/adapted/network/snmp/snmp.go:115.57,117.4 1 0
github.com/LCUstinian/FG-QiMen/internal/plugins/adapted/network/snmp/snmp.go:118.3,118.36 1 0
github.com/LCUstinian/FG-QiMen/internal/plugins/adapted/network/snmp/snmp.go:118.36,119.12 1 0
github.com/LCUstinian/FG-QiMen/internal/plugins/adapted/network/snmp/snmp.go:121.3,122.19 2 0
github.com/LCUstinian/FG-QiMen/internal/plugins/adapted/network/snmp/snmp.go:122.19,123.12 1 0
github.com/LCUstinian/FG-QiMen/internal/plugins/adapted/network/snmp/snmp.go:125.3,126.49 2 0
github.com/LCUstinian/FG-QiMen/internal/plugins/adapted/network/snmp/snmp.go:126.49,131.4 1 0
github.com/LCUstinian/FG-QiMen/internal/plugins/adapted/network/snmp/snmp.go:134.2,137.3 1 0
github.com/LCUstinian/FG-QiMen/internal/plugins/adapted/network/snmp/snmp.go:142.42,144.26 2 3
github.com/LCUstinian/FG-QiMen/internal/plugins/adapted/network/snmp/snmp.go:144.26,146.3 1 9
github.com/LCUstinian/FG-QiMen/internal/plugins/adapted/network/snmp/snmp.go:147.2,150.12 4 3
github.com/LCUstinian/FG-QiMen/internal/plugins/adapted/network/snmp/snmp.go:155.39,159.2 3 4
github.com/LCUstinian/FG-QiMen/internal/plugins/adapted/network/snmp/snmp.go:165.35,166.18 1 1
github.com/LCUstinian/FG-QiMen/internal/plugins/adapted/network/snmp/snmp.go:166.18,168.3 1 0
github.com/LCUstinian/FG-QiMen/internal/plugins/adapted/network/snmp/snmp.go:169.2,171.28 3 1
github.com/LCUstinian/FG-QiMen/internal/plugins/adapted/network/snmp/snmp.go:171.28,173.3 1 7
github.com/LCUstinian/FG-QiMen/internal/plugins/adapted/network/snmp/snmp.go:174.2,174.13 1 1
github.com/LCUstinian/FG-QiMen/internal/plugins/adapted/network/snmp/snmp.go:177.35,178.12 1 8
github.com/LCUstinian/FG-QiMen/internal/plugins/adapted/network/snmp/snmp.go:178.12,180.3 1 1
github.com/LCUstinian/FG-QiMen/internal/plugins/adapted/network/snmp/snmp.go:181.2,183.12 3 7
github.com/LCUstinian/FG-QiMen/internal/plugins/adapted/network/snmp/snmp.go:183.12,187.3 3 7
github.com/LCUstinian/FG-QiMen/internal/plugins/adapted/network/snmp/snmp.go:189.2,189.36 1 7
github.com/LCUstinian/FG-QiMen/internal/plugins/adapted/network/snmp/snmp.go:189.36,191.3 1 0
github.com/LCUstinian/FG-QiMen/internal/plugins/adapted/network/snmp/snmp.go:192.2,192.16 1 7
github.com/LCUstinian/FG-QiMen/internal/plugins/adapted/network/snmp/snmp.go:195.33,196.87 1 0
github.com/LCUstinian/FG-QiMen/internal/plugins/adapted/network/snmp/snmp.go:196.87,198.3 1 0
github.com/LCUstinian/FG-QiMen/internal/plugins/adapted/network/snmp/snmp.go:199.2,199.10 1 0
github.com/LCUstinian/FG-QiMen/internal/plugins/adapted/network/snmp/snmp.go:202.37,203.22 1 0
github.com/LCUstinian/FG-QiMen/internal/plugins/adapted/network/snmp/snmp.go:203.22,204.24 1 0
github.com/LCUstinian/FG-QiMen/internal/plugins/adapted/network/snmp/snmp.go:204.24,206.4 1 0
github.com/LCUstinian/FG-QiMen/internal/plugins/adapted/network/snmp/snmp.go:208.2,208.16 1 0
github.com/LCUstinian/FG-QiMen/internal/plugins/adapted/network/snmpv3/snmpv3.go:40.20,40.40 1 2
github.com/LCUstinian/FG-QiMen/internal/plugins/adapted/network/snmpv3/snmpv3.go:42.13,42.40 1 1
github.com/LCUstinian/FG-QiMen/internal/plugins/adapted/network/snmpv3/snmpv3.go:45.32,45.51 1 3
github.com/LCUstinian/FG-QiMen/internal/plugins/adapted/network/snmpv3/snmpv3.go:48.32,48.58 1 1
github.com/LCUstinian/FG-QiMen/internal/plugins/adapted/network/snmpv3/snmpv3.go:51.39,51.70 1 2
github.com/LCUstinian/FG-QiMen/internal/plugins/adapted/network/snmpv3/snmpv3.go:56.107,58.2 1 0
github.com/LCUstinian/FG-QiMen/internal/plugins/adapted/network/snmpv3/snmpv3.go:66.85,87.41 2 1
github.com/LCUstinian/FG-QiMen/internal/plugins/adapted/network/snmpv3/snmpv3.go:87.41,89.3 1 0
github.com/LCUstinian/FG-QiMen/internal/plugins/adapted/network/snmpv3/snmpv3.go:90.2,100.16 6 1
github.com/LCUstinian/FG-QiMen/internal/plugins/adapted/network/snmpv3/snmpv3.go:100.16,116.16 3 1
github.com/LCUstinian/FG-QiMen/internal/plugins/adapted/network/snmpv3/snmpv3.go:116.16,132.4 3 0
github.com/LCUstinian/FG-QiMen/internal/plugins/adapted/network/snmpv3/snmpv3.go:133.3,133.13 1 1
github.com/LCUstinian/FG-QiMen/internal/plugins/adapted/network/snmpv3/snmpv3.go:137.2,143.3 1 0
github.com/LCUstinian/FG-QiMen/internal/plugins/adapted/network/snmpv3/snmpv3.go:148.51,149.28 1 1
github.com/LCUstinian/FG-QiMen/internal/plugins/adapted/network/snmpv3/snmpv3.go:149.28,150.21 1 5
github.com/LCUstinian/FG-QiMen/internal/plugins/adapted/network/snmpv3/snmpv3.go:150.21,152.4 1 0
github.com/LCUstinian/FG-QiMen/internal/plugins/adapted/network/snmpv3/snmpv3.go:154.2,154.14 1 1
github.com/LCUstinian/FG-QiMen/internal/plugins/adapted/network/snmpv3/snmpv3.go:159.35,160.19 1 5
github.com/LCUstinian/FG-QiMen/internal/plugins/adapted/network/snmpv3/snmpv3.go:160.19,162.3 1 0
github.com/LCUstinian/FG-QiMen/internal/plugins/adapted/network/snmpv3/snmpv3.go:163.2,163.40 1 5
github.com/LCUstinian/FG-QiMen/internal/plugins/adapted/network/snmpv3/snmpv3.go:163.40,164.29 1 108
github.com/LCUstinian/FG-QiMen/internal/plugins/adapted/network/snmpv3/snmpv3.go:164.29,166.4 1 0
github.com/LCUstinian/FG-QiMen/internal/plugins/adapted/network/snmpv3/snmpv3.go:168.2,168.14 1 5
github.com/LCUstinian/FG-QiMen/internal/plugins/adapted/network/snmpv3/snmpv3.go:173.39,174.17 1 0
github.com/LCUstinian/FG-QiMen/internal/plugins/adapted/network/snmpv3/snmpv3.go:174.17,176.3 1 0
github.com/LCUstinian/FG-QiMen/internal/plugins/adapted/network/snmpv3/snmpv3.go:177.2,177.22 1 0
github.com/LCUstinian/FG-QiMen/internal/plugins/adapted/network/socks5/socks5.go:24.20,24.40 1 2
github.com/LCUstinian/FG-QiMen/internal/plugins/adapted/network/socks5/socks5.go:26.13,26.40 1 1
github.com/LCUstinian/FG-QiMen/internal/plugins/adapted/network/socks5/socks5.go:29.32,29.51 1 3
github.com/LCUstinian/FG-QiMen/internal/plugins/adapted/network/socks5/socks5.go:32.32,32.54 1 1
github.com/LCUstinian/FG-QiMen/internal/plugins/adapted/network/socks5/socks5.go:35.39,35.95 1 2
github.com/LCUstinian/FG-QiMen/internal/plugins/adapted/network/socks5/socks5.go:38.107,40.2 1 1
github.com/LCUstinian/FG-QiMen/internal/plugins/adapted/network/socks5/socks5.go:44.85,45.83 1 1
github.com/LCUstinian/FG-QiMen/internal/plugins/adapted/network/socks5/socks5.go:45.83,48.65 1 0
github.com/LCUstinian/FG-QiMen/internal/plugins/adapted/network/socks5/socks5.go:48.65,50.4 1 0
github.com/LCUstinian/FG-QiMen/internal/plugins/adapted/network/socks5/socks5.go:51.3,52.50 2 0
github.com/LCUstinian/FG-QiMen/internal/plugins/adapted/network/socks5/socks5.go:52.50,54.4 1 0
github.com/LCUstinian/FG-QiMen/internal/plugins/adapted/network/socks5/socks5.go:55.3,55.21 1 0
github.com/LCUstinian/FG-QiMen/internal/plugins/adapted/network/socks5/socks5.go:55.21,57.4 1 0
github.com/LCUstinian/FG-QiMen/internal/plugins/adapted/network/socks5/socks5.go:58.3,61.4 1 0
github.com/LCUstinian/FG-QiMen/internal/plugins/adapted/network/socks5/socks5.go:65.54,67.23 2 0
github.com/LCUstinian/FG-QiMen/internal/plugins/adapted/network/socks5/socks5.go:67.23,70.17 3 0
github.com/LCUstinian/FG-QiMen/internal/plugins/adapted/network/socks5/socks5.go:70.17,72.4 1 0
github.com/LCUstinian/FG-QiMen/internal/plugins/adapted/network/socks5/socks5.go:74.2,74.19 1 0
github.com/LCUstinian/FG-QiMen/internal/plugins/adapted/remote/ipmi/ipmi.go:24.20,24.40 1 2
github.com/LCUstinian/FG-QiMen/internal/plugins/adapted/remote/ipmi/ipmi.go:26.13,26.40 1 1
github.com/LCUstinian/FG-QiMen/internal/plugins/adapted/remote/ipmi/ipmi.go:29.32,29.49 1 3
github.com/LCUstinian/FG-QiMen/internal/plugins/adapted/remote/ipmi/ipmi.go:32.32,32.53 1 1
github.com/LCUstinian/FG-QiMen/internal/plugins/adapted/remote/ipmi/ipmi.go:35.39,35.95 1 2
github.com/LCUstinian/FG-QiMen/internal/plugins/adapted/remote/ipmi/ipmi.go:38.107,40.2 1 1
github.com/LCUstinian/FG-QiMen/internal/plugins/adapted/remote/ipmi/ipmi.go:44.85,48.16 4 1
github.com/LCUstinian/FG-QiMen/internal/plugins/adapted/remote/ipmi/ipmi.go:48.16,50.3 1 0
github.com/LCUstinian/FG-QiMen/internal/plugins/adapted/remote/ipmi/ipmi.go:51.2,57.43 4 1
github.com/LCUstinian/FG-QiMen/internal/plugins/adapted/remote/ipmi/ipmi.go:57.43,59.3 1 0
github.com/LCUstinian/FG-QiMen/internal/plugins/adapted/remote/ipmi/ipmi.go:61.2,62.42 2 1
github.com/LCUstinian/FG-QiMen/internal/plugins/adapted/remote/ipmi/ipmi.go:62.42,64.3 1 1
github.com/LCUstinian/FG-QiMen/internal/plugins/adapted/remote/ipmi/ipmi.go:65.2,65.20 1 0
github.com/LCUstinian/FG-QiMen/internal/plugins/adapted/remote/ipmi/ipmi.go:65.20,70.3 1 0
github.com/LCUstinian/FG-QiMen/internal/plugins/adapted/remote/ipmi/ipmi.go:71.2,71.12 1 0
github.com/LCUstinian/FG-QiMen/internal/plugins/adapted/network/tftp/tftp.go:29.20,29.40 1 2
github.com/LCUstinian/FG-QiMen/internal/plugins/adapted/network/tftp/tftp.go:31.13,31.40 1 1
github.com/LCUstinian/FG-QiMen/internal/plugins/adapted/network/tftp/tftp.go:34.32,34.49 1 3
github.com/LCUstinian/FG-QiMen/internal/plugins/adapted/network/tftp/tftp.go:37.32,37.52 1 1
github.com/LCUstinian/FG-QiMen/internal/plugins/adapted/network/tftp/tftp.go:40.39,40.70 1 2
github.com/LCUstinian/FG-QiMen/internal/plugins/adapted/network/tftp/tftp.go:43.87,45.2 1 0
github.com/LCUstinian/FG-QiMen/internal/plugins/adapted/network/tftp/tftp.go:49.85,50.83 1 1
github.com/LCUstinian/FG-QiMen/internal/plugins/adapted/network/tftp/tftp.go:50.83,52.44 2 1
github.com/LCUstinian/FG-QiMen/internal/plugins/adapted/network/tftp/tftp.go:52.44,54.4 1 0
github.com/LCUstinian/FG-QiMen/internal/plugins/adapted/network/tftp/tftp.go:55.3,57.26 3 1
github.com/LCUstinian/FG-QiMen/internal/plugins/adapted/network/tftp/tftp.go:57.26,59.4 1 1
github.com/LCUstinian/FG-QiMen/internal/plugins/adapted/network/tftp/tftp.go:60.3,61.17 2 0
github.com/LCUstinian/FG-QiMen/internal/plugins/adapted/network/tftp/tftp.go:62.10,68.5 2 0
github.com/LCUstinian/FG-QiMen/internal/plugins/adapted/network/tftp/tftp.go:69.10,71.15 2 0
github.com/LCUstinian/FG-QiMen/internal/plugins/adapted/network/tftp/tftp.go:71.15,77.5 1 0
github.com/LCUstinian/FG-QiMen/internal/plugins/adapted/network/tftp/tftp.go:79.3,79.13 1 0
github.com/LCUstinian/FG-QiMen/internal/plugins/adapted/network/tftp/tftp.go:85.25,86.12 1 0
github.com/LCUstinian/FG-QiMen/internal/plugins/adapted/network/tftp/tftp.go:86.12,88.3 1 0
github.com/LCUstinian/FG-QiMen/internal/plugins/adapted/network/tftp/tftp.go:89.2,91.12 3 0
github.com/LCUstinian/FG-QiMen/internal/plugins/adapted/network/tftp/tftp.go:91.12,95.3 3 0
github.com/LCUstinian/FG-QiMen/internal/plugins/adapted/network/tftp/tftp.go:96.2,96.22 1 0
github.com/LCUstinian/FG-QiMen/internal/plugins/adapted/remote/rdpnla/rdpnla.go:51.20,51.40 1 1
github.com/LCUstinian/FG-QiMen/internal/plugins/adapted/remote/rdpnla/rdpnla.go:53.13,53.40 1 1
github.com/LCUstinian/FG-QiMen/internal/plugins/adapted/remote/rdpnla/rdpnla.go:56.32,56.52 1 2
github.com/LCUstinian/FG-QiMen/internal/plugins/adapted/remote/rdpnla/rdpnla.go:59.32,59.54 1 0
github.com/LCUstinian/FG-QiMen/internal/plugins/adapted/remote/rdpnla/rdpnla.go:62.39,62.70 1 0
github.com/LCUstinian/FG-QiMen/internal/plugins/adapted/remote/rdpnla/rdpnla.go:67.107,69.2 1 0
github.com/LCUstinian/FG-QiMen/internal/plugins/adapted/remote/rdpnla/rdpnla.go:74.85,75.83 1 0
github.com/LCUstinian/FG-QiMen/internal/plugins/adapted/remote/rdpnla/rdpnla.go:75.83,80.43 3 0
github.com/LCUstinian/FG-QiMen/internal/plugins/adapted/remote/rdpnla/rdpnla.go:80.43,82.4 1 0
github.com/LCUstinian/FG-QiMen/internal/plugins/adapted/remote/rdpnla/rdpnla.go:87.3,88.48 2 0
github.com/LCUstinian/FG-QiMen/internal/plugins/adapted/remote/rdpnla/rdpnla.go:88.48,90.4 1 0
github.com/LCUstinian/FG-QiMen/internal/plugins/adapted/remote/rdpnla/rdpnla.go:91.3,91.36 1 0
github.com/LCUstinian/FG-QiMen/internal/plugins/adapted/remote/rdpnla/rdpnla.go:91.36,94.4 1 0
github.com/LCUstinian/FG-QiMen/internal/plugins/adapted/remote/rdpnla/rdpnla.go:99.3,100.49 2 0
github.com/LCUstinian/FG-QiMen/internal/plugins/adapted/remote/rdpnla/rdpnla.go:100.49,102.4 1 0
github.com/LCUstinian/FG-QiMen/internal/plugins/adapted/remote/rdpnla/rdpnla.go:112.3,112.20 1 0
github.com/LCUstinian/FG-QiMen/internal/plugins/adapted/remote/rdpnla/rdpnla.go:112.20,114.4 1 0
github.com/LCUstinian/FG-QiMen/internal/plugins/adapted/remote/rdpnla/rdpnla.go:115.3,122.19 4 0
github.com/LCUstinian/FG-QiMen/internal/plugins/adapted/remote/rdpnla/rdpnla.go:123.23,124.41 1 0
github.com/LCUstinian/FG-QiMen/internal/plugins/adapted/remote/rdpnla/rdpnla.go:125.20,126.58 1 0
github.com/LCUstinian/FG-QiMen/internal/plugins/adapted/remote/rdpnla/rdpnla.go:127.20,128.37 1 0
github.com/LCUstinian/FG-QiMen/internal/plugins/adapted/remote/rdpnla/rdpnla.go:129.11,130.55 1 0
github.com/LCUstinian/FG-QiMen/internal/plugins/adapted/remote/rdpnla/rdpnla.go:145.3,146.45 2 0
github.com/LCUstinian/FG-QiMen/internal/plugins/adapted/remote/rdpnla/rdpnla.go:146.45,152.4 1 0
github.com/LCUstinian/FG-QiMen/internal/plugins/adapted/remote/rdpnla/rdpnla.go:154.3,158.13 5 0
github.com/LCUstinian/FG-QiMen/internal/plugins/adapted/remote/rdpnla/rdpnla.go:158.13,160.4 1 0
github.com/LCUstinian/FG-QiMen/internal/plugins/adapted/remote/rdpnla/rdpnla.go:160.9,160.53 1 0
github.com/LCUstinian/FG-QiMen/internal/plugins/adapted/remote/rdpnla/rdpnla.go:160.53,164.4 1 0
github.com/LCUstinian/FG-QiMen/internal/plugins/adapted/remote/rdpnla/rdpnla.go:164.9,166.4 1 0
github.com/LCUstinian/FG-QiMen/internal/plugins/adapted/remote/rdpnla/rdpnla.go:167.3,171.4 1 0
github.com/LCUstinian/FG-QiMen/internal/plugins/adapted/remote/rdpnla/rdpnla.go:178.40,205.2 9 1
github.com/LCUstinian/FG-QiMen/internal/plugins/adapted/remote/rdpnla/rdpnla.go:213.34,240.2 12 2
github.com/LCUstinian/FG-QiMen/internal/plugins/adapted/remote/rdpnla/rdpnla.go:244.52,246.23 2 0
github.com/LCUstinian/FG-QiMen/internal/plugins/adapted/remote/rdpnla/rdpnla.go:246.23,249.17 3 0
github.com/LCUstinian/FG-QiMen/internal/plugins/adapted/remote/rdpnla/rdpnla.go:249.17,251.4 1 0
github.com/LCUstinian/FG-QiMen/internal/plugins/adapted/remote/rdpnla/rdpnla.go:253.2,253.19 1 0
github.com/LCUstinian/FG-QiMen/internal/plugins/adapted/remote/ssh/ssh.go:35.20,35.40 1 2
github.com/LCUstinian/FG-QiMen/internal/plugins/adapted/remote/ssh/ssh.go:37.13,37.40 1 1
github.com/LCUstinian/FG-QiMen/internal/plugins/adapted/remote/ssh/ssh.go:40.32,40.48 1 3
github.com/LCUstinian/FG-QiMen/internal/plugins/adapted/remote/ssh/ssh.go:43.32,43.58 1 1
github.com/LCUstinian/FG-QiMen/internal/plugins/adapted/remote/ssh/ssh.go:46.39,46.70 1 2
github.com/LCUstinian/FG-QiMen/internal/plugins/adapted/remote/ssh/ssh.go:51.107,53.2 1 0
github.com/LCUstinian/FG-QiMen/internal/plugins/adapted/remote/ssh/ssh.go:58.85,59.83 1 1
github.com/LCUstinian/FG-QiMen/internal/plugins/adapted/remote/ssh/ssh.go:59.83,62.17 3 0
github.com/LCUstinian/FG-QiMen/internal/plugins/adapted/remote/ssh/ssh.go:62.17,64.4 1 0
github.com/LCUstinian/FG-QiMen/internal/plugins/adapted/remote/ssh/ssh.go:65.3,69.39 2 0
github.com/LCUstinian/FG-QiMen/internal/plugins/adapted/remote/ssh/ssh.go:69.39,71.4 1 0
github.com/LCUstinian/FG-QiMen/internal/plugins/adapted/remote/ssh/ssh.go:81.3,88.21 4 0
github.com/LCUstinian/FG-QiMen/internal/plugins/adapted/remote/ssh/ssh.go:88.21,90.4 1 0
github.com/LCUstinian/FG-QiMen/internal/plugins/adapted/remote/ssh/ssh.go:92.3,101.4 4 0
github.com/LCUstinian/FG-QiMen/internal/plugins/adapted/remote/ssh/ssh.go:107.39,109.9 2 0
github.com/LCUstinian/FG-QiMen/internal/plugins/adapted/remote/ssh/ssh.go:110.39,111.19 1 0
github.com/LCUstinian/FG-QiMen/internal/plugins/adapted/remote/ssh/ssh.go:112.40,113.20 1 0
github.com/LCUstinian/FG-QiMen/internal/plugins/adapted/remote/ssh/ssh.go:114.37,115.18 1 0
github.com/LCUstinian/FG-QiMen/internal/plugins/adapted/remote/ssh/ssh.go:116.39,117.20 1 0
github.com/LCUstinian/FG-QiMen/internal/plugins/adapted/remote/ssh/ssh.go:118.36,119.17 1 0
github.com/LCUstinian/FG-QiMen/internal/plugins/adapted/remote/ssh/ssh.go:120.37,121.18 1 0
github.com/LCUstinian/FG-QiMen/internal/plugins/adapted/remote/ssh/ssh.go:122.36,123.21 1 0
github.com/LCUstinian/FG-QiMen/internal/plugins/adapted/remote/ssh/ssh.go:124.37,125.18 1 0
github.com/LCUstinian/FG-QiMen/internal/plugins/adapted/remote/ssh/ssh.go:126.34,127.15 1 0
github.com/LCUstinian/FG-QiMen/internal/plugins/adapted/remote/ssh/ssh.go:128.37,129.18 1 0
github.com/LCUstinian/FG-QiMen/internal/plugins/adapted/remote/ssh/ssh.go:130.39,131.20 1 0
github.com/LCUstinian/FG-QiMen/internal/plugins/adapted/remote/ssh/ssh.go:132.10,133.15 1 0
github.com/LCUstinian/FG-QiMen/internal/plugins/adapted/remote/ssh/ssh.go:138.49,139.18 1 0
github.com/LCUstinian/FG-QiMen/internal/plugins/adapted/remote/ssh/ssh.go:139.18,141.3 1 0
github.com/LCUstinian/FG-QiMen/internal/plugins/adapted/remote/ssh/ssh.go:142.2,142.69 1 0
github.com/LCUstinian/FG-QiMen/internal/plugins/adapted/remote/ssh/ssh.go:147.39,148.17 1 0
github.com/LCUstinian/FG-QiMen/internal/plugins/adapted/remote/ssh/ssh.go:148.17,150.3 1 0
github.com/LCUstinian/FG-QiMen/internal/plugins/adapted/remote/ssh/ssh.go:151.2,151.22 1 0
github.com/LCUstinian/FG-QiMen/internal/plugins/adapted/remote/telnet/telnet.go:34.20,34.40 1 2
github.com/LCUstinian/FG-QiMen/internal/plugins/adapted/remote/telnet/telnet.go:36.13,36.40 1 1
github.com/LCUstinian/FG-QiMen/internal/plugins/adapted/remote/telnet/telnet.go:39.32,39.51 1 3
github.com/LCUstinian/FG-QiMen/internal/plugins/adapted/remote/telnet/telnet.go:42.32,42.58 1 1
github.com/LCUstinian/FG-QiMen/internal/plugins/adapted/remote/telnet/telnet.go:45.39,45.95 1 2
github.com/LCUstinian/FG-QiMen/internal/plugins/adapted/remote/telnet/telnet.go:48.107,50.2 1 1
github.com/LCUstinian/FG-QiMen/internal/plugins/adapted/remote/telnet/telnet.go:56.85,60.16 4 1
github.com/LCUstinian/FG-QiMen/internal/plugins/adapted/remote/telnet/telnet.go:60.16,62.3 1 1
github.com/LCUstinian/FG-QiMen/internal/plugins/adapted/remote/telnet/telnet.go:63.2,67.12 5 0
github.com/LCUstinian/FG-QiMen/internal/plugins/adapted/remote/telnet/telnet.go:67.12,69.3 1 0
github.com/LCUstinian/FG-QiMen/internal/plugins/adapted/remote/telnet/telnet.go:70.2,81.27 3 0
github.com/LCUstinian/FG-QiMen/internal/plugins/adapted/remote/telnet/telnet.go:81.27,83.24 2 0
github.com/LCUstinian/FG-QiMen/internal/plugins/adapted/remote/telnet/telnet.go:83.24,85.4 1 0
github.com/LCUstinian/FG-QiMen/internal/plugins/adapted/remote/telnet/telnet.go:86.3,89.4 1 0
github.com/LCUstinian/FG-QiMen/internal/plugins/adapted/remote/telnet/telnet.go:91.2,91.12 1 0
github.com/LCUstinian/FG-QiMen/internal/plugins/adapted/remote/telnet/telnet.go:97.32,99.30 2 0
github.com/LCUstinian/FG-QiMen/internal/plugins/adapted/remote/telnet/telnet.go:99.30,101.16 2 0
github.com/LCUstinian/FG-QiMen/internal/plugins/adapted/remote/telnet/telnet.go:101.16,103.12 2 0
github.com/LCUstinian/FG-QiMen/internal/plugins/adapted/remote/telnet/telnet.go:105.3,105.65 1 0
github.com/LCUstinian/FG-QiMen/internal/plugins/adapted/remote/telnet/telnet.go:105.65,107.4 1 0
github.com/LCUstinian/FG-QiMen/internal/plugins/adapted/remote/telnet/telnet.go:109.2,109.40 1 0
github.com/LCUstinian/FG-QiMen/internal/plugins/adapted/remote/telnet/telnet.go:117.39,119.22 2 0
github.com/LCUstinian/FG-QiMen/internal/plugins/adapted/remote/telnet/telnet.go:119.22,120.26 1 0
github.com/LCUstinian/FG-QiMen/internal/plugins/adapted/remote/telnet/telnet.go:120.26,122.4 1 0
github.com/LCUstinian/FG-QiMen/internal/plugins/adapted/remote/telnet/telnet.go:124.2,124.19 1 0
github.com/LCUstinian/FG-QiMen/internal/plugins/adapted/remote/vnc/vnc.go:27.20,27.40 1 2
github.com/LCUstinian/FG-QiMen/internal/plugins/adapted/remote/vnc/vnc.go:29.13,29.40 1 1
github.com/LCUstinian/FG-QiMen/internal/plugins/adapted/remote/vnc/vnc.go:32.32,32.48 1 3
github.com/LCUstinian/FG-QiMen/internal/plugins/adapted/remote/vnc/vnc.go:35.32,35.84 1 1
github.com/LCUstinian/FG-QiMen/internal/plugins/adapted/remote/vnc/vnc.go:43.39,43.95 1 2
github.com/LCUstinian/FG-QiMen/internal/plugins/adapted/remote/vnc/vnc.go:46.107,48.2 1 1
github.com/LCUstinian/FG-QiMen/internal/plugins/adapted/remote/vnc/vnc.go:53.85,57.16 4 1
github.com/LCUstinian/FG-QiMen/internal/plugins/adapted/remote/vnc/vnc.go:57.16,59.3 1 1
github.com/LCUstinian/FG-QiMen/internal/plugins/adapted/remote/vnc/vnc.go:60.2,64.26 5 0
github.com/LCUstinian/FG-QiMen/internal/plugins/adapted/remote/vnc/vnc.go:64.26,66.3 1 0
github.com/LCUstinian/FG-QiMen/internal/plugins/adapted/remote/vnc/vnc.go:67.2,67.32 1 0
github.com/LCUstinian/FG-QiMen/internal/plugins/adapted/remote/vnc/vnc.go:67.32,69.3 1 0
github.com/LCUstinian/FG-QiMen/internal/plugins/adapted/remote/vnc/vnc.go:70.2,74.3 1 0
github.com/LCUstinian/FG-QiMen/internal/plugins/adapted/remote/winrm/winrm.go:37.20,37.40 1 2
github.com/LCUstinian/FG-QiMen/internal/plugins/adapted/remote/winrm/winrm.go:39.13,39.40 1 1
github.com/LCUstinian/FG-QiMen/internal/plugins/adapted/remote/winrm/winrm.go:42.32,42.50 1 3
github.com/LCUstinian/FG-QiMen/internal/plugins/adapted/remote/winrm/winrm.go:45.32,45.60 1 1
github.com/LCUstinian/FG-QiMen/internal/plugins/adapted/remote/winrm/winrm.go:48.39,48.95 1 2
github.com/LCUstinian/FG-QiMen/internal/plugins/adapted/remote/winrm/winrm.go:51.107,53.2 1 1
github.com/LCUstinian/FG-QiMen/internal/plugins/adapted/remote/winrm/winrm.go:58.85,67.51 4 1
github.com/LCUstinian/FG-QiMen/internal/plugins/adapted/remote/winrm/winrm.go:67.51,71.17 4 2
github.com/LCUstinian/FG-QiMen/internal/plugins/adapted/remote/winrm/winrm.go:71.17,72.12 1 2
github.com/LCUstinian/FG-QiMen/internal/plugins/adapted/remote/winrm/winrm.go:74.3,82.51 3 0
github.com/LCUstinian/FG-QiMen/internal/plugins/adapted/remote/winrm/winrm.go:82.51,87.4 1 0
github.com/LCUstinian/FG-QiMen/internal/plugins/adapted/remote/winrm/winrm.go:89.2,89.12 1 1
github.com/LCUstinian/FG-QiMen/internal/plugins/adapted/remote/rdp/rdp.go:43.20,43.40 1 4
github.com/LCUstinian/FG-QiMen/internal/plugins/adapted/remote/rdp/rdp.go:47.13,47.40 1 1
github.com/LCUstinian/FG-QiMen/internal/plugins/adapted/remote/rdp/rdp.go:50.32,50.48 1 2
github.com/LCUstinian/FG-QiMen/internal/plugins/adapted/remote/rdp/rdp.go:53.32,53.54 1 0
github.com/LCUstinian/FG-QiMen/internal/plugins/adapted/remote/rdp/rdp.go:60.39,60.70 1 0
github.com/LCUstinian/FG-QiMen/internal/plugins/adapted/remote/rdp/rdp.go:63.107,65.2 1 0
github.com/LCUstinian/FG-QiMen/internal/plugins/adapted/remote/rdp/rdp.go:73.85,75.16 2 3
github.com/LCUstinian/FG-QiMen/internal/plugins/adapted/remote/rdp/rdp.go:75.16,77.3 1 1
github.com/LCUstinian/FG-QiMen/internal/plugins/adapted/remote/rdp/rdp.go:78.2,90.42 5 2
github.com/LCUstinian/FG-QiMen/internal/plugins/adapted/remote/rdp/rdp.go:90.42,92.3 1 0
github.com/LCUstinian/FG-QiMen/internal/plugins/adapted/remote/rdp/rdp.go:93.2,94.16 2 2
github.com/LCUstinian/FG-QiMen/internal/plugins/adapted/remote/rdp/rdp.go:94.16,96.3 1 0
github.com/LCUstinian/FG-QiMen/internal/plugins/adapted/remote/rdp/rdp.go:97.2,104.40 3 2
github.com/LCUstinian/FG-QiMen/internal/plugins/adapted/remote/rdp/rdp.go:104.40,106.3 1 0
github.com/LCUstinian/FG-QiMen/internal/plugins/adapted/remote/rdp/rdp.go:109.2,110.42 2 2
github.com/LCUstinian/FG-QiMen/internal/plugins/adapted/remote/rdp/rdp.go:110.42,112.3 1 0
github.com/LCUstinian/FG-QiMen/internal/plugins/adapted/remote/rdp/rdp.go:119.2,120.47 2 2
github.com/LCUstinian/FG-QiMen/internal/plugins/adapted/remote/rdp/rdp.go:120.47,122.3 1 0
github.com/LCUstinian/FG-QiMen/internal/plugins/adapted/remote/rdp/rdp.go:123.2,124.17 2 2
github.com/LCUstinian/FG-QiMen/internal/plugins/adapted/remote/rdp/rdp.go:124.17,126.3 1 0
github.com/LCUstinian/FG-QiMen/internal/plugins/adapted/remote/rdp/rdp.go:127.2,128.51 2 2
github.com/LCUstinian/FG-QiMen/internal/plugins/adapted/remote/rdp/rdp.go:128.51,130.3 1 0
github.com/LCUstinian/FG-QiMen/internal/plugins/adapted/remote/rdp/rdp.go:131.2,132.16 2 2
github.com/LCUstinian/FG-QiMen/internal/plugins/adapted/remote/rdp/rdp.go:132.16,134.3 1 0
github.com/LCUstinian/FG-QiMen/internal/plugins/adapted/remote/rdp/rdp.go:135.2,149.3 5 2
github.com/LCUstinian/FG-QiMen/internal/plugins/adapted/remote/rdp/rdp.go:154.99,157.2 2 3
github.com/LCUstinian/FG-QiMen/internal/plugins/adapted/remote/rdp/rdp.go:161.52,163.23 2 4
github.com/LCUstinian/FG-QiMen/internal/plugins/adapted/remote/rdp/rdp.go:163.23,166.17 3 4
github.com/LCUstinian/FG-QiMen/internal/plugins/adapted/remote/rdp/rdp.go:166.17,168.4 1 0
github.com/LCUstinian/FG-QiMen/internal/plugins/adapted/remote/rdp/rdp.go:170.2,170.19 1 4
github.com/LCUstinian/FG-QiMen/internal/plugins/adapted/remote/rdp/rdp.go:190.62,193.13 3 2
github.com/LCUstinian/FG-QiMen/internal/plugins/adapted/remote/rdp/rdp.go:193.13,195.3 1 0
github.com/LCUstinian/FG-QiMen/internal/plugins/adapted/remote/rdp/rdp.go:196.2,198.23 3 2
github.com/LCUstinian/FG-QiMen/internal/plugins/adapted/remote/rdp/rdp.go:198.23,200.3 1 0
github.com/LCUstinian/FG-QiMen/internal/plugins/adapted/remote/rdp/rdp.go:201.2,201.40 1 2
github.com/LCUstinian/FG-QiMen/internal/plugins/adapted/remote/rdp/rdp.go:206.43,207.22 1 2
github.com/LCUstinian/FG-QiMen/internal/plugins/adapted/remote/rdp/rdp.go:207.22,209.3 1 0
github.com/LCUstinian/FG-QiMen/internal/plugins/adapted/remote/rdp/rdp.go:210.2,210.50 1 2
github.com/LCUstinian/FG-QiMen/internal/plugins/adapted/remote/rdp/rdp.go:210.50,212.36 2 16
github.com/LCUstinian/FG-QiMen/internal/plugins/adapted/remote/rdp/rdp.go:212.36,213.34 1 30
github.com/LCUstinian/FG-QiMen/internal/plugins/adapted/remote/rdp/rdp.go:213.34,215.10 2 14
github.com/LCUstinian/FG-QiMen/internal/plugins/adapted/remote/rdp/rdp.go:218.3,218.12 1 16
github.com/LCUstinian/FG-QiMen/internal/plugins/adapted/remote/rdp/rdp.go:218.12,220.4 1 2
github.com/LCUstinian/FG-QiMen/internal/plugins/adapted/remote/rdp/rdp.go:222.2,222.11 1 0
github.com/LCUstinian/FG-QiMen/internal/plugins/adapted/remote/rdp/wire_ber.go:19.38,24.2 4 3
github.com/LCUstinian/FG-QiMen/internal/plugins/adapted/remote/rdp/wire_ber.go:29.30,30.13 1 6
github.com/LCUstinian/FG-QiMen/internal/plugins/adapted/remote/rdp/wire_ber.go:30.13,32.3 1 0
github.com/LCUstinian/FG-QiMen/internal/plugins/adapted/remote/rdp/wire_ber.go:35.2,36.32 2 6
github.com/LCUstinian/FG-QiMen/internal/plugins/adapted/remote/rdp/wire_ber.go:36.32,38.3 1 0
github.com/LCUstinian/FG-QiMen/internal/plugins/adapted/remote/rdp/wire_ber.go:39.2,41.26 3 6
github.com/LCUstinian/FG-QiMen/internal/plugins/adapted/remote/rdp/wire_ber.go:41.26,44.3 2 6
github.com/LCUstinian/FG-QiMen/internal/plugins/adapted/remote/rdp/wire_ber.go:45.2,45.12 1 6
github.com/LCUstinian/FG-QiMen/internal/plugins/adapted/remote/rdp/wire_gcc.go:34.47,53.2 12 3
github.com/LCUstinian/FG-QiMen/internal/plugins/adapted/remote/rdp/wire_gcc.go:58.46,90.24 19 3
github.com/LCUstinian/FG-QiMen/internal/plugins/adapted/remote/rdp/wire_gcc.go:90.24,92.3 1 0
github.com/LCUstinian/FG-QiMen/internal/plugins/adapted/remote/rdp/wire_gcc.go:94.2,101.10 5 3
github.com/LCUstinian/FG-QiMen/internal/plugins/adapted/remote/rdp/wire_gcc.go:111.35,114.2 1 3
github.com/LCUstinian/FG-QiMen/internal/plugins/adapted/remote/rdp/wire_gcc.go:119.34,123.2 1 3
github.com/LCUstinian/FG-QiMen/internal/plugins/adapted/remote/rdp/wire_mcs.go:34.39,52.2 3 3
github.com/LCUstinian/FG-QiMen/internal/plugins/adapted/remote/rdp/wire_mcs.go:59.52,82.2 7 3
github.com/LCUstinian/FG-QiMen/internal/plugins/adapted/remote/rdp/wire_servercore.go:66.48,67.20 1 5
github.com/LCUstinian/FG-QiMen/internal/plugins/adapted/remote/rdp/wire_servercore.go:68.18,69.50 1 3
github.com/LCUstinian/FG-QiMen/internal/plugins/adapted/remote/rdp/wire_servercore.go:70.18,71.47 1 1
github.com/LCUstinian/FG-QiMen/internal/plugins/adapted/remote/rdp/wire_servercore.go:72.10,73.43 1 1
github.com/LCUstinian/FG-QiMen/internal/plugins/adapted/remote/rdp/wire_servercore.go:80.53,84.17 1 3
github.com/LCUstinian/FG-QiMen/internal/plugins/adapted/remote/rdp/wire_servercore.go:84.17,86.3 1 0
github.com/LCUstinian/FG-QiMen/internal/plugins/adapted/remote/rdp/wire_servercore.go:87.2,97.19 3 3
github.com/LCUstinian/FG-QiMen/internal/plugins/adapted/remote/rdp/wire_servercore.go:97.19,102.3 4 3
github.com/LCUstinian/FG-QiMen/internal/plugins/adapted/remote/rdp/wire_servercore.go:103.2,103.16 1 3
github.com/LCUstinian/FG-QiMen/internal/plugins/adapted/remote/rdp/wire_tpkt.go:48.39,57.2 8 8
github.com/LCUstinian/FG-QiMen/internal/plugins/adapted/remote/rdp/wire_tpkt.go:75.44,77.50 2 8
github.com/LCUstinian/FG-QiMen/internal/plugins/adapted/remote/rdp/wire_tpkt.go:77.50,79.3 1 0
github.com/LCUstinian/FG-QiMen/internal/plugins/adapted/remote/rdp/wire_tpkt.go:80.2,80.20 1 8
github.com/LCUstinian/FG-QiMen/internal/plugins/adapted/remote/rdp/wire_tpkt.go:80.20,82.3 1 1
github.com/LCUstinian/FG-QiMen/internal/plugins/adapted/remote/rdp/wire_tpkt.go:83.2,84.16 2 7
github.com/LCUstinian/FG-QiMen/internal/plugins/adapted/remote/rdp/wire_tpkt.go:84.16,86.3 1 0
github.com/LCUstinian/FG-QiMen/internal/plugins/adapted/remote/rdp/wire_tpkt.go:87.2,88.51 2 7
github.com/LCUstinian/FG-QiMen/internal/plugins/adapted/remote/rdp/wire_tpkt.go:88.51,90.3 1 1
github.com/LCUstinian/FG-QiMen/internal/plugins/adapted/remote/rdp/wire_tpkt.go:91.2,91.21 1 6
github.com/LCUstinian/FG-QiMen/internal/plugins/adapted/remote/rdp/wire_x224.go:93.68,118.2 15 4
github.com/LCUstinian/FG-QiMen/internal/plugins/adapted/remote/rdp/wire_x224.go:135.54,137.16 2 5
github.com/LCUstinian/FG-QiMen/internal/plugins/adapted/remote/rdp/wire_x224.go:137.16,139.3 1 0
github.com/LCUstinian/FG-QiMen/internal/plugins/adapted/remote/rdp/wire_x224.go:142.2,142.36 1 5
github.com/LCUstinian/FG-QiMen/internal/plugins/adapted/remote/rdp/wire_x224.go:142.36,144.3 1 1
github.com/LCUstinian/FG-QiMen/internal/plugins/adapted/remote/rdp/wire_x224.go:145.2,145.19 1 4
github.com/LCUstinian/FG-QiMen/internal/plugins/adapted/remote/rdp/wire_x224.go:145.19,147.3 1 0
github.com/LCUstinian/FG-QiMen/internal/plugins/adapted/remote/rdp/wire_x224.go:156.2,158.8 1 4
github.com/LCUstinian/FG-QiMen/internal/plugins/adapted/web/jenkins/jenkins.go:23.20,23.40 1 2
github.com/LCUstinian/FG-QiMen/internal/plugins/adapted/web/jenkins/jenkins.go:25.13,25.40 1 1
github.com/LCUstinian/FG-QiMen/internal/plugins/adapted/web/jenkins/jenkins.go:28.32,28.52 1 3
github.com/LCUstinian/FG-QiMen/internal/plugins/adapted/web/jenkins/jenkins.go:31.32,31.67 1 1
github.com/LCUstinian/FG-QiMen/internal/plugins/adapted/web/jenkins/jenkins.go:34.39,34.70 1 2
github.com/LCUstinian/FG-QiMen/internal/plugins/adapted/web/jenkins/jenkins.go:37.107,39.2 1 0
github.com/LCUstinian/FG-QiMen/internal/plugins/adapted/web/jenkins/jenkins.go:45.85,46.83 1 1
github.com/LCUstinian/FG-QiMen/internal/plugins/adapted/web/jenkins/jenkins.go:46.83,48.34 2 0
github.com/LCUstinian/FG-QiMen/internal/plugins/adapted/web/jenkins/jenkins.go:48.34,50.4 1 0
github.com/LCUstinian/FG-QiMen/internal/plugins/adapted/web/jenkins/jenkins.go:55.3,63.52 5 0
github.com/LCUstinian/FG-QiMen/internal/plugins/adapted/web/jenkins/jenkins.go:63.52,65.4 1 0
github.com/LCUstinian/FG-QiMen/internal/plugins/adapted/web/jenkins/jenkins.go:67.3,69.24 3 0
github.com/LCUstinian/FG-QiMen/internal/plugins/adapted/web/jenkins/jenkins.go:69.24,72.18 3 0
github.com/LCUstinian/FG-QiMen/internal/plugins/adapted/web/jenkins/jenkins.go:72.18,73.10 1 0
github.com/LCUstinian/FG-QiMen/internal/plugins/adapted/web/jenkins/jenkins.go:76.3,80.16 3 0
github.com/LCUstinian/FG-QiMen/internal/plugins/adapted/web/jenkins/jenkins.go:80.16,82.4 1 0
github.com/LCUstinian/FG-QiMen/internal/plugins/adapted/web/jenkins/jenkins.go:83.3,84.56 2 0
github.com/LCUstinian/FG-QiMen/internal/plugins/adapted/web/jenkins/jenkins.go:84.56,86.4 1 0
github.com/LCUstinian/FG-QiMen/internal/plugins/adapted/web/jenkins/jenkins.go:87.3,93.4 1 0
github.com/LCUstinian/FG-QiMen/internal/plugins/adapted/web/jenkins/jenkins.go:100.46,107.49 3 0
github.com/LCUstinian/FG-QiMen/internal/plugins/adapted/web/jenkins/jenkins.go:107.49,108.107 1 0
github.com/LCUstinian/FG-QiMen/internal/plugins/adapted/web/jenkins/jenkins.go:108.107,111.63 2 0
github.com/LCUstinian/FG-QiMen/internal/plugins/adapted/web/jenkins/jenkins.go:111.63,113.5 1 0
github.com/LCUstinian/FG-QiMen/internal/plugins/adapted/web/jenkins/jenkins.go:114.4,114.53 1 0
github.com/LCUstinian/FG-QiMen/internal/plugins/adapted/web/jenkins/jenkins.go:117.2,117.11 1 0
github.com/LCUstinian/FG-QiMen/internal/plugins/adapted/web/jenkins/jenkins.go:122.25,123.12 1 0
github.com/LCUstinian/FG-QiMen/internal/plugins/adapted/web/jenkins/jenkins.go:123.12,125.3 1 0
github.com/LCUstinian/FG-QiMen/internal/plugins/adapted/web/jenkins/jenkins.go:126.2,128.12 3 0
github.com/LCUstinian/FG-QiMen/internal/plugins/adapted/web/jenkins/jenkins.go:128.12,132.3 3 0
github.com/LCUstinian/FG-QiMen/internal/plugins/adapted/web/jenkins/jenkins.go:133.2,133.22 1 0
github.com/LCUstinian/FG-QiMen/internal/output/csv.go:36.50,37.32 1 9
github.com/LCUstinian/FG-QiMen/internal/output/csv.go:37.32,38.52 1 41
github.com/LCUstinian/FG-QiMen/internal/output/csv.go:38.52,40.4 1 4
github.com/LCUstinian/FG-QiMen/internal/output/csv.go:42.2,42.14 1 5
github.com/LCUstinian/FG-QiMen/internal/output/csv.go:51.52,52.24 1 56
github.com/LCUstinian/FG-QiMen/internal/output/csv.go:52.24,54.3 1 55
github.com/LCUstinian/FG-QiMen/internal/output/csv.go:55.2,55.29 1 1
github.com/LCUstinian/FG-QiMen/internal/output/output.go:30.53,30.78 1 5008
github.com/LCUstinian/FG-QiMen/internal/output/output.go:31.38,32.18 1 21
github.com/LCUstinian/FG-QiMen/internal/output/output.go:32.18,34.3 1 21
github.com/LCUstinian/FG-QiMen/internal/output/output.go:35.2,35.17 1 21
github.com/LCUstinian/FG-QiMen/internal/output/output.go:35.17,47.3 2 21
github.com/LCUstinian/FG-QiMen/internal/output/output.go:48.2,48.12 1 0
github.com/LCUstinian/FG-QiMen/internal/output/output.go:151.52,159.51 3 17
github.com/LCUstinian/FG-QiMen/internal/output/output.go:159.51,159.64 1 5
github.com/LCUstinian/FG-QiMen/internal/output/output.go:160.52,160.65 1 2
github.com/LCUstinian/FG-QiMen/internal/output/output.go:161.47,161.62 1 3
github.com/LCUstinian/FG-QiMen/internal/output/output.go:162.49,162.66 1 2
github.com/LCUstinian/FG-QiMen/internal/output/output.go:163.48,163.64 1 2
github.com/LCUstinian/FG-QiMen/internal/output/output.go:164.51,169.4 2 3
github.com/LCUstinian/FG-QiMen/internal/output/output.go:170.53,170.68 1 3
github.com/LCUstinian/FG-QiMen/internal/output/output.go:172.2,172.29 1 17
github.com/LCUstinian/FG-QiMen/internal/output/output.go:172.29,173.20 1 119
github.com/LCUstinian/FG-QiMen/internal/output/output.go:173.20,174.12 1 99
github.com/LCUstinian/FG-QiMen/internal/output/output.go:176.3,176.67 1 20
github.com/LCUstinian/FG-QiMen/internal/output/output.go:176.67,179.4 2 0
github.com/LCUstinian/FG-QiMen/internal/output/output.go:180.3,181.17 2 20
github.com/LCUstinian/FG-QiMen/internal/output/output.go:181.17,184.4 2 0
github.com/LCUstinian/FG-QiMen/internal/output/output.go:185.3,185.53 1 20
github.com/LCUstinian/FG-QiMen/internal/output/output.go:187.2,187.15 1 17
github.com/LCUstinian/FG-QiMen/internal/output/output.go:198.32,217.28 4 18
github.com/LCUstinian/FG-QiMen/internal/output/output.go:217.28,218.17 1 126
github.com/LCUstinian/FG-QiMen/internal/output/output.go:218.17,219.12 1 105
github.com/LCUstinian/FG-QiMen/internal/output/output.go:221.3,223.25 3 21
github.com/LCUstinian/FG-QiMen/internal/output/output.go:223.25,227.18 2 3
github.com/LCUstinian/FG-QiMen/internal/output/output.go:227.18,229.5 1 0
github.com/LCUstinian/FG-QiMen/internal/output/output.go:229.10,231.5 1 3
github.com/LCUstinian/FG-QiMen/internal/output/output.go:232.9,234.4 1 18
github.com/LCUstinian/FG-QiMen/internal/output/output.go:235.3,236.36 2 21
github.com/LCUstinian/FG-QiMen/internal/output/output.go:236.36,238.4 1 1
github.com/LCUstinian/FG-QiMen/internal/output/output.go:240.2,240.17 1 18
github.com/LCUstinian/FG-QiMen/internal/output/output.go:247.32,261.29 4 2
github.com/LCUstinian/FG-QiMen/internal/output/output.go:261.29,262.34 1 12
github.com/LCUstinian/FG-QiMen/internal/output/output.go:262.34,263.12 1 6
github.com/LCUstinian/FG-QiMen/internal/output/output.go:265.3,268.36 4 6
github.com/LCUstinian/FG-QiMen/internal/output/output.go:268.36,270.4 1 0
github.com/LCUstinian/FG-QiMen/internal/output/output.go:272.2,272.17 1 2
github.com/LCUstinian/FG-QiMen/internal/output/output.go:280.53,283.20 1 1060
github.com/LCUstinian/FG-QiMen/internal/output/output.go:283.20,287.3 3 51
github.com/LCUstinian/FG-QiMen/internal/output/output.go:289.2,289.18 1 1060
github.com/LCUstinian/FG-QiMen/internal/output/output.go:289.18,293.20 4 1004
github.com/LCUstinian/FG-QiMen/internal/output/output.go:293.20,303.4 2 1000
github.com/LCUstinian/FG-QiMen/internal/output/output.go:304.3,306.19 2 1004
github.com/LCUstinian/FG-QiMen/internal/output/output.go:309.2,309.18 1 1060
github.com/LCUstinian/FG-QiMen/internal/output/output.go:309.18,321.40 3 1001
github.com/LCUstinian/FG-QiMen/internal/output/output.go:321.40,329.4 3 1000
github.com/LCUstinian/FG-QiMen/internal/output/output.go:330.3,332.19 3 1001
github.com/LCUstinian/FG-QiMen/internal/output/output.go:337.2,337.18 1 1060
github.com/LCUstinian/FG-QiMen/internal/output/output.go:337.18,339.26 2 3
github.com/LCUstinian/FG-QiMen/internal/output/output.go:339.26,342.4 2 2
github.com/LCUstinian/FG-QiMen/internal/output/output.go:343.3,345.19 3 3
github.com/LCUstinian/FG-QiMen/internal/output/output.go:347.2,347.12 1 1060
github.com/LCUstinian/FG-QiMen/internal/output/output.go:356.69,360.19 2 3
github.com/LCUstinian/FG-QiMen/internal/output/output.go:360.19,363.3 2 2
github.com/LCUstinian/FG-QiMen/internal/output/output.go:364.2,375.22 2 3
github.com/LCUstinian/FG-QiMen/internal/output/output.go:383.51,384.37 1 1002
github.com/LCUstinian/FG-QiMen/internal/output/output.go:384.37,386.3 1 1
github.com/LCUstinian/FG-QiMen/internal/output/output.go:387.2,392.12 5 1001
github.com/LCUstinian/FG-QiMen/internal/output/output.go:425.52,426.22 1 1001
github.com/LCUstinian/FG-QiMen/internal/output/output.go:426.22,431.3 4 1001
github.com/LCUstinian/FG-QiMen/internal/output/output.go:432.2,432.21 1 1001
github.com/LCUstinian/FG-QiMen/internal/output/output.go:432.21,442.3 4 1001
github.com/LCUstinian/FG-QiMen/internal/output/output.go:443.2,443.12 1 1001
github.com/LCUstinian/FG-QiMen/internal/output/sarif.go:98.45,99.18 1 54
github.com/LCUstinian/FG-QiMen/internal/output/sarif.go:99.18,101.3 1 0
github.com/LCUstinian/FG-QiMen/internal/output/sarif.go:102.2,102.28 1 54
github.com/LCUstinian/FG-QiMen/internal/output/sarif.go:107.48,108.19 1 55
github.com/LCUstinian/FG-QiMen/internal/output/sarif.go:108.19,110.3 1 3
github.com/LCUstinian/FG-QiMen/internal/output/sarif.go:111.2,111.15 1 52
github.com/LCUstinian/FG-QiMen/internal/output/sarif.go:116.50,117.19 1 53
github.com/LCUstinian/FG-QiMen/internal/output/sarif.go:117.19,120.3 1 2
github.com/LCUstinian/FG-QiMen/internal/output/sarif.go:121.2,122.60 1 51
github.com/LCUstinian/FG-QiMen/internal/output/sarif.go:127.46,129.2 1 54
github.com/LCUstinian/FG-QiMen/internal/output/sarif.go:133.64,144.28 2 4
github.com/LCUstinian/FG-QiMen/internal/output/sarif.go:144.28,145.15 1 53
github.com/LCUstinian/FG-QiMen/internal/output/sarif.go:145.15,146.12 1 0
github.com/LCUstinian/FG-QiMen/internal/output/sarif.go:148.3,157.5 1 53
github.com/LCUstinian/FG-QiMen/internal/output/sarif.go:159.2,159.12 1 4
github.com/LCUstinian/FG-QiMen/internal/output/sarif.go:164.72,169.2 4 3
github.com/LCUstinian/FG-QiMen/internal/plugins/adapted/web/kibana/kibana.go:22.20,22.40 1 2
github.com/LCUstinian/FG-QiMen/internal/plugins/adapted/web/kibana/kibana.go:24.13,24.40 1 1
github.com/LCUstinian/FG-QiMen/internal/plugins/adapted/web/kibana/kibana.go:27.32,27.51 1 3
github.com/LCUstinian/FG-QiMen/internal/plugins/adapted/web/kibana/kibana.go:30.32,30.54 1 1
github.com/LCUstinian/FG-QiMen/internal/plugins/adapted/web/kibana/kibana.go:33.39,33.70 1 2
github.com/LCUstinian/FG-QiMen/internal/plugins/adapted/web/kibana/kibana.go:36.107,38.2 1 0
github.com/LCUstinian/FG-QiMen/internal/plugins/adapted/web/kibana/kibana.go:43.85,44.83 1 1
github.com/LCUstinian/FG-QiMen/internal/plugins/adapted/web/kibana/kibana.go:44.83,52.52 4 0
github.com/LCUstinian/FG-QiMen/internal/plugins/adapted/web/kibana/kibana.go:52.52,54.4 1 0
github.com/LCUstinian/FG-QiMen/internal/plugins/adapted/web/kibana/kibana.go:55.3,57.24 3 0
github.com/LCUstinian/FG-QiMen/internal/plugins/adapted/web/kibana/kibana.go:57.24,60.18 3 0
github.com/LCUstinian/FG-QiMen/internal/plugins/adapted/web/kibana/kibana.go:60.18,61.10 1 0
github.com/LCUstinian/FG-QiMen/internal/plugins/adapted/web/kibana/kibana.go:64.3,65.47 2 0
github.com/LCUstinian/FG-QiMen/internal/plugins/adapted/web/kibana/kibana.go:65.47,67.4 1 0
github.com/LCUstinian/FG-QiMen/internal/plugins/adapted/web/kibana/kibana.go:69.3,70.14 2 0
github.com/LCUstinian/FG-QiMen/internal/plugins/adapted/web/kibana/kibana.go:70.14,72.4 1 0
github.com/LCUstinian/FG-QiMen/internal/plugins/adapted/web/kibana/kibana.go:73.3,82.63 3 0
github.com/LCUstinian/FG-QiMen/internal/plugins/adapted/web/kibana/kibana.go:82.63,84.4 1 0
github.com/LCUstinian/FG-QiMen/internal/plugins/adapted/web/kibana/kibana.go:85.3,85.24 1 0
github.com/LCUstinian/FG-QiMen/internal/plugins/adapted/web/kibana/kibana.go:85.24,87.4 1 0
github.com/LCUstinian/FG-QiMen/internal/plugins/adapted/web/kibana/kibana.go:88.3,94.4 1 0
github.com/LCUstinian/FG-QiMen/internal/plugins/adapted/web/kibana/kibana.go:100.25,101.12 1 0
github.com/LCUstinian/FG-QiMen/internal/plugins/adapted/web/kibana/kibana.go:101.12,103.3 1 0
github.com/LCUstinian/FG-QiMen/internal/plugins/adapted/web/kibana/kibana.go:104.2,106.12 3 0
github.com/LCUstinian/FG-QiMen/internal/plugins/adapted/web/kibana/kibana.go:106.12,110.3 3 0
github.com/LCUstinian/FG-QiMen/internal/plugins/adapted/web/kibana/kibana.go:111.2,111.22 1 0
github.com/LCUstinian/FG-QiMen/internal/plugins/adapted/web/weblogic/weblogic.go:28.20,28.40 1 2
github.com/LCUstinian/FG-QiMen/internal/plugins/adapted/web/weblogic/weblogic.go:30.13,30.40 1 1
github.com/LCUstinian/FG-QiMen/internal/plugins/adapted/web/weblogic/weblogic.go:33.32,33.53 1 3
github.com/LCUstinian/FG-QiMen/internal/plugins/adapted/web/weblogic/weblogic.go:36.32,36.66 1 1
github.com/LCUstinian/FG-QiMen/internal/plugins/adapted/web/weblogic/weblogic.go:39.39,39.70 1 2
github.com/LCUstinian/FG-QiMen/internal/plugins/adapted/web/weblogic/weblogic.go:42.107,44.2 1 0
github.com/LCUstinian/FG-QiMen/internal/plugins/adapted/web/weblogic/weblogic.go:55.85,56.83 1 1
github.com/LCUstinian/FG-QiMen/internal/plugins/adapted/web/weblogic/weblogic.go:56.83,64.52 4 0
github.com/LCUstinian/FG-QiMen/internal/plugins/adapted/web/weblogic/weblogic.go:64.52,66.4 1 0
github.com/LCUstinian/FG-QiMen/internal/plugins/adapted/web/weblogic/weblogic.go:67.3,69.24 3 0
github.com/LCUstinian/FG-QiMen/internal/plugins/adapted/web/weblogic/weblogic.go:69.24,72.18 3 0
github.com/LCUstinian/FG-QiMen/internal/plugins/adapted/web/weblogic/weblogic.go:72.18,73.10 1 0
github.com/LCUstinian/FG-QiMen/internal/plugins/adapted/web/weblogic/weblogic.go:76.3,80.45 2 0
github.com/LCUstinian/FG-QiMen/internal/plugins/adapted/web/weblogic/weblogic.go:80.45,82.4 1 0
github.com/LCUstinian/FG-QiMen/internal/plugins/adapted/web/weblogic/weblogic.go:84.3,85.14 2 0
github.com/LCUstinian/FG-QiMen/internal/plugins/adapted/web/weblogic/weblogic.go:85.14,87.4 1 0
github.com/LCUstinian/FG-QiMen/internal/plugins/adapted/web/weblogic/weblogic.go:88.3,89.42 2 0
github.com/LCUstinian/FG-QiMen/internal/plugins/adapted/web/weblogic/weblogic.go:89.42,91.4 1 0
github.com/LCUstinian/FG-QiMen/internal/plugins/adapted/web/weblogic/weblogic.go:92.3,93.56 2 0
github.com/LCUstinian/FG-QiMen/internal/plugins/adapted/web/weblogic/weblogic.go:93.56,95.4 1 0
github.com/LCUstinian/FG-QiMen/internal/plugins/adapted/web/weblogic/weblogic.go:96.3,102.4 1 0
github.com/LCUstinian/FG-QiMen/internal/plugins/adapted/web/weblogic/weblogic.go:106.25,107.12 1 0
github.com/LCUstinian/FG-QiMen/internal/plugins/adapted/web/weblogic/weblogic.go:107.12,109.3 1 0
github.com/LCUstinian/FG-QiMen/internal/plugins/adapted/web/weblogic/weblogic.go:110.2,112.12 3 0
github.com/LCUstinian/FG-QiMen/internal/plugins/adapted/web/weblogic/weblogic.go:112.12,116.3 3 0
github.com/LCUstinian/FG-QiMen/internal/plugins/adapted/web/weblogic/weblogic.go:117.2,117.22 1 0
github.com/LCUstinian/FG-QiMen/internal/plugins/plugintest/plugintest.go:65.44,67.14 2 2
github.com/LCUstinian/FG-QiMen/internal/plugins/plugintest/plugintest.go:67.14,69.3 1 0
github.com/LCUstinian/FG-QiMen/internal/plugins/plugintest/plugintest.go:70.2,70.34 1 2
github.com/LCUstinian/FG-QiMen/internal/plugins/plugintest/plugintest.go:70.34,72.3 1 0
github.com/LCUstinian/FG-QiMen/internal/plugins/plugintest/plugintest.go:73.2,73.41 1 2
github.com/LCUstinian/FG-QiMen/internal/plugins/plugintest/plugintest.go:73.41,75.3 1 0
github.com/LCUstinian/FG-QiMen/internal/plugins/plugintest/plugintest.go:76.2,76.36 1 2
github.com/LCUstinian/FG-QiMen/internal/plugins/plugintest/plugintest.go:76.36,78.3 1 0
github.com/LCUstinian/FG-QiMen/internal/plugins/plugintest/plugintest.go:81.2,83.66 3 2
github.com/LCUstinian/FG-QiMen/internal/plugins/plugintest/plugintest.go:83.66,85.3 1 0
github.com/LCUstinian/FG-QiMen/internal/plugins/plugintest/plugintest.go:95.2,95.43 1 2
github.com/LCUstinian/FG-QiMen/internal/plugins/plugintest/plugintest.go:95.43,100.18 3 1
github.com/LCUstinian/FG-QiMen/internal/plugins/plugintest/plugintest.go:100.18,102.4 1 0
github.com/LCUstinian/FG-QiMen/internal/session/session.go:81.95,90.2 1 3
github.com/LCUstinian/FG-QiMen/internal/plugins/adapted/web/webtitle/display.go:29.100,38.18 9 0
github.com/LCUstinian/FG-QiMen/internal/plugins/adapted/web/webtitle/display.go:38.18,41.3 2 0
github.com/LCUstinian/FG-QiMen/internal/plugins/adapted/web/webtitle/display.go:42.2,43.19 2 0
github.com/LCUstinian/FG-QiMen/internal/plugins/adapted/web/webtitle/http.go:45.113,49.16 4 1
github.com/LCUstinian/FG-QiMen/internal/plugins/adapted/web/webtitle/http.go:49.16,51.3 1 1
github.com/LCUstinian/FG-QiMen/internal/plugins/adapted/web/webtitle/http.go:52.2,55.54 4 0
github.com/LCUstinian/FG-QiMen/internal/plugins/adapted/web/webtitle/http.go:55.54,57.3 1 0
github.com/LCUstinian/FG-QiMen/internal/plugins/adapted/web/webtitle/http.go:58.2,58.33 1 0
github.com/LCUstinian/FG-QiMen/internal/plugins/adapted/web/webtitle/http.go:68.62,78.2 2 1
github.com/LCUstinian/FG-QiMen/internal/plugins/adapted/web/webtitle/http.go:82.52,94.69 2 0
github.com/LCUstinian/FG-QiMen/internal/plugins/adapted/web/webtitle/http.go:94.69,95.21 1 0
github.com/LCUstinian/FG-QiMen/internal/plugins/adapted/web/webtitle/http.go:95.21,97.5 1 0
github.com/LCUstinian/FG-QiMen/internal/plugins/adapted/web/webtitle/http.go:98.4,98.14 1 0
github.com/LCUstinian/FG-QiMen/internal/plugins/adapted/web/webtitle/http.go:106.102,108.16 2 0
github.com/LCUstinian/FG-QiMen/internal/plugins/adapted/web/webtitle/http.go:108.16,110.3 1 0
github.com/LCUstinian/FG-QiMen/internal/plugins/adapted/web/webtitle/http.go:111.2,113.16 3 0
github.com/LCUstinian/FG-QiMen/internal/plugins/adapted/web/webtitle/http.go:113.16,115.3 1 0
github.com/LCUstinian/FG-QiMen/internal/plugins/adapted/web/webtitle/http.go:116.2,122.3 3 0
github.com/LCUstinian/FG-QiMen/internal/plugins/adapted/web/webtitle/http.go:128.55,129.20 1 0
github.com/LCUstinian/FG-QiMen/internal/plugins/adapted/web/webtitle/http.go:129.20,131.3 1 0
github.com/LCUstinian/FG-QiMen/internal/plugins/adapted/web/webtitle/http.go:132.2,132.87 1 0
github.com/LCUstinian/FG-QiMen/internal/plugins/adapted/web/webtitle/http.go:132.87,134.3 1 0
github.com/LCUstinian/FG-QiMen/internal/plugins/adapted/web/webtitle/http.go:135.2,136.16 2 0
github.com/LCUstinian/FG-QiMen/internal/plugins/adapted/web/webtitle/http.go:136.16,138.3 1 0
github.com/LCUstinian/FG-QiMen/internal/plugins/adapted/web/webtitle/http.go:139.2,140.16 2 0
github.com/LCUstinian/FG-QiMen/internal/plugins/adapted/web/webtitle/http.go:140.16,142.3 1 0
github.com/LCUstinian/FG-QiMen/internal/plugins/adapted/web/webtitle/http.go:143.2,143.44 1 0
github.com/LCUstinian/FG-QiMen/internal/plugins/adapted/web/webtitle/http.go:148.42,150.22 2 0
github.com/LCUstinian/FG-QiMen/internal/plugins/adapted/web/webtitle/http.go:150.22,151.25 1 0
github.com/LCUstinian/FG-QiMen/internal/plugins/adapted/web/webtitle/http.go:151.25,153.4 1 0
github.com/LCUstinian/FG-QiMen/internal/plugins/adapted/web/webtitle/http.go:155.2,155.19 1 0
github.com/LCUstinian/FG-QiMen/internal/plugins/adapted/web/webtitle/parse.go:32.39,34.16 2 0
github.com/LCUstinian/FG-QiMen/internal/plugins/adapted/web/webtitle/parse.go:34.16,36.3 1 0
github.com/LCUstinian/FG-QiMen/internal/plugins/adapted/web/webtitle/parse.go:37.2,38.26 2 0
github.com/LCUstinian/FG-QiMen/internal/plugins/adapted/web/webtitle/parse.go:38.26,40.3 1 0
github.com/LCUstinian/FG-QiMen/internal/plugins/adapted/web/webtitle/parse.go:41.2,41.18 1 0
github.com/LCUstinian/FG-QiMen/internal/plugins/adapted/web/webtitle/parse.go:41.18,43.3 1 0
github.com/LCUstinian/FG-QiMen/internal/plugins/adapted/web/webtitle/parse.go:44.2,44.10 1 0
github.com/LCUstinian/FG-QiMen/internal/plugins/adapted/web/webtitle/parse.go:65.91,71.16 6 0
github.com/LCUstinian/FG-QiMen/internal/plugins/adapted/web/webtitle/parse.go:71.16,73.3 1 0
github.com/LCUstinian/FG-QiMen/internal/plugins/adapted/web/webtitle/parse.go:74.2,75.38 2 0
github.com/LCUstinian/FG-QiMen/internal/plugins/adapted/web/webtitle/parse.go:75.38,77.3 1 0
github.com/LCUstinian/FG-QiMen/internal/plugins/adapted/web/webtitle/parse.go:80.2,82.49 3 0
github.com/LCUstinian/FG-QiMen/internal/plugins/adapted/web/webtitle/parse.go:89.38,91.16 2 0
github.com/LCUstinian/FG-QiMen/internal/plugins/adapted/web/webtitle/parse.go:91.16,97.3 1 0
github.com/LCUstinian/FG-QiMen/internal/plugins/adapted/web/webtitle/parse.go:98.2,98.10 1 0
github.com/LCUstinian/FG-QiMen/internal/plugins/adapted/web/webtitle/parse.go:103.39,104.18 1 0
github.com/LCUstinian/FG-QiMen/internal/plugins/adapted/web/webtitle/parse.go:104.18,106.3 1 0
github.com/LCUstinian/FG-QiMen/internal/plugins/adapted/web/webtitle/parse.go:107.2,109.23 3 0
github.com/LCUstinian/FG-QiMen/internal/plugins/adapted/web/webtitle/parse.go:109.23,110.27 1 0
github.com/LCUstinian/FG-QiMen/internal/plugins/adapted/web/webtitle/parse.go:110.27,111.12 1 0
github.com/LCUstinian/FG-QiMen/internal/plugins/adapted/web/webtitle/parse.go:113.3,114.23 2 0
github.com/LCUstinian/FG-QiMen/internal/plugins/adapted/web/webtitle/parse.go:116.2,117.12 2 0
github.com/LCUstinian/FG-QiMen/internal/plugins/adapted/web/webtitle/webtitle.go:63.42,63.70 1 2
github.com/LCUstinian/FG-QiMen/internal/plugins/adapted/web/webtitle/webtitle.go:65.13,65.54 1 1
github.com/LCUstinian/FG-QiMen/internal/plugins/adapted/web/webtitle/webtitle.go:68.40,68.61 1 3
github.com/LCUstinian/FG-QiMen/internal/plugins/adapted/web/webtitle/webtitle.go:72.40,72.89 1 1
github.com/LCUstinian/FG-QiMen/internal/plugins/adapted/web/webtitle/webtitle.go:75.47,75.78 1 2
github.com/LCUstinian/FG-QiMen/internal/plugins/adapted/web/webtitle/webtitle.go:79.115,81.2 1 0
github.com/LCUstinian/FG-QiMen/internal/plugins/adapted/web/webtitle/webtitle.go:87.93,89.33 2 1
github.com/LCUstinian/FG-QiMen/internal/plugins/adapted/web/webtitle/webtitle.go:89.33,90.56 1 1
github.com/LCUstinian/FG-QiMen/internal/plugins/adapted/web/webtitle/webtitle.go:90.56,92.4 1 1
github.com/LCUstinian/FG-QiMen/internal/plugins/adapted/web/webtitle/webtitle.go:95.2,98.76 3 1
github.com/LCUstinian/FG-QiMen/internal/plugins/adapted/web/webtitle/webtitle.go:98.76,100.15 2 0
github.com/LCUstinian/FG-QiMen/internal/plugins/adapted/web/webtitle/webtitle.go:100.15,103.4 2 0
github.com/LCUstinian/FG-QiMen/internal/plugins/adapted/web/webtitle/webtitle.go:107.2,108.16 2 1
github.com/LCUstinian/FG-QiMen/internal/plugins/adapted/web/webtitle/webtitle.go:108.16,110.3 1 0
github.com/LCUstinian/FG-QiMen/internal/plugins/adapted/web/webtitle/webtitle.go:111.2,115.16 4 1
github.com/LCUstinian/FG-QiMen/internal/plugins/adapted/web/webtitle/webtitle.go:115.16,117.3 1 1
github.com/LCUstinian/FG-QiMen/internal/plugins/adapted/web/webtitle/webtitle.go:118.2,135.43 8 0
github.com/LCUstinian/FG-QiMen/internal/plugins/adapted/web/webtitle/webtitle.go:135.43,137.75 2 0
github.com/LCUstinian/FG-QiMen/internal/plugins/adapted/web/webtitle/webtitle.go:137.75,138.68 1 0
github.com/LCUstinian/FG-QiMen/internal/plugins/adapted/web/webtitle/webtitle.go:138.68,142.25 4 0
github.com/LCUstinian/FG-QiMen/internal/plugins/adapted/web/webtitle/webtitle.go:142.25,144.6 1 0
github.com/LCUstinian/FG-QiMen/internal/plugins/adapted/web/webtitle/webtitle.go:145.5,146.20 2 0
github.com/LCUstinian/FG-QiMen/internal/plugins/adapted/web/webtitle/webtitle.go:146.20,148.6 1 0
github.com/LCUstinian/FG-QiMen/internal/plugins/adapted/web/webtitle/webtitle.go:154.2,166.3 4 0
github.com/LCUstinian/FG-QiMen/internal/portscan/fingerprint/doc.go:21.33,25.2 3 0
github.com/LCUstinian/FG-QiMen/internal/portscan/fingerprint/doc.go:29.32,33.2 3 0
github.com/LCUstinian/FG-QiMen/internal/portscan/fingerprint/encoding.go:18.46,21.26 3 48625
github.com/LCUstinian/FG-QiMen/internal/portscan/fingerprint/encoding.go:21.26,22.35 1 5122073
github.com/LCUstinian/FG-QiMen/internal/portscan/fingerprint/encoding.go:22.35,23.18 1 684933
github.com/LCUstinian/FG-QiMen/internal/portscan/fingerprint/encoding.go:24.13,26.21 1 113111
github.com/LCUstinian/FG-QiMen/internal/portscan/fingerprint/encoding.go:26.21,28.28 2 113111
github.com/LCUstinian/FG-QiMen/internal/portscan/fingerprint/encoding.go:28.28,29.63 1 113111
github.com/LCUstinian/FG-QiMen/internal/portscan/fingerprint/encoding.go:29.63,32.16 3 113111
github.com/LCUstinian/FG-QiMen/internal/portscan/fingerprint/encoding.go:36.13,39.13 3 0
github.com/LCUstinian/FG-QiMen/internal/portscan/fingerprint/encoding.go:40.13,43.13 3 0
github.com/LCUstinian/FG-QiMen/internal/portscan/fingerprint/encoding.go:44.13,47.13 3 3353
github.com/LCUstinian/FG-QiMen/internal/portscan/fingerprint/encoding.go:48.13,51.13 3 151953
github.com/LCUstinian/FG-QiMen/internal/portscan/fingerprint/encoding.go:52.13,55.13 3 132381
github.com/LCUstinian/FG-QiMen/internal/portscan/fingerprint/encoding.go:56.13,59.13 3 0
github.com/LCUstinian/FG-QiMen/internal/portscan/fingerprint/encoding.go:60.14,63.13 3 2612
github.com/LCUstinian/FG-QiMen/internal/portscan/fingerprint/encoding.go:64.12,66.55 1 281523
github.com/LCUstinian/FG-QiMen/internal/portscan/fingerprint/encoding.go:66.55,69.62 3 95199
github.com/LCUstinian/FG-QiMen/internal/portscan/fingerprint/encoding.go:69.62,72.7 2 95221
github.com/LCUstinian/FG-QiMen/internal/portscan/fingerprint/encoding.go:75.6,75.85 1 95199
github.com/LCUstinian/FG-QiMen/internal/portscan/fingerprint/encoding.go:75.85,78.15 3 95199
github.com/LCUstinian/FG-QiMen/internal/portscan/fingerprint/encoding.go:84.3,85.6 2 4623464
github.com/LCUstinian/FG-QiMen/internal/portscan/fingerprint/encoding.go:87.2,87.20 1 48625
github.com/LCUstinian/FG-QiMen/internal/portscan/fingerprint/encoding.go:93.43,94.49 1 0
github.com/LCUstinian/FG-QiMen/internal/portscan/fingerprint/encoding.go:94.49,96.3 1 0
github.com/LCUstinian/FG-QiMen/internal/portscan/fingerprint/encoding.go:97.2,97.63 1 0
github.com/LCUstinian/FG-QiMen/internal/portscan/fingerprint/encoding.go:97.63,99.3 1 0
github.com/LCUstinian/FG-QiMen/internal/portscan/fingerprint/encoding.go:100.2,100.25 1 0
github.com/LCUstinian/FG-QiMen/internal/portscan/fingerprint/encoding.go:105.32,106.17 1 113111
github.com/LCUstinian/FG-QiMen/internal/portscan/fingerprint/encoding.go:106.17,108.3 1 0
github.com/LCUstinian/FG-QiMen/internal/portscan/fingerprint/encoding.go:109.2,109.22 1 113111
github.com/LCUstinian/FG-QiMen/internal/portscan/fingerprint/encoding.go:109.22,110.10 1 226222
github.com/LCUstinian/FG-QiMen/internal/portscan/fingerprint/encoding.go:111.29,111.29 0 133746
github.com/LCUstinian/FG-QiMen/internal/portscan/fingerprint/encoding.go:112.29,112.29 0 120
github.com/LCUstinian/FG-QiMen/internal/portscan/fingerprint/encoding.go:113.29,113.29 0 92356
github.com/LCUstinian/FG-QiMen/internal/portscan/fingerprint/encoding.go:114.11,115.16 1 0
github.com/LCUstinian/FG-QiMen/internal/portscan/fingerprint/encoding.go:118.2,118.13 1 113111
github.com/LCUstinian/FG-QiMen/internal/portscan/fingerprint/match.go:18.46,20.22 2 48620
github.com/LCUstinian/FG-QiMen/internal/portscan/fingerprint/match.go:20.22,21.25 1 5122052
github.com/LCUstinian/FG-QiMen/internal/portscan/fingerprint/match.go:21.25,23.4 1 492880
github.com/LCUstinian/FG-QiMen/internal/portscan/fingerprint/match.go:23.9,25.4 1 4629172
github.com/LCUstinian/FG-QiMen/internal/portscan/fingerprint/match.go:27.2,27.24 1 48620
github.com/LCUstinian/FG-QiMen/internal/portscan/fingerprint/match.go:34.43,36.22 2 11135
github.com/LCUstinian/FG-QiMen/internal/portscan/fingerprint/match.go:36.22,38.3 1 400703
github.com/LCUstinian/FG-QiMen/internal/portscan/fingerprint/match.go:39.2,39.22 1 11135
github.com/LCUstinian/FG-QiMen/internal/portscan/fingerprint/match.go:45.86,50.21 5 48620
github.com/LCUstinian/FG-QiMen/internal/portscan/fingerprint/match.go:50.21,52.3 1 0
github.com/LCUstinian/FG-QiMen/internal/portscan/fingerprint/match.go:53.2,58.54 3 48620
github.com/LCUstinian/FG-QiMen/internal/portscan/fingerprint/match.go:58.54,60.3 1 48056
github.com/LCUstinian/FG-QiMen/internal/portscan/fingerprint/match.go:62.2,63.16 2 48620
github.com/LCUstinian/FG-QiMen/internal/portscan/fingerprint/match.go:63.16,65.3 1 0
github.com/LCUstinian/FG-QiMen/internal/portscan/fingerprint/match.go:66.2,68.16 3 48620
github.com/LCUstinian/FG-QiMen/internal/portscan/fingerprint/match.go:68.16,70.3 1 3276
github.com/LCUstinian/FG-QiMen/internal/portscan/fingerprint/match.go:72.2,76.15 5 45344
github.com/LCUstinian/FG-QiMen/internal/portscan/fingerprint/match.go:80.54,82.2 1 47808
github.com/LCUstinian/FG-QiMen/internal/portscan/fingerprint/match.go:85.58,87.2 1 812
github.com/LCUstinian/FG-QiMen/internal/portscan/fingerprint/match.go:95.52,98.22 3 11135
github.com/LCUstinian/FG-QiMen/internal/portscan/fingerprint/match.go:98.22,100.3 1 0
github.com/LCUstinian/FG-QiMen/internal/portscan/fingerprint/match.go:101.2,102.29 2 11135
github.com/LCUstinian/FG-QiMen/internal/portscan/fingerprint/match.go:102.29,104.3 1 11132
github.com/LCUstinian/FG-QiMen/internal/portscan/fingerprint/match.go:108.2,108.57 1 3
github.com/LCUstinian/FG-QiMen/internal/portscan/fingerprint/match.go:108.57,109.60 1 3
github.com/LCUstinian/FG-QiMen/internal/portscan/fingerprint/match.go:109.60,111.4 1 2
github.com/LCUstinian/FG-QiMen/internal/portscan/fingerprint/match.go:113.2,113.13 1 3
github.com/LCUstinian/FG-QiMen/internal/portscan/fingerprint/parser.go:17.59,20.15 3 49372
github.com/LCUstinian/FG-QiMen/internal/portscan/fingerprint/parser.go:20.15,22.3 1 0
github.com/LCUstinian/FG-QiMen/internal/portscan/fingerprint/parser.go:23.2,27.10 5 49372
github.com/LCUstinian/FG-QiMen/internal/portscan/fingerprint/parser.go:32.55,33.23 1 752
github.com/LCUstinian/FG-QiMen/internal/portscan/fingerprint/parser.go:33.23,35.3 1 0
github.com/LCUstinian/FG-QiMen/internal/portscan/fingerprint/parser.go:36.2,37.40 2 752
github.com/LCUstinian/FG-QiMen/internal/portscan/fingerprint/parser.go:37.40,39.3 1 0
github.com/LCUstinian/FG-QiMen/internal/portscan/fingerprint/parser.go:40.2,41.17 2 752
github.com/LCUstinian/FG-QiMen/internal/portscan/fingerprint/parser.go:41.17,43.3 1 0
github.com/LCUstinian/FG-QiMen/internal/portscan/fingerprint/parser.go:44.2,48.12 5 752
github.com/LCUstinian/FG-QiMen/internal/portscan/fingerprint/parser.go:56.47,59.21 3 752
github.com/LCUstinian/FG-QiMen/internal/portscan/fingerprint/parser.go:59.21,61.3 1 0
github.com/LCUstinian/FG-QiMen/internal/portscan/fingerprint/parser.go:62.2,62.51 1 752
github.com/LCUstinian/FG-QiMen/internal/portscan/fingerprint/parser.go:62.51,64.3 1 0
github.com/LCUstinian/FG-QiMen/internal/portscan/fingerprint/parser.go:65.2,66.29 2 752
github.com/LCUstinian/FG-QiMen/internal/portscan/fingerprint/parser.go:66.29,67.10 1 51048
github.com/LCUstinian/FG-QiMen/internal/portscan/fingerprint/parser.go:68.42,70.18 2 47808
github.com/LCUstinian/FG-QiMen/internal/portscan/fingerprint/parser.go:70.18,71.13 1 3200
github.com/LCUstinian/FG-QiMen/internal/portscan/fingerprint/parser.go:73.4,73.32 1 44608
github.com/LCUstinian/FG-QiMen/internal/portscan/fingerprint/parser.go:74.46,76.18 2 812
github.com/LCUstinian/FG-QiMen/internal/portscan/fingerprint/parser.go:76.18,77.13 1 76
github.com/LCUstinian/FG-QiMen/internal/portscan/fingerprint/parser.go:79.4,79.32 1 736
github.com/LCUstinian/FG-QiMen/internal/portscan/fingerprint/parser.go:80.42,81.22 1 736
github.com/LCUstinian/FG-QiMen/internal/portscan/fingerprint/parser.go:82.45,83.25 1 116
github.com/LCUstinian/FG-QiMen/internal/portscan/fingerprint/parser.go:84.48,85.28 1 24
github.com/LCUstinian/FG-QiMen/internal/portscan/fingerprint/parser.go:86.49,87.29 1 4
github.com/LCUstinian/FG-QiMen/internal/portscan/fingerprint/parser.go:88.43,89.23 1 748
github.com/LCUstinian/FG-QiMen/internal/portscan/fingerprint/parser.go:90.45,91.25 1 48
github.com/LCUstinian/FG-QiMen/internal/portscan/fingerprint/parser.go:94.2,95.12 2 752
github.com/LCUstinian/FG-QiMen/internal/portscan/fingerprint/parser.go:98.44,98.79 1 736
github.com/LCUstinian/FG-QiMen/internal/portscan/fingerprint/parser.go:99.44,99.85 1 116
github.com/LCUstinian/FG-QiMen/internal/portscan/fingerprint/parser.go:100.47,102.16 2 24
github.com/LCUstinian/FG-QiMen/internal/portscan/fingerprint/parser.go:102.16,104.3 1 24
github.com/LCUstinian/FG-QiMen/internal/portscan/fingerprint/parser.go:106.48,108.16 2 4
github.com/LCUstinian/FG-QiMen/internal/portscan/fingerprint/parser.go:108.16,110.3 1 4
github.com/LCUstinian/FG-QiMen/internal/portscan/fingerprint/parser.go:112.42,114.16 2 748
github.com/LCUstinian/FG-QiMen/internal/portscan/fingerprint/parser.go:114.16,116.3 1 748
github.com/LCUstinian/FG-QiMen/internal/portscan/fingerprint/parser.go:118.44,118.85 1 48
github.com/LCUstinian/FG-QiMen/internal/portscan/fingerprint/parser.go:123.62,125.52 2 4
github.com/LCUstinian/FG-QiMen/internal/portscan/fingerprint/parser.go:125.52,127.49 2 68544
github.com/LCUstinian/FG-QiMen/internal/portscan/fingerprint/parser.go:127.49,128.12 1 17492
github.com/LCUstinian/FG-QiMen/internal/portscan/fingerprint/parser.go:130.3,130.30 1 51052
github.com/LCUstinian/FG-QiMen/internal/portscan/fingerprint/parser.go:132.2,132.21 1 4
github.com/LCUstinian/FG-QiMen/internal/portscan/fingerprint/parser.go:132.21,134.3 1 0
github.com/LCUstinian/FG-QiMen/internal/portscan/fingerprint/parser.go:136.2,137.29 2 4
github.com/LCUstinian/FG-QiMen/internal/portscan/fingerprint/parser.go:137.29,138.42 1 51052
github.com/LCUstinian/FG-QiMen/internal/portscan/fingerprint/parser.go:138.42,140.4 1 4
github.com/LCUstinian/FG-QiMen/internal/portscan/fingerprint/parser.go:141.3,141.23 1 51052
github.com/LCUstinian/FG-QiMen/internal/portscan/fingerprint/parser.go:141.23,143.4 1 0
github.com/LCUstinian/FG-QiMen/internal/portscan/fingerprint/parser.go:146.2,147.82 2 4
github.com/LCUstinian/FG-QiMen/internal/portscan/fingerprint/parser.go:147.82,149.3 1 0
github.com/LCUstinian/FG-QiMen/internal/portscan/fingerprint/parser.go:151.2,151.23 1 4
github.com/LCUstinian/FG-QiMen/internal/portscan/fingerprint/parser.go:151.23,154.3 2 4
github.com/LCUstinian/FG-QiMen/internal/portscan/fingerprint/parser.go:156.2,160.26 4 4
github.com/LCUstinian/FG-QiMen/internal/portscan/fingerprint/parser.go:160.26,162.45 2 752
github.com/LCUstinian/FG-QiMen/internal/portscan/fingerprint/parser.go:162.45,163.12 1 0
github.com/LCUstinian/FG-QiMen/internal/portscan/fingerprint/parser.go:165.3,165.33 1 752
github.com/LCUstinian/FG-QiMen/internal/portscan/fingerprint/parser.go:167.2,168.12 2 4
github.com/LCUstinian/FG-QiMen/internal/portscan/fingerprint/parser.go:173.41,175.32 2 4
github.com/LCUstinian/FG-QiMen/internal/portscan/fingerprint/parser.go:175.32,177.3 1 752
github.com/LCUstinian/FG-QiMen/internal/portscan/fingerprint/parser.go:186.33,187.32 1 4
github.com/LCUstinian/FG-QiMen/internal/portscan/fingerprint/parser.go:187.32,188.43 1 752
github.com/LCUstinian/FG-QiMen/internal/portscan/fingerprint/parser.go:188.43,189.33 1 416
github.com/LCUstinian/FG-QiMen/internal/portscan/fingerprint/parser.go:189.33,190.13 1 4
github.com/LCUstinian/FG-QiMen/internal/portscan/fingerprint/parser.go:192.4,196.33 2 412
github.com/LCUstinian/FG-QiMen/internal/portscan/fingerprint/parser.go:196.33,197.57 1 4
github.com/LCUstinian/FG-QiMen/internal/portscan/fingerprint/parser.go:197.57,199.6 1 4
github.com/LCUstinian/FG-QiMen/internal/portscan/fingerprint/parser.go:201.9,203.4 1 336
github.com/LCUstinian/FG-QiMen/internal/portscan/fingerprint/types.go:69.24,73.65 2 4
github.com/LCUstinian/FG-QiMen/internal/portscan/fingerprint/types.go:73.65,77.3 1 0
github.com/LCUstinian/FG-QiMen/internal/portscan/fingerprint/types.go:78.2,80.10 3 4
github.com/LCUstinian/FG-QiMen/internal/portscan/fingerprint/types.go:88.86,89.22 1 3
github.com/LCUstinian/FG-QiMen/internal/portscan/fingerprint/types.go:89.22,91.3 1 0
github.com/LCUstinian/FG-QiMen/internal/portscan/fingerprint/types.go:92.2,92.29 1 3
github.com/LCUstinian/FG-QiMen/internal/portscan/fingerprint/types.go:92.29,93.22 1 5
github.com/LCUstinian/FG-QiMen/internal/portscan/fingerprint/types.go:93.22,94.12 1 0
github.com/LCUstinian/FG-QiMen/internal/portscan/fingerprint/types.go:96.3,96.31 1 5
github.com/LCUstinian/FG-QiMen/internal/portscan/fingerprint/types.go:96.31,97.30 1 11135
github.com/LCUstinian/FG-QiMen/internal/portscan/fingerprint/types.go:97.30,99.5 1 3
github.com/LCUstinian/FG-QiMen/internal/portscan/fingerprint/types.go:102.2,102.22 1 0
github.com/LCUstinian/FG-QiMen/internal/transport/ssh_known_hosts.go:38.71,40.16 2 2
github.com/LCUstinian/FG-QiMen/internal/transport/ssh_known_hosts.go:40.16,42.3 1 1
github.com/LCUstinian/FG-QiMen/internal/transport/ssh_known_hosts.go:43.2,64.21 7 1
github.com/LCUstinian/FG-QiMen/internal/transport/ssh_known_hosts.go:64.21,66.49 2 1
github.com/LCUstinian/FG-QiMen/internal/transport/ssh_known_hosts.go:66.49,67.12 1 0
github.com/LCUstinian/FG-QiMen/internal/transport/ssh_known_hosts.go:73.3,73.35 1 1
github.com/LCUstinian/FG-QiMen/internal/transport/ssh_known_hosts.go:73.35,74.50 1 0
github.com/LCUstinian/FG-QiMen/internal/transport/ssh_known_hosts.go:74.50,76.5 1 0
github.com/LCUstinian/FG-QiMen/internal/transport/ssh_known_hosts.go:81.3,82.17 2 1
github.com/LCUstinian/FG-QiMen/internal/transport/ssh_known_hosts.go:82.17,83.12 1 0
github.com/LCUstinian/FG-QiMen/internal/transport/ssh_known_hosts.go:85.3,86.22 2 1
github.com/LCUstinian/FG-QiMen/internal/transport/ssh_known_hosts.go:86.22,90.4 1 0
github.com/LCUstinian/FG-QiMen/internal/transport/ssh_known_hosts.go:90.9,91.28 1 1
github.com/LCUstinian/FG-QiMen/internal/transport/ssh_known_hosts.go:91.28,92.27 1 1
github.com/LCUstinian/FG-QiMen/internal/transport/ssh_known_hosts.go:92.27,94.6 1 1
github.com/LCUstinian/FG-QiMen/internal/transport/ssh_known_hosts.go:95.5,95.32 1 1
github.com/LCUstinian/FG-QiMen/internal/transport/ssh_known_hosts.go:98.3,98.59 1 1
github.com/LCUstinian/FG-QiMen/internal/transport/ssh_known_hosts.go:100.2,100.38 1 1
github.com/LCUstinian/FG-QiMen/internal/transport/ssh_known_hosts.go:100.38,102.3 1 0
github.com/LCUstinian/FG-QiMen/internal/transport/ssh_known_hosts.go:103.2,103.47 1 1
github.com/LCUstinian/FG-QiMen/internal/transport/ssh_known_hosts.go:103.47,105.3 1 0
github.com/LCUstinian/FG-QiMen/internal/transport/ssh_known_hosts.go:117.2,117.64 1 1
github.com/LCUstinian/FG-QiMen/internal/transport/ssh_known_hosts.go:117.64,118.17 1 2
github.com/LCUstinian/FG-QiMen/internal/transport/ssh_known_hosts.go:118.17,120.4 1 0
github.com/LCUstinian/FG-QiMen/internal/transport/ssh_known_hosts.go:121.3,123.38 2 2
github.com/LCUstinian/FG-QiMen/internal/transport/ssh_known_hosts.go:123.38,124.22 1 2
github.com/LCUstinian/FG-QiMen/internal/transport/ssh_known_hosts.go:124.22,126.5 1 1
github.com/LCUstinian/FG-QiMen/internal/transport/ssh_known_hosts.go:129.4,129.86 1 1
github.com/LCUstinian/FG-QiMen/internal/transport/ssh_known_hosts.go:133.3,133.26 1 0
github.com/LCUstinian/FG-QiMen/internal/transport/ssh_known_hosts.go:133.26,135.4 1 0
github.com/LCUstinian/FG-QiMen/internal/transport/ssh_known_hosts.go:136.3,136.113 1 0
github.com/LCUstinian/FG-QiMen/internal/transport/ssh_known_hosts.go:146.74,150.16 2 1
github.com/LCUstinian/FG-QiMen/internal/transport/ssh_known_hosts.go:150.16,158.18 2 0
github.com/LCUstinian/FG-QiMen/internal/transport/ssh_known_hosts.go:158.18,160.4 1 0
github.com/LCUstinian/FG-QiMen/internal/transport/ssh_known_hosts.go:161.3,161.19 1 0
github.com/LCUstinian/FG-QiMen/internal/transport/ssh_known_hosts.go:163.2,163.19 1 1
github.com/LCUstinian/FG-QiMen/internal/transport/ssh_known_hosts.go:163.19,165.3 1 0
github.com/LCUstinian/FG-QiMen/internal/transport/ssh_known_hosts.go:171.2,172.21 2 1
github.com/LCUstinian/FG-QiMen/internal/transport/ssh_known_hosts.go:172.21,174.3 1 0
github.com/LCUstinian/FG-QiMen/internal/transport/ssh_known_hosts.go:175.2,176.37 2 1
github.com/LCUstinian/FG-QiMen/internal/transport/ssh_known_hosts.go:176.37,180.3 1 0
github.com/LCUstinian/FG-QiMen/internal/transport/ssh_known_hosts.go:182.2,182.35 1 1
github.com/LCUstinian/FG-QiMen/internal/transport/ssh_known_hosts.go:182.35,183.50 1 0
github.com/LCUstinian/FG-QiMen/internal/transport/ssh_known_hosts.go:183.50,185.4 1 0
github.com/LCUstinian/FG-QiMen/internal/transport/ssh_known_hosts.go:185.9,189.4 1 0
github.com/LCUstinian/FG-QiMen/internal/transport/ssh_known_hosts.go:191.2,191.46 1 1
github.com/LCUstinian/FG-QiMen/internal/transport/ssh_known_hosts.go:191.46,193.14 2 1
github.com/LCUstinian/FG-QiMen/internal/transport/ssh_known_hosts.go:193.14,195.4 1 1
github.com/LCUstinian/FG-QiMen/internal/transport/ssh_known_hosts.go:197.2,197.22 1 1
github.com/LCUstinian/FG-QiMen/internal/transport/transport.go:92.43,101.36 2 3
github.com/LCUstinian/FG-QiMen/internal/transport/transport.go:101.36,103.3 1 2
github.com/LCUstinian/FG-QiMen/internal/transport/transport.go:104.2,104.12 1 3
github.com/LCUstinian/FG-QiMen/internal/transport/transport.go:135.47,139.54 1 4
github.com/LCUstinian/FG-QiMen/internal/transport/transport.go:139.54,149.56 1 2
github.com/LCUstinian/FG-QiMen/internal/transport/transport.go:149.56,151.4 1 1
github.com/LCUstinian/FG-QiMen/internal/transport/transport.go:151.9,157.61 2 1
github.com/LCUstinian/FG-QiMen/internal/transport/transport.go:157.61,159.5 1 1
github.com/LCUstinian/FG-QiMen/internal/transport/transport.go:162.2,162.24 1 2
github.com/LCUstinian/FG-QiMen/internal/transport/transport.go:162.24,164.3 1 1
github.com/LCUstinian/FG-QiMen/internal/transport/transport.go:172.2,176.59 2 1
github.com/LCUstinian/FG-QiMen/internal/transport/transport.go:176.59,178.3 1 1
github.com/LCUstinian/FG-QiMen/internal/tui/program.go:67.36,67.61 1 0
github.com/LCUstinian/FG-QiMen/internal/tui/program.go:69.62,70.25 1 1008
github.com/LCUstinian/FG-QiMen/internal/tui/program.go:71.16,82.34 3 2
github.com/LCUstinian/FG-QiMen/internal/tui/program.go:82.34,84.4 1 2
github.com/LCUstinian/FG-QiMen/internal/tui/program.go:85.3,85.16 1 2
github.com/LCUstinian/FG-QiMen/internal/tui/program.go:86.16,100.34 1 1000
github.com/LCUstinian/FG-QiMen/internal/tui/program.go:100.34,102.4 1 1
github.com/LCUstinian/FG-QiMen/internal/tui/program.go:103.3,106.16 2 1000
github.com/LCUstinian/FG-QiMen/internal/tui/program.go:107.15,121.16 4 2
github.com/LCUstinian/FG-QiMen/internal/tui/program.go:125.2,126.36 2 4
github.com/LCUstinian/FG-QiMen/internal/tui/program.go:126.36,128.3 1 4
github.com/LCUstinian/FG-QiMen/internal/tui/program.go:129.2,129.15 1 4
github.com/LCUstinian/FG-QiMen/internal/tui/program.go:132.35,132.60 1 1
github.com/LCUstinian/FG-QiMen/internal/tui/program.go:200.45,209.2 4 8
github.com/LCUstinian/FG-QiMen/internal/tui/program.go:214.44,216.2 1 0
github.com/LCUstinian/FG-QiMen/internal/tui/program.go:225.26,225.40 1 0
github.com/LCUstinian/FG-QiMen/internal/tui/program.go:235.42,235.43 0 1
github.com/LCUstinian/FG-QiMen/internal/tui/program.go:245.41,246.14 1 1
github.com/LCUstinian/FG-QiMen/internal/tui/program.go:246.14,248.3 1 1
github.com/LCUstinian/FG-QiMen/internal/tui/program.go:249.2,257.92 4 0
github.com/LCUstinian/FG-QiMen/internal/tui/program.go:257.92,259.3 1 0
github.com/LCUstinian/FG-QiMen/internal/tui/program.go:260.2,263.50 4 0
github.com/LCUstinian/FG-QiMen/internal/tui/program.go:268.42,269.14 1 1
github.com/LCUstinian/FG-QiMen/internal/tui/program.go:269.14,271.3 1 1
github.com/LCUstinian/FG-QiMen/internal/tui/program.go:272.2,279.4 1 0
github.com/LCUstinian/FG-QiMen/internal/tui/program.go:292.46,293.31 1 2
github.com/LCUstinian/FG-QiMen/internal/tui/program.go:293.31,295.3 1 2
github.com/LCUstinian/FG-QiMen/internal/tui/program.go:296.2,303.4 1 0
github.com/LCUstinian/FG-QiMen/internal/tui/program.go:329.40,331.16 2 52
github.com/LCUstinian/FG-QiMen/internal/tui/program.go:331.16,334.3 2 50
github.com/LCUstinian/FG-QiMen/internal/tui/program.go:335.2,337.40 3 2
github.com/LCUstinian/FG-QiMen/internal/tui/styles.go:82.13,86.17 4 1
github.com/LCUstinian/FG-QiMen/internal/tui/styles.go:86.17,90.3 3 0
github.com/LCUstinian/FG-QiMen/internal/tui/styles.go:93.2,159.13 14 1
github.com/LCUstinian/FG-QiMen/internal/tui/styles.go:162.23,164.9 2 1
github.com/LCUstinian/FG-QiMen/internal/tui/styles.go:164.9,166.3 1 1
github.com/LCUstinian/FG-QiMen/internal/tui/styles.go:167.2,167.73 1 0
github.com/LCUstinian/FG-QiMen/internal/tui/styles.go:167.73,169.3 1 0
github.com/LCUstinian/FG-QiMen/internal/tui/styles.go:170.2,170.13 1 0
github.com/LCUstinian/FG-QiMen/internal/tui/tui.go:221.40,223.16 2 15
github.com/LCUstinian/FG-QiMen/internal/tui/tui.go:223.16,225.3 1 0
github.com/LCUstinian/FG-QiMen/internal/tui/tui.go:226.2,227.16 2 15
github.com/LCUstinian/FG-QiMen/internal/tui/tui.go:227.16,229.3 1 0
github.com/LCUstinian/FG-QiMen/internal/tui/tui.go:230.2,233.3 1 15
github.com/LCUstinian/FG-QiMen/internal/tui/tui.go:244.31,244.51 1 0
github.com/LCUstinian/FG-QiMen/internal/tui/tui.go:253.24,254.57 1 3
github.com/LCUstinian/FG-QiMen/internal/tui/tui.go:254.57,256.3 1 0
github.com/LCUstinian/FG-QiMen/internal/tui/tui.go:261.57,263.27 2 8
github.com/LCUstinian/FG-QiMen/internal/tui/tui.go:264.15,279.28 2 4
github.com/LCUstinian/FG-QiMen/internal/tui/tui.go:279.28,281.25 2 3
github.com/LCUstinian/FG-QiMen/internal/tui/tui.go:281.25,284.5 2 1
github.com/LCUstinian/FG-QiMen/internal/tui/tui.go:293.3,293.18 1 3
github.com/LCUstinian/FG-QiMen/internal/tui/tui.go:294.25,296.24 2 4
github.com/LCUstinian/FG-QiMen/internal/tui/tui.go:297.18,300.27 1 0
github.com/LCUstinian/FG-QiMen/internal/tui/tui.go:300.27,301.24 1 0
github.com/LCUstinian/FG-QiMen/internal/tui/tui.go:302.35,303.23 1 0
github.com/LCUstinian/FG-QiMen/internal/tui/tui.go:305.4,305.17 1 0
github.com/LCUstinian/FG-QiMen/internal/tui/tui.go:307.3,307.23 1 0
github.com/LCUstinian/FG-QiMen/internal/tui/tui.go:308.22,310.22 2 0
github.com/LCUstinian/FG-QiMen/internal/tui/tui.go:311.12,313.27 1 0
github.com/LCUstinian/FG-QiMen/internal/tui/tui.go:313.27,315.5 1 0
github.com/LCUstinian/FG-QiMen/internal/tui/tui.go:316.12,318.30 1 0
github.com/LCUstinian/FG-QiMen/internal/tui/tui.go:318.30,320.5 1 0
github.com/LCUstinian/FG-QiMen/internal/tui/tui.go:321.12,322.23 1 0
github.com/LCUstinian/FG-QiMen/internal/tui/tui.go:336.2,336.24 1 7
github.com/LCUstinian/FG-QiMen/internal/tui/tui.go:336.24,339.38 3 1
github.com/LCUstinian/FG-QiMen/internal/tui/tui.go:339.38,341.4 1 1
github.com/LCUstinian/FG-QiMen/internal/tui/tui.go:343.2,343.15 1 7
github.com/LCUstinian/FG-QiMen/internal/tui/tui.go:354.43,355.28 1 1000
github.com/LCUstinian/FG-QiMen/internal/tui/tui.go:355.28,364.3 1 0
github.com/LCUstinian/FG-QiMen/internal/tui/tui.go:365.2,365.35 1 1000
github.com/LCUstinian/FG-QiMen/internal/tui/tui.go:371.30,372.16 1 1
github.com/LCUstinian/FG-QiMen/internal/tui/tui.go:372.16,374.3 1 0
github.com/LCUstinian/FG-QiMen/internal/tui/tui.go:375.2,375.26 1 1
github.com/LCUstinian/FG-QiMen/internal/tui/tui.go:375.26,377.3 1 0
github.com/LCUstinian/FG-QiMen/internal/tui/tui.go:378.2,424.27 9 1
github.com/LCUstinian/FG-QiMen/internal/tui/tui.go:424.27,429.3 1 0
github.com/LCUstinian/FG-QiMen/internal/tui/tui.go:430.2,440.28 2 1
github.com/LCUstinian/FG-QiMen/internal/tui/tui.go:440.28,442.3 1 0
github.com/LCUstinian/FG-QiMen/internal/tui/tui.go:443.2,451.19 6 1
github.com/LCUstinian/FG-QiMen/internal/tui/tui.go:451.19,453.3 1 0
github.com/LCUstinian/FG-QiMen/internal/tui/tui.go:453.8,455.3 1 1
github.com/LCUstinian/FG-QiMen/internal/tui/tui.go:456.2,465.18 5 1
github.com/LCUstinian/FG-QiMen/internal/tui/tui.go:465.18,468.20 3 0
github.com/LCUstinian/FG-QiMen/internal/tui/tui.go:468.20,469.35 1 0
github.com/LCUstinian/FG-QiMen/internal/tui/tui.go:469.35,471.5 1 0
github.com/LCUstinian/FG-QiMen/internal/tui/tui.go:475.2,475.20 1 1
github.com/LCUstinian/FG-QiMen/internal/tui/tui.go:484.40,486.12 2 1
github.com/LCUstinian/FG-QiMen/internal/tui/tui.go:486.12,488.3 1 1
github.com/LCUstinian/FG-QiMen/internal/tui/tui.go:489.2,489.32 1 1
github.com/LCUstinian/FG-QiMen/internal/tui/tui.go:504.38,505.20 1 1
github.com/LCUstinian/FG-QiMen/internal/tui/tui.go:506.19,507.40 1 0
github.com/LCUstinian/FG-QiMen/internal/tui/tui.go:508.15,509.37 1 0
github.com/LCUstinian/FG-QiMen/internal/tui/tui.go:510.10,511.33 1 1
github.com/LCUstinian/FG-QiMen/internal/tui/tui.go:521.36,531.39 3 0
github.com/LCUstinian/FG-QiMen/internal/tui/tui.go:531.39,531.75 1 0
github.com/LCUstinian/FG-QiMen/internal/tui/tui.go:533.2,536.25 4 0
github.com/LCUstinian/FG-QiMen/internal/tui/tui.go:536.25,539.3 2 0
github.com/LCUstinian/FG-QiMen/internal/tui/tui.go:540.2,543.25 4 0
github.com/LCUstinian/FG-QiMen/internal/tui/tui.go:543.25,545.3 1 0
github.com/LCUstinian/FG-QiMen/internal/tui/tui.go:546.2,546.13 1 0
github.com/LCUstinian/FG-QiMen/internal/tui/tui.go:555.38,563.28 3 1
github.com/LCUstinian/FG-QiMen/internal/tui/tui.go:563.28,565.3 1 0
github.com/LCUstinian/FG-QiMen/internal/tui/tui.go:566.2,567.26 2 1
github.com/LCUstinian/FG-QiMen/internal/tui/tui.go:567.26,568.12 1 4
github.com/LCUstinian/FG-QiMen/internal/tui/tui.go:568.12,570.4 1 3
github.com/LCUstinian/FG-QiMen/internal/tui/tui.go:571.3,573.39 3 4
github.com/LCUstinian/FG-QiMen/internal/tui/tui.go:575.2,575.20 1 1
github.com/LCUstinian/FG-QiMen/internal/tui/tui.go:584.33,584.63 1 9
github.com/LCUstinian/FG-QiMen/internal/tui/tui.go:588.40,612.19 3 1
github.com/LCUstinian/FG-QiMen/internal/tui/tui.go:612.19,622.3 2 0
github.com/LCUstinian/FG-QiMen/internal/tui/tui.go:623.2,626.25 4 1
github.com/LCUstinian/FG-QiMen/internal/tui/tui.go:626.25,646.15 5 5
github.com/LCUstinian/FG-QiMen/internal/tui/tui.go:647.16,648.28 1 1
github.com/LCUstinian/FG-QiMen/internal/tui/tui.go:648.28,650.5 1 0
github.com/LCUstinian/FG-QiMen/internal/tui/tui.go:651.17,652.29 1 1
github.com/LCUstinian/FG-QiMen/internal/tui/tui.go:652.29,654.5 1 0
github.com/LCUstinian/FG-QiMen/internal/tui/tui.go:656.3,657.25 2 5
github.com/LCUstinian/FG-QiMen/internal/tui/tui.go:662.2,662.19 1 1
github.com/LCUstinian/FG-QiMen/internal/tui/tui.go:662.19,664.3 1 0
github.com/LCUstinian/FG-QiMen/internal/tui/tui.go:665.2,665.22 1 1
github.com/LCUstinian/FG-QiMen/internal/tui/tui.go:670.41,681.22 2 1
github.com/LCUstinian/FG-QiMen/internal/tui/tui.go:681.22,683.3 1 1
github.com/LCUstinian/FG-QiMen/internal/tui/tui.go:684.2,684.34 1 1
github.com/LCUstinian/FG-QiMen/internal/tui/tui.go:684.34,686.3 1 0
github.com/LCUstinian/FG-QiMen/internal/tui/tui.go:693.2,694.34 2 1
github.com/LCUstinian/FG-QiMen/internal/tui/tui.go:694.34,696.3 1 0
github.com/LCUstinian/FG-QiMen/internal/tui/tui.go:697.2,703.29 6 1
github.com/LCUstinian/FG-QiMen/internal/tui/tui.go:703.29,706.17 3 0
github.com/LCUstinian/FG-QiMen/internal/tui/tui.go:707.15,708.32 1 0
github.com/LCUstinian/FG-QiMen/internal/tui/tui.go:709.14,710.34 1 0
github.com/LCUstinian/FG-QiMen/internal/tui/tui.go:711.11,712.38 1 0
github.com/LCUstinian/FG-QiMen/internal/tui/tui.go:719.3,721.52 3 0
github.com/LCUstinian/FG-QiMen/internal/tui/tui.go:721.52,723.4 1 0
github.com/LCUstinian/FG-QiMen/internal/tui/tui.go:732.3,733.18 2 0
github.com/LCUstinian/FG-QiMen/internal/tui/tui.go:733.18,735.4 1 0
github.com/LCUstinian/FG-QiMen/internal/tui/tui.go:736.3,740.25 5 0
github.com/LCUstinian/FG-QiMen/internal/tui/tui.go:743.2,743.19 1 1
github.com/LCUstinian/FG-QiMen/internal/tui/tui.go:743.19,751.28 2 0
github.com/LCUstinian/FG-QiMen/internal/tui/tui.go:751.28,753.4 1 0
github.com/LCUstinian/FG-QiMen/internal/tui/tui.go:754.3,754.51 1 0
github.com/LCUstinian/FG-QiMen/internal/tui/tui.go:756.2,756.22 1 1
github.com/LCUstinian/FG-QiMen/internal/tui/tui.go:768.37,769.18 1 0
github.com/LCUstinian/FG-QiMen/internal/tui/tui.go:769.18,771.3 1 0
github.com/LCUstinian/FG-QiMen/internal/tui/tui.go:772.2,773.20 2 0
github.com/LCUstinian/FG-QiMen/internal/tui/tui.go:773.20,775.3 1 0
github.com/LCUstinian/FG-QiMen/internal/tui/tui.go:776.2,776.27 1 0
github.com/LCUstinian/FG-QiMen/internal/tui/tui.go:776.27,778.3 1 0
github.com/LCUstinian/FG-QiMen/internal/tui/tui.go:780.2,782.16 3 0
github.com/LCUstinian/FG-QiMen/internal/tui/tui.go:782.16,784.3 1 0
github.com/LCUstinian/FG-QiMen/internal/tui/tui.go:785.2,785.15 1 0
github.com/LCUstinian/FG-QiMen/internal/tui/tui.go:793.54,794.15 1 0
github.com/LCUstinian/FG-QiMen/internal/tui/tui.go:794.15,796.3 1 0
github.com/LCUstinian/FG-QiMen/internal/tui/tui.go:797.2,797.31 1 0
github.com/LCUstinian/FG-QiMen/internal/tui/tui.go:797.31,799.3 1 0
github.com/LCUstinian/FG-QiMen/internal/tui/tui.go:807.2,809.22 3 0
github.com/LCUstinian/FG-QiMen/internal/tui/tui.go:809.22,811.39 2 0
github.com/LCUstinian/FG-QiMen/internal/tui/tui.go:811.39,813.9 2 0
github.com/LCUstinian/FG-QiMen/internal/tui/tui.go:815.3,815.11 1 0
github.com/LCUstinian/FG-QiMen/internal/tui/tui.go:817.2,817.22 1 0
github.com/LCUstinian/FG-QiMen/internal/plugins/adapted/web/webtitle/fingerprint/custom.go:98.50,100.16 2 6
github.com/LCUstinian/FG-QiMen/internal/plugins/adapted/web/webtitle/fingerprint/custom.go:100.16,102.3 1 1
github.com/LCUstinian/FG-QiMen/internal/plugins/adapted/web/webtitle/fingerprint/custom.go:103.2,103.31 1 5
github.com/LCUstinian/FG-QiMen/internal/plugins/adapted/web/webtitle/fingerprint/custom.go:109.53,110.79 1 6
github.com/LCUstinian/FG-QiMen/internal/plugins/adapted/web/webtitle/fingerprint/custom.go:110.79,112.3 1 2
github.com/LCUstinian/FG-QiMen/internal/plugins/adapted/web/webtitle/fingerprint/custom.go:113.2,113.26 1 4
github.com/LCUstinian/FG-QiMen/internal/plugins/adapted/web/webtitle/fingerprint/custom.go:118.43,122.16 4 2
github.com/LCUstinian/FG-QiMen/internal/plugins/adapted/web/webtitle/fingerprint/custom.go:122.16,124.3 1 0
github.com/LCUstinian/FG-QiMen/internal/plugins/adapted/web/webtitle/fingerprint/custom.go:125.2,128.16 4 2
github.com/LCUstinian/FG-QiMen/internal/plugins/adapted/web/webtitle/fingerprint/custom.go:128.16,130.3 1 0
github.com/LCUstinian/FG-QiMen/internal/plugins/adapted/web/webtitle/fingerprint/custom.go:131.2,132.28 2 2
github.com/LCUstinian/FG-QiMen/internal/plugins/adapted/web/webtitle/fingerprint/custom.go:132.28,134.3 1 1
github.com/LCUstinian/FG-QiMen/internal/plugins/adapted/web/webtitle/fingerprint/custom.go:137.2,137.54 1 1
github.com/LCUstinian/FG-QiMen/internal/plugins/adapted/web/webtitle/fingerprint/custom.go:142.49,144.53 2 5
github.com/LCUstinian/FG-QiMen/internal/plugins/adapted/web/webtitle/fingerprint/custom.go:144.53,146.3 1 0
github.com/LCUstinian/FG-QiMen/internal/plugins/adapted/web/webtitle/fingerprint/custom.go:147.2,147.33 1 5
github.com/LCUstinian/FG-QiMen/internal/plugins/adapted/web/webtitle/fingerprint/custom.go:147.33,149.3 1 3
github.com/LCUstinian/FG-QiMen/internal/plugins/adapted/web/webtitle/fingerprint/custom.go:150.2,150.31 1 2
github.com/LCUstinian/FG-QiMen/internal/plugins/adapted/web/webtitle/fingerprint/custom.go:150.31,152.3 1 1
github.com/LCUstinian/FG-QiMen/internal/plugins/adapted/web/webtitle/fingerprint/custom.go:153.2,153.90 1 1
github.com/LCUstinian/FG-QiMen/internal/plugins/adapted/web/webtitle/fingerprint/custom.go:158.47,162.52 2 3
github.com/LCUstinian/FG-QiMen/internal/plugins/adapted/web/webtitle/fingerprint/custom.go:162.52,164.3 1 0
github.com/LCUstinian/FG-QiMen/internal/plugins/adapted/web/webtitle/fingerprint/custom.go:165.2,167.31 3 3
github.com/LCUstinian/FG-QiMen/internal/plugins/adapted/web/webtitle/fingerprint/custom.go:167.31,171.32 4 3
github.com/LCUstinian/FG-QiMen/internal/plugins/adapted/web/webtitle/fingerprint/custom.go:171.32,173.20 2 3
github.com/LCUstinian/FG-QiMen/internal/plugins/adapted/web/webtitle/fingerprint/custom.go:173.20,174.32 1 1
github.com/LCUstinian/FG-QiMen/internal/plugins/adapted/web/webtitle/fingerprint/custom.go:174.32,175.49 1 1
github.com/LCUstinian/FG-QiMen/internal/plugins/adapted/web/webtitle/fingerprint/custom.go:175.49,177.7 1 1
github.com/LCUstinian/FG-QiMen/internal/plugins/adapted/web/webtitle/fingerprint/custom.go:180.4,184.6 1 2
github.com/LCUstinian/FG-QiMen/internal/plugins/adapted/web/webtitle/fingerprint/custom.go:186.3,186.24 1 2
github.com/LCUstinian/FG-QiMen/internal/plugins/adapted/web/webtitle/fingerprint/custom.go:186.24,187.12 1 0
github.com/LCUstinian/FG-QiMen/internal/plugins/adapted/web/webtitle/fingerprint/custom.go:194.3,212.40 6 2
github.com/LCUstinian/FG-QiMen/internal/plugins/adapted/web/webtitle/fingerprint/custom.go:214.2,214.29 1 2
github.com/LCUstinian/FG-QiMen/internal/plugins/adapted/web/webtitle/fingerprint/custom.go:219.46,221.52 2 1
github.com/LCUstinian/FG-QiMen/internal/plugins/adapted/web/webtitle/fingerprint/custom.go:221.52,223.3 1 0
github.com/LCUstinian/FG-QiMen/internal/plugins/adapted/web/webtitle/fingerprint/custom.go:224.2,226.29 3 1
github.com/LCUstinian/FG-QiMen/internal/plugins/adapted/web/webtitle/fingerprint/custom.go:226.29,230.19 4 1
github.com/LCUstinian/FG-QiMen/internal/plugins/adapted/web/webtitle/fingerprint/custom.go:231.18,232.14 1 1
github.com/LCUstinian/FG-QiMen/internal/plugins/adapted/web/webtitle/fingerprint/custom.go:233.16,234.15 1 0
github.com/LCUstinian/FG-QiMen/internal/plugins/adapted/web/webtitle/fingerprint/custom.go:235.14,236.17 1 0
github.com/LCUstinian/FG-QiMen/internal/plugins/adapted/web/webtitle/fingerprint/custom.go:237.11,238.16 1 0
github.com/LCUstinian/FG-QiMen/internal/plugins/adapted/web/webtitle/fingerprint/custom.go:240.3,240.19 1 1
github.com/LCUstinian/FG-QiMen/internal/plugins/adapted/web/webtitle/fingerprint/custom.go:240.19,241.30 1 0
github.com/LCUstinian/FG-QiMen/internal/plugins/adapted/web/webtitle/fingerprint/custom.go:241.30,242.48 1 0
github.com/LCUstinian/FG-QiMen/internal/plugins/adapted/web/webtitle/fingerprint/custom.go:242.48,244.6 1 0
github.com/LCUstinian/FG-QiMen/internal/plugins/adapted/web/webtitle/fingerprint/custom.go:247.3,259.40 3 1
github.com/LCUstinian/FG-QiMen/internal/plugins/adapted/web/webtitle/fingerprint/custom.go:261.2,261.27 1 1
github.com/LCUstinian/FG-QiMen/internal/plugins/adapted/web/webtitle/fingerprint/custom.go:269.42,275.2 5 3
github.com/LCUstinian/FG-QiMen/internal/plugins/adapted/web/webtitle/fingerprint/custom.go:279.34,285.2 5 5
github.com/LCUstinian/FG-QiMen/internal/plugins/adapted/web/webtitle/fingerprint/enhanced.go:81.19,83.76 2 1
github.com/LCUstinian/FG-QiMen/internal/plugins/adapted/web/webtitle/fingerprint/enhanced.go:83.76,89.3 2 0
github.com/LCUstinian/FG-QiMen/internal/plugins/adapted/web/webtitle/fingerprint/enhanced.go:90.2,90.10 1 1
github.com/LCUstinian/FG-QiMen/internal/plugins/adapted/web/webtitle/fingerprint/enhanced.go:97.45,97.67 1 0
github.com/LCUstinian/FG-QiMen/internal/plugins/adapted/web/webtitle/fingerprint/enhanced.go:101.18,102.19 1 4
github.com/LCUstinian/FG-QiMen/internal/plugins/adapted/web/webtitle/fingerprint/enhanced.go:102.19,102.36 1 1
github.com/LCUstinian/FG-QiMen/internal/plugins/adapted/web/webtitle/fingerprint/enhanced.go:103.2,103.11 1 4
github.com/LCUstinian/FG-QiMen/internal/plugins/adapted/web/webtitle/fingerprint/enhanced.go:117.57,119.42 2 4
github.com/LCUstinian/FG-QiMen/internal/plugins/adapted/web/webtitle/fingerprint/enhanced.go:119.42,121.3 1 0
github.com/LCUstinian/FG-QiMen/internal/plugins/adapted/web/webtitle/fingerprint/enhanced.go:122.2,134.25 6 4
github.com/LCUstinian/FG-QiMen/internal/plugins/adapted/web/webtitle/fingerprint/enhanced.go:134.25,135.24 1 12556
github.com/LCUstinian/FG-QiMen/internal/plugins/adapted/web/webtitle/fingerprint/enhanced.go:135.24,136.12 1 0
github.com/LCUstinian/FG-QiMen/internal/plugins/adapted/web/webtitle/fingerprint/enhanced.go:138.3,139.39 2 12556
github.com/LCUstinian/FG-QiMen/internal/plugins/adapted/web/webtitle/fingerprint/enhanced.go:139.39,140.63 1 14140
github.com/LCUstinian/FG-QiMen/internal/plugins/adapted/web/webtitle/fingerprint/enhanced.go:140.63,145.10 2 1
github.com/LCUstinian/FG-QiMen/internal/plugins/adapted/web/webtitle/fingerprint/enhanced.go:151.2,151.42 1 4
github.com/LCUstinian/FG-QiMen/internal/plugins/adapted/web/webtitle/fingerprint/enhanced.go:151.42,152.49 1 0
github.com/LCUstinian/FG-QiMen/internal/plugins/adapted/web/webtitle/fingerprint/enhanced.go:152.49,154.4 1 0
github.com/LCUstinian/FG-QiMen/internal/plugins/adapted/web/webtitle/fingerprint/enhanced.go:155.3,155.43 1 0
github.com/LCUstinian/FG-QiMen/internal/plugins/adapted/web/webtitle/fingerprint/enhanced.go:157.2,158.28 2 4
github.com/LCUstinian/FG-QiMen/internal/plugins/adapted/web/webtitle/fingerprint/enhanced.go:158.28,160.3 1 1
github.com/LCUstinian/FG-QiMen/internal/plugins/adapted/web/webtitle/fingerprint/enhanced.go:161.2,161.12 1 4
github.com/LCUstinian/FG-QiMen/internal/plugins/adapted/web/webtitle/fingerprint/enhanced.go:167.68,169.21 2 1
github.com/LCUstinian/FG-QiMen/internal/plugins/adapted/web/webtitle/fingerprint/enhanced.go:170.17,171.11 1 0
github.com/LCUstinian/FG-QiMen/internal/plugins/adapted/web/webtitle/fingerprint/enhanced.go:172.15,173.10 1 0
github.com/LCUstinian/FG-QiMen/internal/plugins/adapted/web/webtitle/fingerprint/enhanced.go:174.14,175.10 1 1
github.com/LCUstinian/FG-QiMen/internal/plugins/adapted/web/webtitle/fingerprint/enhanced.go:177.2,177.29 1 1
github.com/LCUstinian/FG-QiMen/internal/plugins/adapted/web/webtitle/fingerprint/enhanced.go:177.29,178.60 1 1
github.com/LCUstinian/FG-QiMen/internal/plugins/adapted/web/webtitle/fingerprint/enhanced.go:178.60,180.4 1 1
github.com/LCUstinian/FG-QiMen/internal/plugins/adapted/web/webtitle/fingerprint/enhanced.go:182.2,182.10 1 1
github.com/LCUstinian/FG-QiMen/internal/plugins/adapted/web/webtitle/fingerprint/enhanced.go:199.8,200.16 1 14140
github.com/LCUstinian/FG-QiMen/internal/plugins/adapted/web/webtitle/fingerprint/enhanced.go:201.14,202.38 1 11612
github.com/LCUstinian/FG-QiMen/internal/plugins/adapted/web/webtitle/fingerprint/enhanced.go:203.15,204.41 1 1500
github.com/LCUstinian/FG-QiMen/internal/plugins/adapted/web/webtitle/fingerprint/enhanced.go:205.17,206.34 1 1028
github.com/LCUstinian/FG-QiMen/internal/plugins/adapted/web/webtitle/fingerprint/enhanced.go:207.10,208.15 1 0
github.com/LCUstinian/FG-QiMen/internal/plugins/adapted/web/webtitle/fingerprint/enhanced.go:224.8,226.24 2 11612
github.com/LCUstinian/FG-QiMen/internal/plugins/adapted/web/webtitle/fingerprint/enhanced.go:226.24,228.3 1 844
github.com/LCUstinian/FG-QiMen/internal/plugins/adapted/web/webtitle/fingerprint/enhanced.go:229.2,230.23 2 11612
github.com/LCUstinian/FG-QiMen/internal/plugins/adapted/web/webtitle/fingerprint/enhanced.go:230.23,233.29 3 11588
github.com/LCUstinian/FG-QiMen/internal/plugins/adapted/web/webtitle/fingerprint/enhanced.go:233.29,235.4 1 18068
github.com/LCUstinian/FG-QiMen/internal/plugins/adapted/web/webtitle/fingerprint/enhanced.go:237.2,239.26 3 11612
github.com/LCUstinian/FG-QiMen/internal/plugins/adapted/web/webtitle/fingerprint/enhanced.go:239.26,240.34 1 16064
github.com/LCUstinian/FG-QiMen/internal/plugins/adapted/web/webtitle/fingerprint/enhanced.go:240.34,241.14 1 1
github.com/LCUstinian/FG-QiMen/internal/plugins/adapted/web/webtitle/fingerprint/enhanced.go:241.14,243.5 1 1
github.com/LCUstinian/FG-QiMen/internal/plugins/adapted/web/webtitle/fingerprint/enhanced.go:244.4,244.10 1 0
github.com/LCUstinian/FG-QiMen/internal/plugins/adapted/web/webtitle/fingerprint/enhanced.go:245.9,245.19 1 16063
github.com/LCUstinian/FG-QiMen/internal/plugins/adapted/web/webtitle/fingerprint/enhanced.go:245.19,247.4 1 1888
github.com/LCUstinian/FG-QiMen/internal/plugins/adapted/web/webtitle/fingerprint/enhanced.go:249.2,249.36 1 9723
github.com/LCUstinian/FG-QiMen/internal/plugins/adapted/web/webtitle/fingerprint/enhanced.go:266.8,268.24 2 1500
github.com/LCUstinian/FG-QiMen/internal/plugins/adapted/web/webtitle/fingerprint/enhanced.go:268.24,270.3 1 0
github.com/LCUstinian/FG-QiMen/internal/plugins/adapted/web/webtitle/fingerprint/enhanced.go:271.2,273.30 3 1500
github.com/LCUstinian/FG-QiMen/internal/plugins/adapted/web/webtitle/fingerprint/enhanced.go:273.30,275.16 2 1624
github.com/LCUstinian/FG-QiMen/internal/plugins/adapted/web/webtitle/fingerprint/enhanced.go:275.16,276.12 1 0
github.com/LCUstinian/FG-QiMen/internal/plugins/adapted/web/webtitle/fingerprint/enhanced.go:278.3,278.29 1 1624
github.com/LCUstinian/FG-QiMen/internal/plugins/adapted/web/webtitle/fingerprint/enhanced.go:278.29,279.14 1 0
github.com/LCUstinian/FG-QiMen/internal/plugins/adapted/web/webtitle/fingerprint/enhanced.go:279.14,281.5 1 0
github.com/LCUstinian/FG-QiMen/internal/plugins/adapted/web/webtitle/fingerprint/enhanced.go:282.4,282.10 1 0
github.com/LCUstinian/FG-QiMen/internal/plugins/adapted/web/webtitle/fingerprint/enhanced.go:283.9,283.19 1 1624
github.com/LCUstinian/FG-QiMen/internal/plugins/adapted/web/webtitle/fingerprint/enhanced.go:283.19,285.4 1 0
github.com/LCUstinian/FG-QiMen/internal/plugins/adapted/web/webtitle/fingerprint/enhanced.go:287.2,287.38 1 1500
github.com/LCUstinian/FG-QiMen/internal/plugins/adapted/web/webtitle/fingerprint/enhanced.go:304.57,306.41 2 1624
github.com/LCUstinian/FG-QiMen/internal/plugins/adapted/web/webtitle/fingerprint/enhanced.go:306.41,309.3 2 1263
github.com/LCUstinian/FG-QiMen/internal/plugins/adapted/web/webtitle/fingerprint/enhanced.go:310.2,313.16 3 361
github.com/LCUstinian/FG-QiMen/internal/plugins/adapted/web/webtitle/fingerprint/enhanced.go:313.16,315.3 1 0
github.com/LCUstinian/FG-QiMen/internal/plugins/adapted/web/webtitle/fingerprint/enhanced.go:316.2,319.11 4 361
github.com/LCUstinian/FG-QiMen/internal/plugins/adapted/web/webtitle/fingerprint/enhanced_favicon.go:43.8,44.23 1 1028
github.com/LCUstinian/FG-QiMen/internal/plugins/adapted/web/webtitle/fingerprint/enhanced_favicon.go:44.23,46.3 1 1028
github.com/LCUstinian/FG-QiMen/internal/plugins/adapted/web/webtitle/fingerprint/enhanced_favicon.go:50.2,50.27 1 0
github.com/LCUstinian/FG-QiMen/internal/plugins/adapted/web/webtitle/fingerprint/enhanced_favicon.go:50.27,53.16 2 0
github.com/LCUstinian/FG-QiMen/internal/plugins/adapted/web/webtitle/fingerprint/enhanced_favicon.go:53.16,54.12 1 0
github.com/LCUstinian/FG-QiMen/internal/plugins/adapted/web/webtitle/fingerprint/enhanced_favicon.go:56.3,57.21 2 0
github.com/LCUstinian/FG-QiMen/internal/plugins/adapted/web/webtitle/fingerprint/enhanced_favicon.go:57.21,58.12 1 0
github.com/LCUstinian/FG-QiMen/internal/plugins/adapted/web/webtitle/fingerprint/enhanced_favicon.go:60.3,61.60 2 0
github.com/LCUstinian/FG-QiMen/internal/plugins/adapted/web/webtitle/fingerprint/enhanced_favicon.go:61.60,62.12 1 0
github.com/LCUstinian/FG-QiMen/internal/plugins/adapted/web/webtitle/fingerprint/enhanced_favicon.go:64.3,64.31 1 0
github.com/LCUstinian/FG-QiMen/internal/plugins/adapted/web/webtitle/fingerprint/enhanced_favicon.go:64.31,65.26 1 0
github.com/LCUstinian/FG-QiMen/internal/plugins/adapted/web/webtitle/fingerprint/enhanced_favicon.go:65.26,67.5 1 0
github.com/LCUstinian/FG-QiMen/internal/plugins/adapted/web/webtitle/fingerprint/enhanced_favicon.go:70.2,70.14 1 0
github.com/LCUstinian/FG-QiMen/internal/plugins/adapted/web/webtitle/fingerprint/enhanced_favicon.go:82.50,83.20 1 2
github.com/LCUstinian/FG-QiMen/internal/plugins/adapted/web/webtitle/fingerprint/enhanced_favicon.go:83.20,85.3 1 0
github.com/LCUstinian/FG-QiMen/internal/plugins/adapted/web/webtitle/fingerprint/enhanced_favicon.go:86.2,86.34 1 2
github.com/LCUstinian/FG-QiMen/internal/plugins/adapted/web/webtitle/fingerprint/enhanced_favicon.go:99.36,105.38 3 2
github.com/LCUstinian/FG-QiMen/internal/plugins/adapted/web/webtitle/fingerprint/enhanced_favicon.go:105.38,113.3 7 8
github.com/LCUstinian/FG-QiMen/internal/plugins/adapted/web/webtitle/fingerprint/enhanced_favicon.go:115.2,116.23 2 2
github.com/LCUstinian/FG-QiMen/internal/plugins/adapted/web/webtitle/fingerprint/enhanced_favicon.go:117.9,119.14 2 0
github.com/LCUstinian/FG-QiMen/internal/plugins/adapted/web/webtitle/fingerprint/enhanced_favicon.go:120.9,122.14 2 0
github.com/LCUstinian/FG-QiMen/internal/plugins/adapted/web/webtitle/fingerprint/enhanced_favicon.go:123.9,128.13 5 0
github.com/LCUstinian/FG-QiMen/internal/plugins/adapted/web/webtitle/fingerprint/enhanced_favicon.go:131.2,137.18 7 2
github.com/LCUstinian/FG-QiMen/internal/plugins/adapted/web/webtitle/fingerprint/match.go:17.40,32.24 8 4
github.com/LCUstinian/FG-QiMen/internal/plugins/adapted/web/webtitle/fingerprint/match.go:32.24,33.29 1 8
github.com/LCUstinian/FG-QiMen/internal/plugins/adapted/web/webtitle/fingerprint/match.go:33.29,34.12 1 2
github.com/LCUstinian/FG-QiMen/internal/plugins/adapted/web/webtitle/fingerprint/match.go:36.3,37.25 2 6
github.com/LCUstinian/FG-QiMen/internal/plugins/adapted/web/webtitle/fingerprint/match.go:39.2,40.13 2 4
github.com/LCUstinian/FG-QiMen/internal/plugins/adapted/web/webtitle/fingerprint/match.go:47.48,49.23 2 4
github.com/LCUstinian/FG-QiMen/internal/plugins/adapted/web/webtitle/fingerprint/match.go:49.23,51.3 1 4
github.com/LCUstinian/FG-QiMen/internal/plugins/adapted/web/webtitle/fingerprint/match.go:52.2,55.28 4 0
github.com/LCUstinian/FG-QiMen/internal/plugins/adapted/web/webtitle/fingerprint/match.go:55.28,57.27 1 0
github.com/LCUstinian/FG-QiMen/internal/plugins/adapted/web/webtitle/fingerprint/match.go:57.27,58.12 1 0
github.com/LCUstinian/FG-QiMen/internal/plugins/adapted/web/webtitle/fingerprint/match.go:65.3,66.32 2 0
github.com/LCUstinian/FG-QiMen/internal/plugins/adapted/web/webtitle/fingerprint/match.go:66.32,67.70 1 0
github.com/LCUstinian/FG-QiMen/internal/plugins/adapted/web/webtitle/fingerprint/match.go:67.70,69.10 2 0
github.com/LCUstinian/FG-QiMen/internal/plugins/adapted/web/webtitle/fingerprint/match.go:72.3,72.55 1 0
github.com/LCUstinian/FG-QiMen/internal/plugins/adapted/web/webtitle/fingerprint/match.go:72.55,74.4 1 0
github.com/LCUstinian/FG-QiMen/internal/plugins/adapted/web/webtitle/fingerprint/match.go:76.2,76.13 1 0
github.com/LCUstinian/FG-QiMen/internal/plugins/adapted/web/webtitle/fingerprint/match.go:83.46,85.30 2 4
github.com/LCUstinian/FG-QiMen/internal/plugins/adapted/web/webtitle/fingerprint/match.go:85.30,86.25 1 776
github.com/LCUstinian/FG-QiMen/internal/plugins/adapted/web/webtitle/fingerprint/match.go:86.25,88.4 1 7
github.com/LCUstinian/FG-QiMen/internal/plugins/adapted/web/webtitle/fingerprint/match.go:90.2,90.13 1 4
github.com/LCUstinian/FG-QiMen/internal/plugins/adapted/web/webtitle/fingerprint/rules.go:255.13,256.27 1 1
github.com/LCUstinian/FG-QiMen/internal/plugins/adapted/web/webtitle/fingerprint/rules.go:256.27,262.17 2 194
github.com/LCUstinian/FG-QiMen/internal/plugins/adapted/web/webtitle/fingerprint/rules.go:262.17,265.12 1 1
github.com/LCUstinian/FG-QiMen/internal/plugins/adapted/web/webtitle/fingerprint/rules.go:267.3,267.29 1 193
github.com/LCUstinian/FG-QiMen/internal/plugins/adapted/web/webtitle/fingerprint/rules.go:274.49,275.23 1 776
github.com/LCUstinian/FG-QiMen/internal/plugins/adapted/web/webtitle/fingerprint/rules.go:275.23,277.3 1 4
github.com/LCUstinian/FG-QiMen/internal/plugins/adapted/web/webtitle/fingerprint/rules.go:278.2,279.16 2 772
github.com/LCUstinian/FG-QiMen/internal/plugins/adapted/web/webtitle/fingerprint/rules.go:280.23,281.29 1 372
github.com/LCUstinian/FG-QiMen/internal/plugins/adapted/web/webtitle/fingerprint/rules.go:282.17,283.24 1 360
github.com/LCUstinian/FG-QiMen/internal/plugins/adapted/web/webtitle/fingerprint/rules.go:284.16,288.43 1 40
github.com/LCUstinian/FG-QiMen/internal/plugins/adapted/web/webtitle/fingerprint/rules.go:289.10,290.29 1 0
github.com/LCUstinian/FG-QiMen/internal/plugins/adapted/web/webtitle/fingerprint/rules.go:292.2,292.39 1 772
github.com/LCUstinian/FG-QiMen/internal/plugins/adapted/web/webtitle/fingerprint/rules.go:298.47,300.43 2 40
github.com/LCUstinian/FG-QiMen/internal/plugins/adapted/web/webtitle/fingerprint/rules.go:300.43,305.14 2 80
github.com/LCUstinian/FG-QiMen/internal/plugins/adapted/web/webtitle/fingerprint/rules.go:305.14,306.12 1 80
github.com/LCUstinian/FG-QiMen/internal/plugins/adapted/web/webtitle/fingerprint/rules.go:308.3,311.53 2 0
github.com/LCUstinian/FG-QiMen/internal/plugins/adapted/web/webtitle/fingerprint/rules.go:311.53,313.4 1 0
github.com/LCUstinian/FG-QiMen/internal/plugins/adapted/web/webtitle/fingerprint/rules.go:314.3,315.20 2 0
github.com/LCUstinian/FG-QiMen/internal/plugins/adapted/web/webtitle/fingerprint/rules.go:317.2,317.19 1 40
github.com/LCUstinian/FG-QiMen/internal/plugins/adapted/web/webtitle/fingerprint/rules.go:322.36,323.13 1 40
github.com/LCUstinian/FG-QiMen/internal/plugins/adapted/web/webtitle/fingerprint/rules.go:323.13,325.3 1 10
github.com/LCUstinian/FG-QiMen/internal/plugins/adapted/web/webtitle/fingerprint/rules.go:326.2,326.31 1 30
github.com/LCUstinian/FG-QiMen/internal/utils/strconv.go:24.51,32.2 5 4
github.com/LCUstinian/FG-QiMen/internal/utils/strconv.go:41.42,42.22 1 8
github.com/LCUstinian/FG-QiMen/internal/utils/strconv.go:42.22,44.3 1 2
github.com/LCUstinian/FG-QiMen/internal/utils/strconv.go:45.2,45.26 1 6
github.com/LCUstinian/FG-QiMen/internal/utils/strconv.go:45.26,47.3 1 1
github.com/LCUstinian/FG-QiMen/internal/utils/strconv.go:50.2,53.43 2 5
github.com/LCUstinian/FG-QiMen/internal/utils/strconv.go:53.43,55.36 2 35
github.com/LCUstinian/FG-QiMen/internal/utils/strconv.go:55.36,59.30 3 55
github.com/LCUstinian/FG-QiMen/internal/utils/strconv.go:59.30,61.5 1 19
github.com/LCUstinian/FG-QiMen/internal/utils/strconv.go:62.4,62.16 1 55
github.com/LCUstinian/FG-QiMen/internal/utils/strconv.go:62.16,64.10 2 31
github.com/LCUstinian/FG-QiMen/internal/utils/strconv.go:67.3,67.12 1 35
github.com/LCUstinian/FG-QiMen/internal/utils/strconv.go:67.12,69.4 1 4
github.com/LCUstinian/FG-QiMen/internal/utils/strconv.go:71.2,71.14 1 1
github.com/LCUstinian/FG-QiMen/internal/utils/strconv.go:80.34,82.2 1 5
github.com/LCUstinian/FG-QiMen/internal/utils/strconv.go:86.43,87.26 1 5
github.com/LCUstinian/FG-QiMen/internal/utils/strconv.go:87.26,89.3 1 0
github.com/LCUstinian/FG-QiMen/internal/utils/strconv.go:90.2,90.43 1 5
github.com/LCUstinian/FG-QiMen/internal/utils/strconv.go:95.43,96.26 1 0
github.com/LCUstinian/FG-QiMen/internal/utils/strconv.go:96.26,98.3 1 0
github.com/LCUstinian/FG-QiMen/internal/utils/strconv.go:99.2,99.50 1 0
github.com/LCUstinian/FG-QiMen/internal/utils/strconv.go:108.33,110.2 1 0
github.com/LCUstinian/FG-QiMen/internal/utils/strconv.go:114.45,115.20 1 4
github.com/LCUstinian/FG-QiMen/internal/utils/strconv.go:115.20,117.3 1 1
github.com/LCUstinian/FG-QiMen/internal/utils/strconv.go:121.2,123.25 2 3
github.com/LCUstinian/FG-QiMen/internal/utils/strconv.go:123.25,124.12 1 7
github.com/LCUstinian/FG-QiMen/internal/utils/strconv.go:124.12,126.4 1 4
github.com/LCUstinian/FG-QiMen/internal/utils/strconv.go:127.3,127.45 1 7
github.com/LCUstinian/FG-QiMen/internal/utils/strconv.go:130.2,130.20 1 3
github.com/LCUstinian/FG-QiMen/internal/utils/strconv.go:135.39,137.2 1 0
github.com/LCUstinian/FG-QiMen/internal/utils/strconv.go:141.30,143.2 1 0
github.com/LCUstinian/FG-QiMen/internal/ui/banner.go:24.40,25.17 1 0
github.com/LCUstinian/FG-QiMen/internal/ui/banner.go:25.17,27.3 1 0
github.com/LCUstinian/FG-QiMen/internal/ui/banner.go:28.2,45.13 12 0
github.com/LCUstinian/FG-QiMen/internal/ui/banner.go:45.13,55.3 9 0
github.com/LCUstinian/FG-QiMen/internal/ui/banner.go:55.8,62.3 6 0
github.com/LCUstinian/FG-QiMen/internal/ui/banner.go:64.2,64.20 1 0
github.com/LCUstinian/FG-QiMen/internal/ui/factory.go:43.35,44.23 1 0
github.com/LCUstinian/FG-QiMen/internal/ui/factory.go:44.23,46.3 1 0
github.com/LCUstinian/FG-QiMen/internal/ui/factory.go:47.2,47.23 1 0
github.com/LCUstinian/FG-QiMen/internal/ui/textui.go:59.43,65.2 1 0
github.com/LCUstinian/FG-QiMen/internal/ui/textui.go:68.44,71.16 3 0
github.com/LCUstinian/FG-QiMen/internal/ui/textui.go:71.16,73.3 1 0
github.com/LCUstinian/FG-QiMen/internal/ui/textui.go:74.2,77.62 2 0
github.com/LCUstinian/FG-QiMen/internal/ui/textui.go:95.40,96.14 1 0
github.com/LCUstinian/FG-QiMen/internal/ui/textui.go:96.14,98.3 1 0
github.com/LCUstinian/FG-QiMen/internal/ui/textui.go:99.2,105.19 5 0
github.com/LCUstinian/FG-QiMen/internal/ui/textui.go:105.19,111.3 1 0
github.com/LCUstinian/FG-QiMen/internal/ui/textui.go:111.8,113.3 1 0
github.com/LCUstinian/FG-QiMen/internal/ui/textui.go:117.41,118.14 1 0
github.com/LCUstinian/FG-QiMen/internal/ui/textui.go:118.14,120.3 1 0
github.com/LCUstinian/FG-QiMen/internal/ui/textui.go:121.2,123.88 3 0
github.com/LCUstinian/FG-QiMen/internal/ui/textui.go:137.45,138.31 1 0
github.com/LCUstinian/FG-QiMen/internal/ui/textui.go:138.31,140.3 1 0
github.com/LCUstinian/FG-QiMen/internal/ui/textui.go:141.2,145.59 3 0
github.com/LCUstinian/FG-QiMen/internal/ui/textui.go:149.39,152.16 3 0
github.com/LCUstinian/FG-QiMen/internal/ui/textui.go:152.16,154.3 1 0
github.com/LCUstinian/FG-QiMen/internal/ui/textui.go:155.2,156.39 2 0
github.com/LCUstinian/FG-QiMen/internal/ui/tty.go:44.30,46.2 1 4
github.com/LCUstinian/FG-QiMen/internal/ui/tty.go:54.30,56.2 1 0
github.com/LCUstinian/FG-QiMen/internal/ui/tty.go:63.35,66.2 2 2
github.com/LCUstinian/FG-QiMen/internal/ui/tty.go:76.18,84.4 1 19
github.com/LCUstinian/FG-QiMen/internal/ui/tty.go:84.4,85.74 1 99
github.com/LCUstinian/FG-QiMen/internal/ui/tty.go:85.74,87.4 1 6
github.com/LCUstinian/FG-QiMen/internal/ui/tty.go:89.2,89.14 1 13
github.com/LCUstinian/FG-QiMen/internal/ui/tty.go:98.24,100.2 1 5
github.com/LCUstinian/FG-QiMen/internal/ui/tty.go:112.23,114.9 2 9
github.com/LCUstinian/FG-QiMen/internal/ui/tty.go:114.9,116.3 1 1
github.com/LCUstinian/FG-QiMen/internal/ui/tty.go:117.2,117.73 1 8
github.com/LCUstinian/FG-QiMen/internal/ui/tty.go:117.73,119.3 1 4
github.com/LCUstinian/FG-QiMen/internal/ui/tty.go:120.2,120.13 1 4
github.com/LCUstinian/FG-QiMen/internal/ui/tty.go:137.43,138.16 1 3
github.com/LCUstinian/FG-QiMen/internal/ui/tty.go:138.16,140.3 1 1
github.com/LCUstinian/FG-QiMen/internal/ui/tty.go:142.2,142.15 1 2
github.com/LCUstinian/FG-QiMen/internal/ui/tty.go:142.15,144.3 1 1
github.com/LCUstinian/FG-QiMen/internal/ui/tty.go:150.2,150.28 1 1
github.com/LCUstinian/FG-QiMen/internal/ui/tty.go:150.28,152.3 1 0
github.com/LCUstinian/FG-QiMen/internal/ui/tty.go:155.2,155.25 1 1
github.com/LCUstinian/FG-QiMen/internal/ui/tty.go:155.25,157.3 1 1
github.com/LCUstinian/FG-QiMen/internal/ui/tty.go:163.2,163.62 1 0
github.com/LCUstinian/FG-QiMen/internal/ui/tty.go:163.62,165.3 1 0
github.com/LCUstinian/FG-QiMen/internal/ui/tty.go:166.2,166.13 1 0
github.com/LCUstinian/FG-QiMen/internal/ui/ui.go:39.40,39.41 0 0
github.com/LCUstinian/FG-QiMen/internal/ui/ui.go:40.40,40.41 0 0
github.com/LCUstinian/FG-QiMen/internal/ui/ui.go:41.40,41.41 0 0
github.com/LCUstinian/FG-QiMen/internal/ui/ui.go:42.40,42.41 0 0
github.com/LCUstinian/FG-QiMen/internal/ui/ui.go:43.40,43.41 0 0
github.com/LCUstinian/FG-QiMen/internal/ui/ui.go:47.17,47.35 1 0
github.com/LCUstinian/FG-QiMen/internal/types/config.go:168.35,169.20 1 12
github.com/LCUstinian/FG-QiMen/internal/types/config.go:169.20,171.3 1 2
github.com/LCUstinian/FG-QiMen/internal/types/config.go:172.2,172.23 1 10
github.com/LCUstinian/FG-QiMen/internal/types/config.go:172.23,175.3 1 0
github.com/LCUstinian/FG-QiMen/internal/types/config.go:176.2,176.20 1 10
github.com/LCUstinian/FG-QiMen/internal/types/config.go:176.20,178.3 1 1
github.com/LCUstinian/FG-QiMen/internal/types/config.go:179.2,179.34 1 9
github.com/LCUstinian/FG-QiMen/internal/types/config.go:179.34,182.3 1 0
github.com/LCUstinian/FG-QiMen/internal/types/config.go:183.2,183.28 1 9
github.com/LCUstinian/FG-QiMen/internal/types/config.go:183.28,185.3 1 1
github.com/LCUstinian/FG-QiMen/internal/types/config.go:186.2,186.16 1 8
github.com/LCUstinian/FG-QiMen/internal/types/config.go:187.39,187.39 0 4
github.com/LCUstinian/FG-QiMen/internal/types/config.go:189.10,191.20 1 3
github.com/LCUstinian/FG-QiMen/internal/types/config.go:192.10,194.59 1 1
github.com/LCUstinian/FG-QiMen/internal/types/config.go:196.2,196.33 1 7
github.com/LCUstinian/FG-QiMen/internal/types/config.go:196.33,198.3 1 1
github.com/LCUstinian/FG-QiMen/internal/types/config.go:200.2,200.27 1 6
github.com/LCUstinian/FG-QiMen/internal/types/config.go:200.27,202.3 1 0
github.com/LCUstinian/FG-QiMen/internal/types/config.go:203.2,203.40 1 6
github.com/LCUstinian/FG-QiMen/internal/types/config.go:203.40,205.3 1 0
github.com/LCUstinian/FG-QiMen/internal/types/config.go:206.2,206.37 1 6
github.com/LCUstinian/FG-QiMen/internal/types/config.go:206.37,208.3 1 0
github.com/LCUstinian/FG-QiMen/internal/types/config.go:209.2,209.39 1 6
github.com/LCUstinian/FG-QiMen/internal/types/config.go:209.40,212.3 0 6
github.com/LCUstinian/FG-QiMen/internal/types/config.go:213.2,213.12 1 6
github.com/LCUstinian/FG-QiMen/internal/types/config.go:226.46,227.38 1 25
github.com/LCUstinian/FG-QiMen/internal/types/config.go:227.38,230.3 1 3
github.com/LCUstinian/FG-QiMen/internal/types/config.go:231.2,231.38 1 22
github.com/LCUstinian/FG-QiMen/internal/types/config.go:234.53,235.45 1 7
github.com/LCUstinian/FG-QiMen/internal/types/config.go:235.45,237.3 1 2
github.com/LCUstinian/FG-QiMen/internal/types/config.go:238.2,238.45 1 5
github.com/LCUstinian/FG-QiMen/internal/types/config.go:262.48,264.16 2 8
github.com/LCUstinian/FG-QiMen/internal/types/config.go:264.16,266.3 1 2
github.com/LCUstinian/FG-QiMen/internal/types/config.go:267.2,268.16 2 6
github.com/LCUstinian/FG-QiMen/internal/types/config.go:268.16,270.3 1 1
github.com/LCUstinian/FG-QiMen/internal/types/config.go:271.2,271.23 1 5
github.com/LCUstinian/FG-QiMen/internal/types/config.go:271.23,277.3 2 2
github.com/LCUstinian/FG-QiMen/internal/types/config.go:278.2,279.28 2 3
github.com/LCUstinian/FG-QiMen/internal/types/config.go:279.28,281.3 1 5
github.com/LCUstinian/FG-QiMen/internal/types/config.go:282.2,283.28 2 3
github.com/LCUstinian/FG-QiMen/internal/types/config.go:283.28,284.40 1 8
github.com/LCUstinian/FG-QiMen/internal/types/config.go:284.40,285.12 1 5
github.com/LCUstinian/FG-QiMen/internal/types/config.go:287.3,287.23 1 3
github.com/LCUstinian/FG-QiMen/internal/types/config.go:289.2,289.19 1 3
github.com/LCUstinian/FG-QiMen/internal/types/config.go:289.19,291.3 1 1
github.com/LCUstinian/FG-QiMen/internal/types/config.go:292.2,293.17 2 2
github.com/LCUstinian/FG-QiMen/internal/types/errors.go:71.37,72.18 1 8
github.com/LCUstinian/FG-QiMen/internal/types/errors.go:72.18,74.3 1 1
github.com/LCUstinian/FG-QiMen/internal/types/errors.go:75.2,75.75 1 7
github.com/LCUstinian/FG-QiMen/internal/types/errors.go:80.53,82.2 1 7
github.com/LCUstinian/FG-QiMen/internal/types/errors.go:86.66,92.2 1 3
github.com/LCUstinian/FG-QiMen/internal/types/errors.go:96.52,99.2 1 1
github.com/LCUstinian/FG-QiMen/internal/types/logger.go:43.38,45.2 1 1
github.com/LCUstinian/FG-QiMen/internal/types/logger.go:49.45,51.2 1 2
github.com/LCUstinian/FG-QiMen/internal/types/logger.go:53.65,60.2 6 2
github.com/LCUstinian/FG-QiMen/internal/types/logger.go:63.58,63.93 1 1
github.com/LCUstinian/FG-QiMen/internal/types/logger.go:64.58,64.93 1 0
github.com/LCUstinian/FG-QiMen/internal/types/logger.go:65.58,65.93 1 1
github.com/LCUstinian/FG-QiMen/internal/types/logger.go:66.58,66.93 1 0
github.com/LCUstinian/FG-QiMen/internal/types/logger.go:67.60,69.2 1 0
github.com/LCUstinian/FG-QiMen/internal/types/logger.go:70.62,72.2 1 0
github.com/LCUstinian/FG-QiMen/internal/types/logger.go:78.45,78.46 0 1
github.com/LCUstinian/FG-QiMen/internal/types/logger.go:79.45,79.46 0 1
github.com/LCUstinian/FG-QiMen/internal/types/logger.go:80.45,80.46 0 1
github.com/LCUstinian/FG-QiMen/internal/types/logger.go:81.45,81.46 0 1
github.com/LCUstinian/FG-QiMen/internal/types/logger.go:82.47,83.2 0 1
github.com/LCUstinian/FG-QiMen/internal/types/logger.go:84.49,84.50 0 0
github.com/LCUstinian/FG-QiMen/internal/types/network.go:48.62,50.16 2 26
github.com/LCUstinian/FG-QiMen/internal/types/network.go:50.16,52.3 1 10
github.com/LCUstinian/FG-QiMen/internal/types/network.go:53.2,54.48 2 16
github.com/LCUstinian/FG-QiMen/internal/types/network.go:54.48,56.3 1 65838
github.com/LCUstinian/FG-QiMen/internal/types/network.go:57.2,57.33 1 16
github.com/LCUstinian/FG-QiMen/internal/types/network.go:57.33,59.3 1 1
github.com/LCUstinian/FG-QiMen/internal/types/network.go:60.2,60.17 1 15
github.com/LCUstinian/FG-QiMen/internal/types/network.go:98.51,100.14 2 11
github.com/LCUstinian/FG-QiMen/internal/types/network.go:100.14,102.3 1 0
github.com/LCUstinian/FG-QiMen/internal/types/network.go:103.2,107.20 4 11
github.com/LCUstinian/FG-QiMen/internal/types/network.go:107.20,109.3 1 2
github.com/LCUstinian/FG-QiMen/internal/types/network.go:112.2,113.18 2 9
github.com/LCUstinian/FG-QiMen/internal/types/network.go:113.18,116.60 1 3
github.com/LCUstinian/FG-QiMen/internal/types/network.go:116.60,118.4 1 3
github.com/LCUstinian/FG-QiMen/internal/types/network.go:120.2,120.18 1 9
github.com/LCUstinian/FG-QiMen/internal/types/network.go:120.18,122.3 1 0
github.com/LCUstinian/FG-QiMen/internal/types/network.go:123.2,123.28 1 9
github.com/LCUstinian/FG-QiMen/internal/types/network.go:123.28,125.3 1 4
github.com/LCUstinian/FG-QiMen/internal/types/network.go:132.2,132.68 1 5
github.com/LCUstinian/FG-QiMen/internal/types/network.go:132.68,134.3 1 3
github.com/LCUstinian/FG-QiMen/internal/types/network.go:135.2,135.28 1 2
github.com/LCUstinian/FG-QiMen/internal/types/network.go:144.47,146.54 2 5
github.com/LCUstinian/FG-QiMen/internal/types/network.go:146.54,148.3 1 0
github.com/LCUstinian/FG-QiMen/internal/types/network.go:149.2,152.21 4 5
github.com/LCUstinian/FG-QiMen/internal/types/network.go:152.21,158.3 1 2
github.com/LCUstinian/FG-QiMen/internal/types/network.go:159.2,159.36 1 3
github.com/LCUstinian/FG-QiMen/internal/types/network.go:166.31,168.30 2 9
github.com/LCUstinian/FG-QiMen/internal/types/network.go:168.30,172.3 1 0
github.com/LCUstinian/FG-QiMen/internal/types/network.go:173.2,173.36 1 9
github.com/LCUstinian/FG-QiMen/internal/types/network.go:178.23,179.36 1 65832
github.com/LCUstinian/FG-QiMen/internal/types/network.go:179.36,181.16 2 66090
github.com/LCUstinian/FG-QiMen/internal/types/network.go:181.16,182.9 1 65832
github.com/LCUstinian/FG-QiMen/internal/types/redact.go:37.34,38.13 1 8
github.com/LCUstinian/FG-QiMen/internal/types/redact.go:38.13,40.3 1 1
github.com/LCUstinian/FG-QiMen/internal/types/redact.go:41.2,41.17 1 7
github.com/LCUstinian/FG-QiMen/internal/types/redact.go:41.17,43.3 1 2
github.com/LCUstinian/FG-QiMen/internal/types/redact.go:46.2,46.67 1 5
github.com/LCUstinian/FG-QiMen/internal/types/redact.go:56.38,57.13 1 7
github.com/LCUstinian/FG-QiMen/internal/types/redact.go:57.13,59.3 1 1
github.com/LCUstinian/FG-QiMen/internal/types/redact.go:60.2,60.38 1 6
github.com/LCUstinian/FG-QiMen/internal/types/redact.go:72.62,73.37 1 3
github.com/LCUstinian/FG-QiMen/internal/types/redact.go:73.37,75.3 1 1
github.com/LCUstinian/FG-QiMen/internal/types/redact.go:76.2,76.56 1 2
github.com/LCUstinian/FG-QiMen/internal/types/redact.go:83.35,84.12 1 11
github.com/LCUstinian/FG-QiMen/internal/types/redact.go:84.12,86.3 1 0
github.com/LCUstinian/FG-QiMen/internal/types/redact.go:87.2,88.19 2 11
github.com/LCUstinian/FG-QiMen/internal/types/redact.go:88.19,90.3 1 1125
github.com/LCUstinian/FG-QiMen/internal/types/redact.go:91.2,91.18 1 11
github.com/LCUstinian/FG-QiMen/internal/types/redact.go:100.28,101.13 1 6
github.com/LCUstinian/FG-QiMen/internal/types/redact.go:101.13,103.3 1 1
github.com/LCUstinian/FG-QiMen/internal/types/redact.go:104.2,104.12 1 5
github.com/LCUstinian/FG-QiMen/internal/types/redact.go:104.12,106.3 1 0
github.com/LCUstinian/FG-QiMen/internal/types/redact.go:107.2,108.12 2 5
github.com/LCUstinian/FG-QiMen/internal/types/redact.go:108.12,111.3 2 6
github.com/LCUstinian/FG-QiMen/internal/types/redact.go:112.2,112.23 1 5
github.com/LCUstinian/FG-QiMen/internal/types/result.go:64.18,66.3 1 0
github.com/LCUstinian/FG-QiMen/internal/types/result.go:71.26,73.2 1 0
github.com/LCUstinian/FG-QiMen/internal/types/result.go:77.27,78.14 1 0
github.com/LCUstinian/FG-QiMen/internal/types/result.go:78.14,80.3 1 0
github.com/LCUstinian/FG-QiMen/internal/types/result.go:81.2,90.19 10 0
github.com/LCUstinian/FG-QiMen/internal/types/state.go:72.24,74.2 1 3
github.com/LCUstinian/FG-QiMen/internal/types/state.go:82.38,84.26 2 16007
github.com/LCUstinian/FG-QiMen/internal/types/state.go:84.26,85.12 1 80028
github.com/LCUstinian/FG-QiMen/internal/types/state.go:85.12,87.4 1 64021
github.com/LCUstinian/FG-QiMen/internal/types/state.go:88.3,88.21 1 80028
github.com/LCUstinian/FG-QiMen/internal/types/state.go:90.2,91.37 2 16007
github.com/LCUstinian/FG-QiMen/internal/types/state.go:98.44,99.63 1 16003
github.com/LCUstinian/FG-QiMen/internal/types/state.go:99.63,101.3 1 15585
github.com/LCUstinian/FG-QiMen/internal/types/state.go:102.2,102.13 1 418
github.com/LCUstinian/FG-QiMen/internal/types/state.go:107.40,110.2 2 16002
github.com/LCUstinian/FG-QiMen/internal/types/state.go:115.41,123.2 1 2
github.com/LCUstinian/FG-QiMen/internal/types/target.go:21.30,23.2 1 65861
github.com/LCUstinian/FG-QiMen/internal/types/target_iterator.go:39.74,46.34 2 32
github.com/LCUstinian/FG-QiMen/internal/types/target_iterator.go:46.34,48.3 1 10
github.com/LCUstinian/FG-QiMen/internal/types/target_iterator.go:49.2,49.16 1 22
github.com/LCUstinian/FG-QiMen/internal/types/target_iterator.go:100.35,101.39 1 32
github.com/LCUstinian/FG-QiMen/internal/types/target_iterator.go:101.39,103.46 2 1
github.com/LCUstinian/FG-QiMen/internal/types/target_iterator.go:103.46,103.67 1 1
github.com/LCUstinian/FG-QiMen/internal/types/target_iterator.go:104.3,104.13 1 1
github.com/LCUstinian/FG-QiMen/internal/types/target_iterator.go:106.2,106.39 1 31
github.com/LCUstinian/FG-QiMen/internal/types/target_iterator.go:106.39,108.3 1 28
github.com/LCUstinian/FG-QiMen/internal/types/target_iterator.go:111.2,113.23 3 3
github.com/LCUstinian/FG-QiMen/internal/types/target_iterator.go:113.23,115.17 2 3
github.com/LCUstinian/FG-QiMen/internal/types/target_iterator.go:115.17,117.4 1 1
github.com/LCUstinian/FG-QiMen/internal/types/target_iterator.go:118.3,119.38 2 2
github.com/LCUstinian/FG-QiMen/internal/types/target_iterator.go:121.2,121.12 1 2
github.com/LCUstinian/FG-QiMen/internal/types/target_iterator.go:129.50,131.22 2 28
github.com/LCUstinian/FG-QiMen/internal/types/target_iterator.go:131.22,133.3 1 23
github.com/LCUstinian/FG-QiMen/internal/types/target_iterator.go:134.2,141.45 3 5
github.com/LCUstinian/FG-QiMen/internal/types/target_iterator.go:141.45,142.23 1 13
github.com/LCUstinian/FG-QiMen/internal/types/target_iterator.go:142.23,145.19 3 12
github.com/LCUstinian/FG-QiMen/internal/types/target_iterator.go:145.19,146.13 1 0
github.com/LCUstinian/FG-QiMen/internal/types/target_iterator.go:151.4,152.41 2 12
github.com/LCUstinian/FG-QiMen/internal/types/target_iterator.go:152.41,153.23 1 9
github.com/LCUstinian/FG-QiMen/internal/types/target_iterator.go:153.23,155.6 1 0
github.com/LCUstinian/FG-QiMen/internal/types/target_iterator.go:156.5,157.24 2 9
github.com/LCUstinian/FG-QiMen/internal/types/target_iterator.go:159.4,159.52 1 12
github.com/LCUstinian/FG-QiMen/internal/types/target_iterator.go:159.52,161.5 1 0
github.com/LCUstinian/FG-QiMen/internal/types/target_iterator.go:162.4,162.22 1 12
github.com/LCUstinian/FG-QiMen/internal/types/target_iterator.go:162.22,164.5 1 9
github.com/LCUstinian/FG-QiMen/internal/types/target_iterator.go:167.3,167.20 1 4
github.com/LCUstinian/FG-QiMen/internal/types/target_iterator.go:169.2,169.12 1 5
github.com/LCUstinian/FG-QiMen/internal/types/target_iterator.go:176.46,177.37 1 23
github.com/LCUstinian/FG-QiMen/internal/types/target_iterator.go:177.37,179.46 2 5
github.com/LCUstinian/FG-QiMen/internal/types/target_iterator.go:179.46,180.59 1 10
github.com/LCUstinian/FG-QiMen/internal/types/target_iterator.go:180.59,182.5 1 0
github.com/LCUstinian/FG-QiMen/internal/types/target_iterator.go:183.4,183.21 1 10
github.com/LCUstinian/FG-QiMen/internal/types/target_iterator.go:185.3,185.13 1 5
github.com/LCUstinian/FG-QiMen/internal/types/target_iterator.go:187.2,187.30 1 18
github.com/LCUstinian/FG-QiMen/internal/types/target_iterator.go:187.30,189.17 2 7
github.com/LCUstinian/FG-QiMen/internal/types/target_iterator.go:189.17,191.4 1 0
github.com/LCUstinian/FG-QiMen/internal/types/target_iterator.go:192.3,193.17 2 7
github.com/LCUstinian/FG-QiMen/internal/types/target_iterator.go:193.17,195.4 1 0
github.com/LCUstinian/FG-QiMen/internal/types/target_iterator.go:196.3,200.46 3 7
github.com/LCUstinian/FG-QiMen/internal/types/target_iterator.go:200.46,201.18 1 65826
github.com/LCUstinian/FG-QiMen/internal/types/target_iterator.go:201.18,206.34 2 6
github.com/LCUstinian/FG-QiMen/internal/types/target_iterator.go:206.34,208.6 1 5
github.com/LCUstinian/FG-QiMen/internal/types/target_iterator.go:209.5,210.36 2 6
github.com/LCUstinian/FG-QiMen/internal/types/target_iterator.go:212.4,212.28 1 65826
github.com/LCUstinian/FG-QiMen/internal/types/target_iterator.go:212.28,214.5 1 5
github.com/LCUstinian/FG-QiMen/internal/types/target_iterator.go:215.4,215.70 1 65821
github.com/LCUstinian/FG-QiMen/internal/types/target_iterator.go:215.70,217.5 1 1
github.com/LCUstinian/FG-QiMen/internal/types/target_iterator.go:218.4,219.35 2 65820
github.com/LCUstinian/FG-QiMen/internal/types/target_iterator.go:221.3,221.13 1 7
github.com/LCUstinian/FG-QiMen/internal/types/target_iterator.go:223.2,223.30 1 11
github.com/LCUstinian/FG-QiMen/internal/types/target_iterator.go:223.30,225.17 2 11
github.com/LCUstinian/FG-QiMen/internal/types/target_iterator.go:225.17,227.4 1 9
github.com/LCUstinian/FG-QiMen/internal/types/target_iterator.go:228.3,229.73 2 2
github.com/LCUstinian/FG-QiMen/internal/types/target_iterator.go:229.73,231.4 1 6
github.com/LCUstinian/FG-QiMen/internal/types/target_iterator.go:232.3,236.46 3 2
github.com/LCUstinian/FG-QiMen/internal/types/target_iterator.go:236.46,237.18 1 10
github.com/LCUstinian/FG-QiMen/internal/types/target_iterator.go:237.18,240.5 2 2
github.com/LCUstinian/FG-QiMen/internal/types/target_iterator.go:241.4,241.70 1 10
github.com/LCUstinian/FG-QiMen/internal/types/target_iterator.go:241.70,243.5 1 0
github.com/LCUstinian/FG-QiMen/internal/types/target_iterator.go:244.4,244.22 1 10
github.com/LCUstinian/FG-QiMen/internal/types/target_iterator.go:244.22,246.5 1 4
github.com/LCUstinian/FG-QiMen/internal/types/target_iterator.go:247.4,248.20 2 6
github.com/LCUstinian/FG-QiMen/internal/types/target_iterator.go:250.3,250.13 1 2
github.com/LCUstinian/FG-QiMen/internal/types/target_iterator.go:253.2,254.45 2 0
github.com/LCUstinian/FG-QiMen/internal/types/target_iterator.go:254.45,255.58 1 0
github.com/LCUstinian/FG-QiMen/internal/types/target_iterator.go:255.58,257.4 1 0
github.com/LCUstinian/FG-QiMen/internal/types/target_iterator.go:258.3,258.20 1 0
github.com/LCUstinian/FG-QiMen/internal/types/target_iterator.go:260.2,260.12 1 0
github.com/LCUstinian/FG-QiMen/internal/types/target_iterator.go:267.66,270.18 1 8
github.com/LCUstinian/FG-QiMen/internal/types/target_iterator.go:270.18,274.7 4 0
github.com/LCUstinian/FG-QiMen/internal/types/target_iterator.go:274.7,277.24 1 0
github.com/LCUstinian/FG-QiMen/internal/types/target_iterator.go:277.24,280.20 3 0
github.com/LCUstinian/FG-QiMen/internal/types/target_iterator.go:280.20,281.14 1 0
github.com/LCUstinian/FG-QiMen/internal/types/target_iterator.go:283.5,284.42 2 0
github.com/LCUstinian/FG-QiMen/internal/types/target_iterator.go:284.42,285.24 1 0
github.com/LCUstinian/FG-QiMen/internal/types/target_iterator.go:285.24,287.7 1 0
github.com/LCUstinian/FG-QiMen/internal/types/target_iterator.go:288.6,289.25 2 0
github.com/LCUstinian/FG-QiMen/internal/types/target_iterator.go:291.5,291.53 1 0
github.com/LCUstinian/FG-QiMen/internal/types/target_iterator.go:291.53,293.6 1 0
github.com/LCUstinian/FG-QiMen/internal/types/target_iterator.go:294.5,294.23 1 0
github.com/LCUstinian/FG-QiMen/internal/types/target_iterator.go:294.23,296.6 1 0
github.com/LCUstinian/FG-QiMen/internal/types/target_iterator.go:298.4,298.9 1 0
github.com/LCUstinian/FG-QiMen/internal/types/target_iterator.go:301.2,301.26 1 8
github.com/LCUstinian/FG-QiMen/internal/types/target_iterator.go:301.26,303.3 1 0
github.com/LCUstinian/FG-QiMen/internal/types/target_iterator.go:305.2,305.27 1 8
github.com/LCUstinian/FG-QiMen/internal/types/target_iterator.go:305.27,307.49 2 10
github.com/LCUstinian/FG-QiMen/internal/types/target_iterator.go:307.49,308.12 1 4
github.com/LCUstinian/FG-QiMen/internal/types/target_iterator.go:310.3,310.52 1 6
github.com/LCUstinian/FG-QiMen/internal/types/target_iterator.go:310.52,312.4 1 1
github.com/LCUstinian/FG-QiMen/internal/types/target_iterator.go:313.3,313.17 1 6
github.com/LCUstinian/FG-QiMen/internal/types/target_iterator.go:313.17,314.12 1 0
github.com/LCUstinian/FG-QiMen/internal/types/target_iterator.go:316.3,317.40 2 6
github.com/LCUstinian/FG-QiMen/internal/types/target_iterator.go:317.40,318.15 1 6
github.com/LCUstinian/FG-QiMen/internal/types/target_iterator.go:318.15,320.5 1 0
github.com/LCUstinian/FG-QiMen/internal/types/target_iterator.go:321.4,322.23 2 6
github.com/LCUstinian/FG-QiMen/internal/types/target_iterator.go:324.3,324.50 1 6
github.com/LCUstinian/FG-QiMen/internal/types/target_iterator.go:324.50,326.4 1 0
github.com/LCUstinian/FG-QiMen/internal/types/target_iterator.go:327.3,327.15 1 6
github.com/LCUstinian/FG-QiMen/internal/types/target_iterator.go:327.15,328.12 1 0
github.com/LCUstinian/FG-QiMen/internal/types/target_iterator.go:330.3,330.19 1 6
github.com/LCUstinian/FG-QiMen/internal/types/target_iterator.go:332.2,332.44 1 2
github.com/LCUstinian/FG-QiMen/internal/types/target_iterator.go:332.44,334.3 1 0
github.com/LCUstinian/FG-QiMen/internal/types/target_iterator.go:335.2,335.19 1 2
github.com/LCUstinian/FG-QiMen/internal/types/target_iterator.go:341.61,343.13 2 18
github.com/LCUstinian/FG-QiMen/internal/types/target_iterator.go:343.13,345.3 1 0
github.com/LCUstinian/FG-QiMen/internal/types/target_iterator.go:346.2,346.37 1 18
github.com/LCUstinian/FG-QiMen/internal/types/target_iterator.go:346.37,348.3 1 18
github.com/LCUstinian/FG-QiMen/internal/types/target_iterator.go:349.2,349.30 1 0
github.com/LCUstinian/FG-QiMen/internal/types/target_iterator.go:349.30,351.17 2 0
github.com/LCUstinian/FG-QiMen/internal/types/target_iterator.go:351.17,353.4 1 0
github.com/LCUstinian/FG-QiMen/internal/types/target_iterator.go:354.3,354.67 1 0
github.com/LCUstinian/FG-QiMen/internal/types/target_iterator.go:354.67,355.70 1 0
github.com/LCUstinian/FG-QiMen/internal/types/target_iterator.go:355.70,357.5 1 0
github.com/LCUstinian/FG-QiMen/internal/types/target_iterator.go:359.3,359.13 1 0
github.com/LCUstinian/FG-QiMen/internal/types/target_iterator.go:361.2,361.30 1 0
github.com/LCUstinian/FG-QiMen/internal/types/target_iterator.go:361.30,363.17 2 0
github.com/LCUstinian/FG-QiMen/internal/types/target_iterator.go:363.17,365.4 1 0
github.com/LCUstinian/FG-QiMen/internal/types/target_iterator.go:366.3,366.34 1 0
github.com/LCUstinian/FG-QiMen/internal/types/target_iterator.go:366.34,367.70 1 0
github.com/LCUstinian/FG-QiMen/internal/types/target_iterator.go:367.70,369.5 1 0
github.com/LCUstinian/FG-QiMen/internal/types/target_iterator.go:370.4,370.22 1 0
github.com/LCUstinian/FG-QiMen/internal/types/target_iterator.go:370.22,371.10 1 0
github.com/LCUstinian/FG-QiMen/internal/types/target_iterator.go:374.3,374.13 1 0
github.com/LCUstinian/FG-QiMen/internal/types/target_iterator.go:376.2,376.41 1 0
github.com/LCUstinian/FG-QiMen/internal/types/target_iterator.go:381.66,383.13 2 65859
github.com/LCUstinian/FG-QiMen/internal/types/target_iterator.go:383.13,385.3 1 0
github.com/LCUstinian/FG-QiMen/internal/types/target_iterator.go:386.2,386.30 1 65859
github.com/LCUstinian/FG-QiMen/internal/types/target_iterator.go:386.30,388.3 1 10
github.com/LCUstinian/FG-QiMen/internal/types/target_iterator.go:390.2,390.26 1 65849
github.com/LCUstinian/FG-QiMen/internal/types/target_iterator.go:390.26,392.3 1 1
github.com/LCUstinian/FG-QiMen/internal/types/target_iterator.go:393.2,394.21 2 65848
github.com/LCUstinian/FG-QiMen/internal/types/target_iterator.go:398.44,399.12 1 65868
github.com/LCUstinian/FG-QiMen/internal/types/target_iterator.go:399.12,401.3 1 0
github.com/LCUstinian/FG-QiMen/internal/types/target_iterator.go:402.2,406.36 2 65868
github.com/LCUstinian/FG-QiMen/internal/types/target_iterator.go:406.36,410.3 3 65848
github.com/LCUstinian/FG-QiMen/internal/types/target_iterator.go:411.2,411.6 1 65868
github.com/LCUstinian/FG-QiMen/internal/types/target_iterator.go:411.6,413.17 2 65868
github.com/LCUstinian/FG-QiMen/internal/types/target_iterator.go:413.17,417.4 3 1
github.com/LCUstinian/FG-QiMen/internal/types/target_iterator.go:418.3,418.15 1 65867
github.com/LCUstinian/FG-QiMen/internal/types/target_iterator.go:418.15,420.4 1 65848
github.com/LCUstinian/FG-QiMen/internal/types/target_iterator.go:421.3,421.12 1 19
github.com/LCUstinian/FG-QiMen/internal/types/target_iterator.go:421.12,424.4 2 19
github.com/LCUstinian/FG-QiMen/internal/types/target_iterator.go:430.30,432.23 2 20
github.com/LCUstinian/FG-QiMen/internal/types/target_iterator.go:432.23,435.3 2 2
github.com/LCUstinian/FG-QiMen/internal/types/target_iterator.go:439.38,439.59 1 2
github.com/LCUstinian/FG-QiMen/internal/types/target_iterator.go:442.34,442.54 1 16
github.com/LCUstinian/FG-QiMen/internal/types/target_iterator.go:446.47,449.19 3 7
github.com/LCUstinian/FG-QiMen/internal/types/target_iterator.go:449.19,451.3 1 0
github.com/LCUstinian/FG-QiMen/internal/types/target_iterator.go:452.2,452.33 1 7
github.com/LCUstinian/FG-QiMen/internal/types/validation.go:15.38,16.35 1 13
github.com/LCUstinian/FG-QiMen/internal/types/validation.go:16.35,18.3 1 1
github.com/LCUstinian/FG-QiMen/internal/types/validation.go:21.2,21.33 1 12
github.com/LCUstinian/FG-QiMen/internal/types/validation.go:21.33,23.17 2 2
github.com/LCUstinian/FG-QiMen/internal/types/validation.go:23.17,25.4 1 1
github.com/LCUstinian/FG-QiMen/internal/types/validation.go:26.3,26.13 1 1
github.com/LCUstinian/FG-QiMen/internal/types/validation.go:30.2,30.33 1 10
github.com/LCUstinian/FG-QiMen/internal/types/validation.go:30.33,32.22 2 2
github.com/LCUstinian/FG-QiMen/internal/types/validation.go:32.22,34.4 1 0
github.com/LCUstinian/FG-QiMen/internal/types/validation.go:35.3,37.37 3 2
github.com/LCUstinian/FG-QiMen/internal/types/validation.go:37.37,39.4 1 1
github.com/LCUstinian/FG-QiMen/internal/types/validation.go:40.3,40.13 1 1
github.com/LCUstinian/FG-QiMen/internal/types/validation.go:44.2,44.33 1 8
github.com/LCUstinian/FG-QiMen/internal/types/validation.go:44.33,46.27 2 1
github.com/LCUstinian/FG-QiMen/internal/types/validation.go:46.27,47.61 1 2
github.com/LCUstinian/FG-QiMen/internal/types/validation.go:47.61,49.5 1 0
github.com/LCUstinian/FG-QiMen/internal/types/validation.go:51.3,51.13 1 1
github.com/LCUstinian/FG-QiMen/internal/types/validation.go:55.2,56.15 2 7
github.com/LCUstinian/FG-QiMen/internal/types/validation.go:56.15,58.3 1 3
github.com/LCUstinian/FG-QiMen/internal/types/validation.go:62.2,62.20 1 4
github.com/LCUstinian/FG-QiMen/internal/types/validation.go:62.20,64.3 1 1
github.com/LCUstinian/FG-QiMen/internal/types/validation.go:67.2,67.28 1 3
github.com/LCUstinian/FG-QiMen/internal/types/validation.go:67.28,69.3 1 1
github.com/LCUstinian/FG-QiMen/internal/types/validation.go:71.2,71.12 1 2
github.com/LCUstinian/FG-QiMen/internal/types/validation.go:76.30,77.22 1 4
github.com/LCUstinian/FG-QiMen/internal/types/validation.go:77.22,78.42 1 18
github.com/LCUstinian/FG-QiMen/internal/types/validation.go:78.42,80.4 1 3
github.com/LCUstinian/FG-QiMen/internal/types/validation.go:82.2,82.33 1 1
github.com/LCUstinian/FG-QiMen/internal/types/validation.go:87.44,88.47 1 3
github.com/LCUstinian/FG-QiMen/internal/types/validation.go:88.47,90.3 1 0
github.com/LCUstinian/FG-QiMen/internal/types/validation.go:94.2,95.44 2 3
github.com/LCUstinian/FG-QiMen/internal/types/validation.go:100.35,101.30 1 11
github.com/LCUstinian/FG-QiMen/internal/types/validation.go:101.30,103.3 1 6
github.com/LCUstinian/FG-QiMen/internal/types/validation.go:104.2,104.12 1 5
github.com/LCUstinian/FG-QiMen/internal/types/validation.go:109.54,111.19 2 6
github.com/LCUstinian/FG-QiMen/internal/types/validation.go:111.19,113.3 1 1
github.com/LCUstinian/FG-QiMen/internal/types/validation.go:115.2,116.16 2 5
github.com/LCUstinian/FG-QiMen/internal/types/validation.go:116.16,118.3 1 1
github.com/LCUstinian/FG-QiMen/internal/types/validation.go:120.2,120.43 1 4
github.com/LCUstinian/FG-QiMen/internal/types/validation.go:120.43,122.3 1 2
github.com/LCUstinian/FG-QiMen/internal/types/validation.go:124.2,124.18 1 2
github.com/LCUstinian/FG-QiMen/internal/types/validation.go:129.56,130.18 1 7
github.com/LCUstinian/FG-QiMen/internal/types/validation.go:130.18,132.3 1 2
github.com/LCUstinian/FG-QiMen/internal/types/validation.go:133.2,133.20 1 5
github.com/LCUstinian/FG-QiMen/internal/types/validation.go:133.20,135.3 1 2
github.com/LCUstinian/FG-QiMen/internal/types/validation.go:136.2,136.12 1 3
github.com/LCUstinian/FG-QiMen/internal/types/validation.go:141.41,142.18 1 6
github.com/LCUstinian/FG-QiMen/internal/types/validation.go:142.18,144.3 1 2
github.com/LCUstinian/FG-QiMen/internal/types/validation.go:145.2,145.21 1 4
github.com/LCUstinian/FG-QiMen/internal/types/validation.go:145.21,147.3 1 1
github.com/LCUstinian/FG-QiMen/internal/types/validation.go:148.2,148.12 1 3
github.com/LCUstinian/FG-QiMen/internal/store/batch.go:63.78,64.15 1 4
github.com/LCUstinian/FG-QiMen/internal/store/batch.go:64.15,66.3 1 0
github.com/LCUstinian/FG-QiMen/internal/store/batch.go:67.2,67.19 1 4
github.com/LCUstinian/FG-QiMen/internal/store/batch.go:67.19,69.3 1 0
github.com/LCUstinian/FG-QiMen/internal/store/batch.go:70.2,76.3 1 4
github.com/LCUstinian/FG-QiMen/internal/store/batch.go:92.41,93.14 1 13
github.com/LCUstinian/FG-QiMen/internal/store/batch.go:93.14,95.3 1 0
github.com/LCUstinian/FG-QiMen/internal/store/batch.go:96.2,100.10 5 13
github.com/LCUstinian/FG-QiMen/internal/store/batch.go:100.10,102.3 1 2
github.com/LCUstinian/FG-QiMen/internal/store/batch.go:108.31,109.14 1 9
github.com/LCUstinian/FG-QiMen/internal/store/batch.go:109.14,111.3 1 0
github.com/LCUstinian/FG-QiMen/internal/store/batch.go:112.2,113.25 2 9
github.com/LCUstinian/FG-QiMen/internal/store/batch.go:113.25,116.3 2 5
github.com/LCUstinian/FG-QiMen/internal/store/batch.go:117.2,120.16 4 4
github.com/LCUstinian/FG-QiMen/internal/store/batch.go:120.16,122.3 1 0
github.com/LCUstinian/FG-QiMen/internal/store/batch.go:123.2,123.22 1 4
github.com/LCUstinian/FG-QiMen/internal/store/batch.go:133.48,134.14 1 2
github.com/LCUstinian/FG-QiMen/internal/store/batch.go:134.14,136.3 1 0
github.com/LCUstinian/FG-QiMen/internal/store/batch.go:137.2,137.22 1 2
github.com/LCUstinian/FG-QiMen/internal/store/batch.go:137.22,141.7 4 2
github.com/LCUstinian/FG-QiMen/internal/store/batch.go:141.7,142.11 1 4
github.com/LCUstinian/FG-QiMen/internal/store/batch.go:143.22,145.11 2 1
github.com/LCUstinian/FG-QiMen/internal/store/batch.go:146.20,148.11 2 1
github.com/LCUstinian/FG-QiMen/internal/store/batch.go:149.15,150.14 1 2
github.com/LCUstinian/FG-QiMen/internal/store/batch.go:154.2,154.23 1 2
github.com/LCUstinian/FG-QiMen/internal/store/batch.go:154.23,154.42 1 2
github.com/LCUstinian/FG-QiMen/internal/store/batch.go:162.30,163.14 1 3
github.com/LCUstinian/FG-QiMen/internal/store/batch.go:163.14,165.3 1 0
github.com/LCUstinian/FG-QiMen/internal/store/batch.go:166.2,166.16 1 3
github.com/LCUstinian/FG-QiMen/internal/store/batch.go:166.16,172.24 2 2
github.com/LCUstinian/FG-QiMen/internal/store/batch.go:172.24,172.43 1 2
github.com/LCUstinian/FG-QiMen/internal/store/batch.go:173.3,173.9 1 2
github.com/LCUstinian/FG-QiMen/internal/store/batch.go:175.2,175.9 1 1
github.com/LCUstinian/FG-QiMen/internal/store/batch.go:176.18,176.18 0 0
github.com/LCUstinian/FG-QiMen/internal/store/batch.go:178.10,179.18 1 1
github.com/LCUstinian/FG-QiMen/internal/store/batch.go:181.2,181.12 1 1
github.com/LCUstinian/FG-QiMen/internal/store/batch.go:186.37,187.14 1 2
github.com/LCUstinian/FG-QiMen/internal/store/batch.go:187.14,189.3 1 0
github.com/LCUstinian/FG-QiMen/internal/store/batch.go:190.2,192.23 3 2
github.com/LCUstinian/FG-QiMen/internal/store/crypto.go:140.63,142.2 1 19
github.com/LCUstinian/FG-QiMen/internal/store/crypto.go:152.48,155.2 2 18
github.com/LCUstinian/FG-QiMen/internal/store/crypto.go:184.68,185.22 1 15
github.com/LCUstinian/FG-QiMen/internal/store/crypto.go:185.22,187.3 1 1
github.com/LCUstinian/FG-QiMen/internal/store/crypto.go:188.2,189.58 2 14
github.com/LCUstinian/FG-QiMen/internal/store/crypto.go:189.58,191.3 1 0
github.com/LCUstinian/FG-QiMen/internal/store/crypto.go:192.2,196.16 4 14
github.com/LCUstinian/FG-QiMen/internal/store/crypto.go:196.16,198.3 1 0
github.com/LCUstinian/FG-QiMen/internal/store/crypto.go:199.2,200.16 2 14
github.com/LCUstinian/FG-QiMen/internal/store/crypto.go:200.16,202.3 1 0
github.com/LCUstinian/FG-QiMen/internal/store/crypto.go:203.2,203.75 1 14
github.com/LCUstinian/FG-QiMen/internal/store/crypto.go:222.65,223.30 1 12
github.com/LCUstinian/FG-QiMen/internal/store/crypto.go:223.30,225.3 1 0
github.com/LCUstinian/FG-QiMen/internal/store/crypto.go:226.2,227.59 2 12
github.com/LCUstinian/FG-QiMen/internal/store/crypto.go:227.59,229.3 1 0
github.com/LCUstinian/FG-QiMen/internal/store/crypto.go:234.2,239.17 5 12
github.com/LCUstinian/FG-QiMen/internal/store/crypto.go:267.62,268.22 1 12
github.com/LCUstinian/FG-QiMen/internal/store/crypto.go:268.22,270.3 1 2
github.com/LCUstinian/FG-QiMen/internal/store/crypto.go:271.2,272.25 2 10
github.com/LCUstinian/FG-QiMen/internal/store/crypto.go:272.25,276.3 1 2
github.com/LCUstinian/FG-QiMen/internal/store/crypto.go:277.2,277.91 1 8
github.com/LCUstinian/FG-QiMen/internal/store/crypto.go:277.91,282.3 1 0
github.com/LCUstinian/FG-QiMen/internal/store/crypto.go:283.2,283.30 1 8
github.com/LCUstinian/FG-QiMen/internal/store/crypto.go:283.30,285.3 1 1
github.com/LCUstinian/FG-QiMen/internal/store/crypto.go:286.2,286.48 1 7
github.com/LCUstinian/FG-QiMen/internal/store/crypto.go:286.48,288.3 1 0
github.com/LCUstinian/FG-QiMen/internal/store/crypto.go:289.2,298.31 4 7
github.com/LCUstinian/FG-QiMen/internal/store/crypto.go:298.31,300.3 1 4
github.com/LCUstinian/FG-QiMen/internal/store/crypto.go:307.2,308.31 2 7
github.com/LCUstinian/FG-QiMen/internal/store/crypto.go:308.31,310.3 1 4
github.com/LCUstinian/FG-QiMen/internal/store/crypto.go:310.8,312.17 2 3
github.com/LCUstinian/FG-QiMen/internal/store/crypto.go:312.17,314.4 1 0
github.com/LCUstinian/FG-QiMen/internal/store/crypto.go:315.3,316.17 2 3
github.com/LCUstinian/FG-QiMen/internal/store/crypto.go:316.17,318.4 1 0
github.com/LCUstinian/FG-QiMen/internal/store/crypto.go:326.2,327.35 2 7
github.com/LCUstinian/FG-QiMen/internal/store/crypto.go:327.35,329.3 1 5
github.com/LCUstinian/FG-QiMen/internal/store/crypto.go:330.2,331.16 2 7
github.com/LCUstinian/FG-QiMen/internal/store/crypto.go:331.16,333.3 1 3
github.com/LCUstinian/FG-QiMen/internal/store/crypto.go:334.2,334.19 1 4
github.com/LCUstinian/FG-QiMen/internal/store/crypto.go:341.41,346.2 4 9
github.com/LCUstinian/FG-QiMen/internal/store/store.go:57.35,59.2 1 6
github.com/LCUstinian/FG-QiMen/internal/store/store.go:66.63,67.15 1 11
github.com/LCUstinian/FG-QiMen/internal/store/store.go:67.15,69.3 1 0
github.com/LCUstinian/FG-QiMen/internal/store/store.go:70.2,70.33 1 11
github.com/LCUstinian/FG-QiMen/internal/store/store.go:75.34,77.2 1 2
github.com/LCUstinian/FG-QiMen/internal/store/store.go:89.70,90.29 1 1
github.com/LCUstinian/FG-QiMen/internal/store/store.go:90.29,92.3 1 0
github.com/LCUstinian/FG-QiMen/internal/store/store.go:93.2,93.45 1 1
github.com/LCUstinian/FG-QiMen/internal/store/store.go:93.45,95.17 2 1
github.com/LCUstinian/FG-QiMen/internal/store/store.go:95.17,97.4 1 0
github.com/LCUstinian/FG-QiMen/internal/store/store.go:98.3,98.75 1 1
github.com/LCUstinian/FG-QiMen/internal/store/store.go:104.51,105.29 1 1
github.com/LCUstinian/FG-QiMen/internal/store/store.go:105.29,107.3 1 0
github.com/LCUstinian/FG-QiMen/internal/store/store.go:108.2,109.40 2 1
github.com/LCUstinian/FG-QiMen/internal/store/store.go:109.40,111.16 2 1
github.com/LCUstinian/FG-QiMen/internal/store/store.go:111.16,113.4 1 0
github.com/LCUstinian/FG-QiMen/internal/store/store.go:114.3,115.13 2 1
github.com/LCUstinian/FG-QiMen/internal/store/store.go:117.2,117.14 1 1
github.com/LCUstinian/FG-QiMen/internal/store/store.go:122.52,123.29 1 0
github.com/LCUstinian/FG-QiMen/internal/store/store.go:123.29,125.3 1 0
github.com/LCUstinian/FG-QiMen/internal/store/store.go:126.2,127.43 2 0
github.com/LCUstinian/FG-QiMen/internal/store/store.go:127.43,129.16 2 0
github.com/LCUstinian/FG-QiMen/internal/store/store.go:129.16,131.4 1 0
github.com/LCUstinian/FG-QiMen/internal/store/store.go:138.3,139.45 2 0
github.com/LCUstinian/FG-QiMen/internal/store/store.go:139.45,142.4 2 0
github.com/LCUstinian/FG-QiMen/internal/store/store.go:144.2,144.17 1 0
github.com/LCUstinian/FG-QiMen/internal/store/store.go:160.53,161.29 1 1
github.com/LCUstinian/FG-QiMen/internal/store/store.go:161.29,163.3 1 0
github.com/LCUstinian/FG-QiMen/internal/store/store.go:164.2,165.16 2 1
github.com/LCUstinian/FG-QiMen/internal/store/store.go:165.16,167.3 1 0
github.com/LCUstinian/FG-QiMen/internal/store/store.go:168.2,169.16 2 1
github.com/LCUstinian/FG-QiMen/internal/store/store.go:169.16,171.3 1 0
github.com/LCUstinian/FG-QiMen/internal/store/store.go:172.2,172.45 1 1
github.com/LCUstinian/FG-QiMen/internal/store/store.go:172.45,174.17 2 1
github.com/LCUstinian/FG-QiMen/internal/store/store.go:174.17,176.4 1 0
github.com/LCUstinian/FG-QiMen/internal/store/store.go:177.3,177.38 1 1
github.com/LCUstinian/FG-QiMen/internal/store/store.go:219.44,220.46 1 5
github.com/LCUstinian/FG-QiMen/internal/store/store.go:220.46,222.3 1 0
github.com/LCUstinian/FG-QiMen/internal/store/store.go:227.2,228.25 2 5
github.com/LCUstinian/FG-QiMen/internal/store/store.go:228.25,229.27 1 16
github.com/LCUstinian/FG-QiMen/internal/store/store.go:229.27,237.12 2 7
github.com/LCUstinian/FG-QiMen/internal/store/store.go:239.3,240.17 2 9
github.com/LCUstinian/FG-QiMen/internal/store/store.go:240.17,242.4 1 0
github.com/LCUstinian/FG-QiMen/internal/store/store.go:243.3,244.17 2 9
github.com/LCUstinian/FG-QiMen/internal/store/store.go:244.17,246.4 1 0
github.com/LCUstinian/FG-QiMen/internal/store/store.go:247.3,247.67 1 9
github.com/LCUstinian/FG-QiMen/internal/store/store.go:249.2,249.45 1 5
github.com/LCUstinian/FG-QiMen/internal/store/store.go:249.45,253.46 2 5
github.com/LCUstinian/FG-QiMen/internal/store/store.go:253.46,254.24 1 8
github.com/LCUstinian/FG-QiMen/internal/store/store.go:254.24,256.5 1 5
github.com/LCUstinian/FG-QiMen/internal/store/store.go:257.4,258.18 2 3
github.com/LCUstinian/FG-QiMen/internal/store/store.go:258.18,260.5 1 0
github.com/LCUstinian/FG-QiMen/internal/store/store.go:261.4,262.18 2 3
github.com/LCUstinian/FG-QiMen/internal/store/store.go:264.3,264.44 1 5
github.com/LCUstinian/FG-QiMen/internal/store/store.go:264.44,265.22 1 1
github.com/LCUstinian/FG-QiMen/internal/store/store.go:265.22,267.5 1 0
github.com/LCUstinian/FG-QiMen/internal/store/store.go:268.4,269.18 2 1
github.com/LCUstinian/FG-QiMen/internal/store/store.go:269.18,271.5 1 0
github.com/LCUstinian/FG-QiMen/internal/store/store.go:272.4,273.18 2 1
github.com/LCUstinian/FG-QiMen/internal/store/store.go:275.3,275.43 1 5
github.com/LCUstinian/FG-QiMen/internal/store/store.go:275.43,276.21 1 7
github.com/LCUstinian/FG-QiMen/internal/store/store.go:276.21,278.5 1 4
github.com/LCUstinian/FG-QiMen/internal/store/store.go:279.4,280.18 2 3
github.com/LCUstinian/FG-QiMen/internal/store/store.go:280.18,282.5 1 0
github.com/LCUstinian/FG-QiMen/internal/store/store.go:283.4,284.18 2 3
github.com/LCUstinian/FG-QiMen/internal/store/store.go:286.3,286.31 1 5
github.com/LCUstinian/FG-QiMen/internal/store/store.go:286.31,288.19 2 16
github.com/LCUstinian/FG-QiMen/internal/store/store.go:289.21,292.19 3 8
github.com/LCUstinian/FG-QiMen/internal/store/store.go:292.19,294.6 1 0
github.com/LCUstinian/FG-QiMen/internal/store/store.go:295.19,298.19 3 1
github.com/LCUstinian/FG-QiMen/internal/store/store.go:298.19,300.6 1 0
github.com/LCUstinian/FG-QiMen/internal/store/store.go:301.19,304.19 3 7
github.com/LCUstinian/FG-QiMen/internal/store/store.go:304.19,306.6 1 0
github.com/LCUstinian/FG-QiMen/internal/store/store.go:307.12,308.62 1 0
github.com/LCUstinian/FG-QiMen/internal/store/store.go:310.4,311.11 2 16
github.com/LCUstinian/FG-QiMen/internal/store/store.go:311.11,313.5 1 0
github.com/LCUstinian/FG-QiMen/internal/store/store.go:314.4,314.55 1 16
github.com/LCUstinian/FG-QiMen/internal/store/store.go:314.55,316.5 1 0
github.com/LCUstinian/FG-QiMen/internal/store/store.go:318.3,318.13 1 5
github.com/LCUstinian/FG-QiMen/internal/store/store.go:337.51,338.29 1 3
github.com/LCUstinian/FG-QiMen/internal/store/store.go:338.29,340.3 1 0
github.com/LCUstinian/FG-QiMen/internal/store/store.go:341.2,342.16 2 3
github.com/LCUstinian/FG-QiMen/internal/store/store.go:342.16,344.3 1 0
github.com/LCUstinian/FG-QiMen/internal/store/store.go:345.2,346.16 2 3
github.com/LCUstinian/FG-QiMen/internal/store/store.go:346.16,348.3 1 0
github.com/LCUstinian/FG-QiMen/internal/store/store.go:349.2,349.45 1 3
github.com/LCUstinian/FG-QiMen/internal/store/store.go:349.45,351.17 2 3
github.com/LCUstinian/FG-QiMen/internal/store/store.go:351.17,353.4 1 0
github.com/LCUstinian/FG-QiMen/internal/store/store.go:354.3,354.38 1 3
github.com/LCUstinian/FG-QiMen/internal/store/store.go:364.60,365.18 1 13
github.com/LCUstinian/FG-QiMen/internal/store/store.go:365.18,367.3 1 8
github.com/LCUstinian/FG-QiMen/internal/store/store.go:368.2,368.26 1 5
github.com/LCUstinian/FG-QiMen/internal/store/store.go:373.30,374.29 1 1
github.com/LCUstinian/FG-QiMen/internal/store/store.go:374.29,376.3 1 0
github.com/LCUstinian/FG-QiMen/internal/store/store.go:377.2,377.20 1 1
github.com/LCUstinian/FG-QiMen/internal/store/store.go:382.41,383.29 1 0
github.com/LCUstinian/FG-QiMen/internal/store/store.go:383.29,385.3 1 0
github.com/LCUstinian/FG-QiMen/internal/store/store.go:386.2,387.43 2 0
github.com/LCUstinian/FG-QiMen/internal/store/store.go:387.43,388.73 1 0
github.com/LCUstinian/FG-QiMen/internal/store/store.go:388.73,390.17 2 0
github.com/LCUstinian/FG-QiMen/internal/store/store.go:390.17,391.13 1 0
github.com/LCUstinian/FG-QiMen/internal/store/store.go:393.4,394.21 2 0
github.com/LCUstinian/FG-QiMen/internal/store/store.go:395.19,396.10 1 0
github.com/LCUstinian/FG-QiMen/internal/store/store.go:397.19,398.10 1 0
github.com/LCUstinian/FG-QiMen/internal/store/store.go:399.17,400.10 1 0
github.com/LCUstinian/FG-QiMen/internal/store/store.go:403.3,403.13 1 0
github.com/LCUstinian/FG-QiMen/internal/store/store.go:405.2,405.16 1 0
github.com/LCUstinian/FG-QiMen/internal/store/store.go:405.16,407.3 1 0
github.com/LCUstinian/FG-QiMen/internal/store/store.go:408.2,408.96 1 0
github.com/LCUstinian/FG-QiMen/internal/discovery/arp.go:84.30,84.52 1 3
github.com/LCUstinian/FG-QiMen/internal/discovery/arp.go:87.34,87.50 1 2
github.com/LCUstinian/FG-QiMen/internal/discovery/arp.go:90.42,90.68 1 1
github.com/LCUstinian/FG-QiMen/internal/discovery/arp.go:97.38,97.52 1 1
github.com/LCUstinian/FG-QiMen/internal/discovery/arp.go:100.102,104.43 4 1
github.com/LCUstinian/FG-QiMen/internal/discovery/arp.go:104.43,106.3 1 1
github.com/LCUstinian/FG-QiMen/internal/discovery/arp.go:106.8,108.3 1 0
github.com/LCUstinian/FG-QiMen/internal/discovery/arp.go:109.2,109.16 1 1
github.com/LCUstinian/FG-QiMen/internal/discovery/arp.go:109.16,111.3 1 0
github.com/LCUstinian/FG-QiMen/internal/discovery/arp.go:112.2,112.12 1 1
github.com/LCUstinian/FG-QiMen/internal/discovery/arp.go:112.12,114.3 1 1
github.com/LCUstinian/FG-QiMen/internal/discovery/arp.go:115.2,121.8 1 0
github.com/LCUstinian/FG-QiMen/internal/discovery/arp.go:135.67,137.16 2 0
github.com/LCUstinian/FG-QiMen/internal/discovery/arp.go:137.16,139.3 1 0
github.com/LCUstinian/FG-QiMen/internal/discovery/arp.go:140.2,143.21 4 0
github.com/LCUstinian/FG-QiMen/internal/discovery/arp.go:143.21,145.12 2 0
github.com/LCUstinian/FG-QiMen/internal/discovery/arp.go:145.12,148.12 2 0
github.com/LCUstinian/FG-QiMen/internal/discovery/arp.go:150.3,151.22 2 0
github.com/LCUstinian/FG-QiMen/internal/discovery/arp.go:151.22,152.12 1 0
github.com/LCUstinian/FG-QiMen/internal/discovery/arp.go:156.3,156.24 1 0
github.com/LCUstinian/FG-QiMen/internal/discovery/arp.go:156.24,157.12 1 0
github.com/LCUstinian/FG-QiMen/internal/discovery/arp.go:163.3,163.25 1 0
github.com/LCUstinian/FG-QiMen/internal/discovery/arp.go:163.25,164.12 1 0
github.com/LCUstinian/FG-QiMen/internal/discovery/arp.go:166.3,166.19 1 0
github.com/LCUstinian/FG-QiMen/internal/discovery/arp.go:168.2,168.38 1 0
github.com/LCUstinian/FG-QiMen/internal/discovery/arp.go:168.38,170.3 1 0
github.com/LCUstinian/FG-QiMen/internal/discovery/arp.go:171.2,171.19 1 0
github.com/LCUstinian/FG-QiMen/internal/discovery/arp.go:179.81,185.31 2 1
github.com/LCUstinian/FG-QiMen/internal/discovery/arp.go:185.31,187.3 1 1
github.com/LCUstinian/FG-QiMen/internal/discovery/arp.go:188.2,190.16 3 1
github.com/LCUstinian/FG-QiMen/internal/discovery/arp.go:190.16,192.3 1 0
github.com/LCUstinian/FG-QiMen/internal/discovery/arp.go:197.2,199.21 3 1
github.com/LCUstinian/FG-QiMen/internal/discovery/arp.go:199.21,201.38 2 19
github.com/LCUstinian/FG-QiMen/internal/discovery/arp.go:201.38,202.12 1 19
github.com/LCUstinian/FG-QiMen/internal/discovery/arp.go:206.3,206.43 1 0
github.com/LCUstinian/FG-QiMen/internal/discovery/arp.go:206.43,207.12 1 0
github.com/LCUstinian/FG-QiMen/internal/discovery/arp.go:209.3,209.19 1 0
github.com/LCUstinian/FG-QiMen/internal/discovery/arp.go:211.2,211.19 1 1
github.com/LCUstinian/FG-QiMen/internal/discovery/arp.go:218.13,220.2 1 1
github.com/LCUstinian/FG-QiMen/internal/discovery/netbios.go:51.32,51.100 1 3
github.com/LCUstinian/FG-QiMen/internal/discovery/netbios.go:54.35,54.55 1 2
github.com/LCUstinian/FG-QiMen/internal/discovery/netbios.go:57.43,57.73 1 1
github.com/LCUstinian/FG-QiMen/internal/discovery/netbios.go:61.39,61.53 1 1
github.com/LCUstinian/FG-QiMen/internal/discovery/netbios.go:66.103,71.16 5 1
github.com/LCUstinian/FG-QiMen/internal/discovery/netbios.go:71.16,73.3 1 0
github.com/LCUstinian/FG-QiMen/internal/discovery/netbios.go:74.2,77.43 4 1
github.com/LCUstinian/FG-QiMen/internal/discovery/netbios.go:77.43,79.3 1 0
github.com/LCUstinian/FG-QiMen/internal/discovery/netbios.go:85.2,86.42 2 1
github.com/LCUstinian/FG-QiMen/internal/discovery/netbios.go:86.42,88.3 1 1
github.com/LCUstinian/FG-QiMen/internal/discovery/netbios.go:89.2,89.19 1 0
github.com/LCUstinian/FG-QiMen/internal/discovery/netbios.go:89.19,91.3 1 0
github.com/LCUstinian/FG-QiMen/internal/discovery/netbios.go:96.2,102.8 1 0
github.com/LCUstinian/FG-QiMen/internal/discovery/netbios.go:126.52,127.26 1 1
github.com/LCUstinian/FG-QiMen/internal/discovery/netbios.go:127.26,130.3 1 0
github.com/LCUstinian/FG-QiMen/internal/discovery/netbios.go:131.2,152.12 17 1
github.com/LCUstinian/FG-QiMen/internal/discovery/netbios.go:164.44,173.26 5 4
github.com/LCUstinian/FG-QiMen/internal/discovery/netbios.go:173.26,176.3 2 64
github.com/LCUstinian/FG-QiMen/internal/discovery/netbios.go:177.2,178.12 2 4
github.com/LCUstinian/FG-QiMen/internal/discovery/netbios.go:185.13,187.2 1 1
github.com/LCUstinian/FG-QiMen/internal/core/pipeline.go:63.61,65.16 2 9
github.com/LCUstinian/FG-QiMen/internal/core/pipeline.go:65.16,67.3 1 0
github.com/LCUstinian/FG-QiMen/internal/core/pipeline.go:68.2,75.16 3 9
github.com/LCUstinian/FG-QiMen/internal/core/pipeline.go:75.16,77.3 1 1
github.com/LCUstinian/FG-QiMen/internal/core/pipeline.go:78.2,78.16 1 8
github.com/LCUstinian/FG-QiMen/internal/core/pipeline.go:78.16,80.3 1 2
github.com/LCUstinian/FG-QiMen/internal/core/pipeline.go:81.2,83.24 3 6
github.com/LCUstinian/FG-QiMen/internal/core/pipeline.go:83.24,85.3 1 22
github.com/LCUstinian/FG-QiMen/internal/core/pipeline.go:86.2,86.17 1 6
github.com/LCUstinian/FG-QiMen/internal/core/pipeline.go:98.77,99.21 1 20
github.com/LCUstinian/FG-QiMen/internal/core/pipeline.go:99.21,101.3 1 14
github.com/LCUstinian/FG-QiMen/internal/core/pipeline.go:102.2,103.53 2 6
github.com/LCUstinian/FG-QiMen/internal/core/pipeline.go:103.53,105.17 2 14
github.com/LCUstinian/FG-QiMen/internal/core/pipeline.go:105.17,107.4 1 12
github.com/LCUstinian/FG-QiMen/internal/core/pipeline.go:109.2,110.24 2 6
github.com/LCUstinian/FG-QiMen/internal/core/pipeline.go:110.24,111.37 1 24
github.com/LCUstinian/FG-QiMen/internal/core/pipeline.go:111.37,113.4 1 9
github.com/LCUstinian/FG-QiMen/internal/core/pipeline.go:115.2,115.12 1 6
github.com/LCUstinian/FG-QiMen/internal/core/pipeline.go:120.43,121.26 1 7
github.com/LCUstinian/FG-QiMen/internal/core/pipeline.go:121.26,122.13 1 8
github.com/LCUstinian/FG-QiMen/internal/core/pipeline.go:122.13,124.4 1 3
github.com/LCUstinian/FG-QiMen/internal/core/pipeline.go:126.2,126.14 1 4
github.com/LCUstinian/FG-QiMen/internal/core/pipeline.go:134.75,136.31 2 14
github.com/LCUstinian/FG-QiMen/internal/core/pipeline.go:136.31,137.34 1 3
github.com/LCUstinian/FG-QiMen/internal/core/pipeline.go:137.34,139.4 1 4
github.com/LCUstinian/FG-QiMen/internal/core/pipeline.go:141.2,141.14 1 14
github.com/LCUstinian/FG-QiMen/internal/core/pipeline.go:144.39,145.16 1 2
github.com/LCUstinian/FG-QiMen/internal/core/pipeline.go:145.16,147.3 1 1
github.com/LCUstinian/FG-QiMen/internal/core/pipeline.go:148.2,148.10 1 1
github.com/LCUstinian/FG-QiMen/internal/core/pipeline.go:161.44,163.2 1 3
github.com/LCUstinian/FG-QiMen/internal/core/pipeline.go:169.46,171.2 1 4
github.com/LCUstinian/FG-QiMen/internal/core/pipeline.go:178.55,180.15 2 7
github.com/LCUstinian/FG-QiMen/internal/core/pipeline.go:180.15,185.3 1 2
github.com/LCUstinian/FG-QiMen/internal/core/pipeline.go:186.2,186.22 1 7
github.com/LCUstinian/FG-QiMen/internal/core/pipeline.go:186.22,188.3 1 2
github.com/LCUstinian/FG-QiMen/internal/core/pipeline.go:189.2,189.55 1 7
github.com/LCUstinian/FG-QiMen/internal/core/pipeline_sink.go:57.89,58.6 1 1
github.com/LCUstinian/FG-QiMen/internal/core/pipeline_sink.go:58.6,59.10 1 1
github.com/LCUstinian/FG-QiMen/internal/core/pipeline_sink.go:60.21,64.10 2 0
github.com/LCUstinian/FG-QiMen/internal/core/pipeline_sink.go:65.22,66.11 1 1
github.com/LCUstinian/FG-QiMen/internal/core/pipeline_sink.go:66.11,68.5 1 1
github.com/LCUstinian/FG-QiMen/internal/core/pipeline_sink.go:69.4,69.26 1 0
github.com/LCUstinian/FG-QiMen/internal/core/pipeline_sink.go:76.67,77.6 1 0
github.com/LCUstinian/FG-QiMen/internal/core/pipeline_sink.go:77.6,78.10 1 0
github.com/LCUstinian/FG-QiMen/internal/core/pipeline_sink.go:79.22,80.11 1 0
github.com/LCUstinian/FG-QiMen/internal/core/pipeline_sink.go:80.11,82.5 1 0
github.com/LCUstinian/FG-QiMen/internal/core/pipeline_sink.go:83.4,83.26 1 0
github.com/LCUstinian/FG-QiMen/internal/core/pipeline_sink.go:84.11,85.10 1 0
github.com/LCUstinian/FG-QiMen/internal/core/pipeline_sink.go:106.60,107.14 1 0
github.com/LCUstinian/FG-QiMen/internal/core/pipeline_sink.go:107.14,109.3 1 0
github.com/LCUstinian/FG-QiMen/internal/core/pipeline_sink.go:110.2,110.21 1 0
github.com/LCUstinian/FG-QiMen/internal/core/pipeline_sink.go:110.21,111.49 1 0
github.com/LCUstinian/FG-QiMen/internal/core/pipeline_sink.go:111.49,113.4 1 0
github.com/LCUstinian/FG-QiMen/internal/core/pipeline_sink.go:124.3,124.20 1 0
github.com/LCUstinian/FG-QiMen/internal/core/pipeline_sink.go:124.20,126.34 2 0
github.com/LCUstinian/FG-QiMen/internal/core/pipeline_sink.go:126.34,127.49 1 0
github.com/LCUstinian/FG-QiMen/internal/core/pipeline_sink.go:127.49,129.6 1 0
github.com/LCUstinian/FG-QiMen/internal/core/pipeline_sink.go:137.3,137.56 1 0
github.com/LCUstinian/FG-QiMen/internal/core/pipeline_sink.go:137.56,138.52 1 0
github.com/LCUstinian/FG-QiMen/internal/core/pipeline_sink.go:138.52,140.5 1 0
github.com/LCUstinian/FG-QiMen/internal/core/pipeline_sink.go:143.2,143.23 1 0
github.com/LCUstinian/FG-QiMen/internal/core/pipeline_sink.go:143.23,145.3 1 0
github.com/LCUstinian/FG-QiMen/internal/core/pipeline_sink.go:146.2,149.29 2 0
github.com/LCUstinian/FG-QiMen/internal/core/pipeline_sink.go:149.29,151.20 2 0
github.com/LCUstinian/FG-QiMen/internal/core/pipeline_sink.go:151.20,154.4 2 0
github.com/LCUstinian/FG-QiMen/internal/core/pipeline_sink.go:155.3,155.9 1 0
github.com/LCUstinian/FG-QiMen/internal/core/pipeline_sink.go:159.2,159.54 1 0
github.com/LCUstinian/FG-QiMen/internal/core/pipeline_sink.go:159.54,161.3 1 0
github.com/LCUstinian/FG-QiMen/internal/core/pipeline_sink.go:162.2,162.19 1 0
github.com/LCUstinian/FG-QiMen/internal/core/pipeline_sink.go:162.19,164.54 2 0
github.com/LCUstinian/FG-QiMen/internal/core/pipeline_sink.go:164.54,166.4 1 0
github.com/LCUstinian/FG-QiMen/internal/core/pipeline_sink.go:174.84,177.6 3 1
github.com/LCUstinian/FG-QiMen/internal/core/pipeline_sink.go:177.6,178.10 1 1
github.com/LCUstinian/FG-QiMen/internal/core/pipeline_sink.go:179.21,180.10 1 1
github.com/LCUstinian/FG-QiMen/internal/core/pipeline_sink.go:181.14,182.29 1 0
github.com/LCUstinian/FG-QiMen/internal/core/pipeline_workers.go:58.3,63.15 1 13
github.com/LCUstinian/FG-QiMen/internal/core/pipeline_workers.go:63.15,64.31 1 13
github.com/LCUstinian/FG-QiMen/internal/core/pipeline_workers.go:64.31,66.4 1 0
github.com/LCUstinian/FG-QiMen/internal/core/pipeline_workers.go:69.2,79.6 5 13
github.com/LCUstinian/FG-QiMen/internal/core/pipeline_workers.go:79.6,80.10 1 23
github.com/LCUstinian/FG-QiMen/internal/core/pipeline_workers.go:81.21,87.10 1 5
github.com/LCUstinian/FG-QiMen/internal/core/pipeline_workers.go:88.25,89.11 1 18
github.com/LCUstinian/FG-QiMen/internal/core/pipeline_workers.go:89.11,91.5 1 8
github.com/LCUstinian/FG-QiMen/internal/core/pipeline_workers.go:94.4,94.25 1 10
github.com/LCUstinian/FG-QiMen/internal/core/pipeline_workers.go:94.25,95.25 1 0
github.com/LCUstinian/FG-QiMen/internal/core/pipeline_workers.go:95.25,95.59 1 0
github.com/LCUstinian/FG-QiMen/internal/core/pipeline_workers.go:96.5,96.21 1 0
github.com/LCUstinian/FG-QiMen/internal/core/pipeline_workers.go:96.21,97.68 1 0
github.com/LCUstinian/FG-QiMen/internal/core/pipeline_workers.go:97.68,111.14 4 0
github.com/LCUstinian/FG-QiMen/internal/core/pipeline_workers.go:112.21,112.21 0 0
github.com/LCUstinian/FG-QiMen/internal/core/pipeline_workers.go:113.25,115.14 2 0
github.com/LCUstinian/FG-QiMen/internal/core/pipeline_workers.go:122.4,122.43 1 10
github.com/LCUstinian/FG-QiMen/internal/core/pipeline_workers.go:122.43,124.39 1 0
github.com/LCUstinian/FG-QiMen/internal/core/pipeline_workers.go:124.39,126.31 2 0
github.com/LCUstinian/FG-QiMen/internal/core/pipeline_workers.go:126.31,127.15 1 0
github.com/LCUstinian/FG-QiMen/internal/core/pipeline_workers.go:129.6,129.62 1 0
github.com/LCUstinian/FG-QiMen/internal/core/pipeline_workers.go:129.62,134.28 5 0
github.com/LCUstinian/FG-QiMen/internal/core/pipeline_workers.go:134.28,135.35 1 0
github.com/LCUstinian/FG-QiMen/internal/core/pipeline_workers.go:135.35,137.9 1 0
github.com/LCUstinian/FG-QiMen/internal/core/pipeline_workers.go:137.14,139.9 1 0
github.com/LCUstinian/FG-QiMen/internal/core/pipeline_workers.go:141.7,146.14 3 0
github.com/LCUstinian/FG-QiMen/internal/core/pipeline_workers.go:147.21,147.21 0 0
github.com/LCUstinian/FG-QiMen/internal/core/pipeline_workers.go:148.25,150.14 2 0
github.com/LCUstinian/FG-QiMen/internal/core/pipeline_workers.go:155.5,156.62 1 0
github.com/LCUstinian/FG-QiMen/internal/core/pipeline_workers.go:156.62,164.6 1 0
github.com/LCUstinian/FG-QiMen/internal/core/pipeline_workers.go:177.66,178.14 1 0
github.com/LCUstinian/FG-QiMen/internal/core/pipeline_workers.go:178.14,180.3 1 0
github.com/LCUstinian/FG-QiMen/internal/core/pipeline_workers.go:181.2,181.21 1 0
github.com/LCUstinian/FG-QiMen/internal/core/pipeline_workers.go:181.21,183.20 2 0
github.com/LCUstinian/FG-QiMen/internal/core/pipeline_workers.go:183.20,185.4 1 0
github.com/LCUstinian/FG-QiMen/internal/core/pipeline_workers.go:187.2,187.23 1 0
github.com/LCUstinian/FG-QiMen/internal/core/pipeline_workers.go:187.23,189.3 1 0
github.com/LCUstinian/FG-QiMen/internal/core/pipeline_workers.go:190.2,191.29 2 0
github.com/LCUstinian/FG-QiMen/internal/core/pipeline_workers.go:191.29,193.20 2 0
github.com/LCUstinian/FG-QiMen/internal/core/pipeline_workers.go:193.20,196.4 2 0
github.com/LCUstinian/FG-QiMen/internal/core/pipeline_workers.go:197.3,197.9 1 0
github.com/LCUstinian/FG-QiMen/internal/core/pipeline_workers.go:199.2,200.19 2 0
github.com/LCUstinian/FG-QiMen/internal/core/pipeline_workers.go:200.19,203.3 2 0
github.com/LCUstinian/FG-QiMen/internal/core/pipeline_workers.go:215.3,217.24 2 0
github.com/LCUstinian/FG-QiMen/internal/core/pipeline_workers.go:217.24,219.3 1 0
github.com/LCUstinian/FG-QiMen/internal/core/pipeline_workers.go:224.2,225.32 2 0
github.com/LCUstinian/FG-QiMen/internal/core/pipeline_workers.go:225.32,227.3 1 0
github.com/LCUstinian/FG-QiMen/internal/core/pipeline_workers.go:236.2,237.32 2 0
github.com/LCUstinian/FG-QiMen/internal/core/pipeline_workers.go:237.32,239.3 1 0
github.com/LCUstinian/FG-QiMen/internal/core/pipeline_workers.go:240.2,241.16 2 0
github.com/LCUstinian/FG-QiMen/internal/core/pipeline_workers.go:241.16,255.3 2 0
github.com/LCUstinian/FG-QiMen/internal/core/pipeline_workers.go:256.2,256.16 1 0
github.com/LCUstinian/FG-QiMen/internal/core/pipeline_workers.go:256.16,264.3 1 0
github.com/LCUstinian/FG-QiMen/internal/core/pipeline_workers.go:265.2,278.9 4 0
github.com/LCUstinian/FG-QiMen/internal/core/pipeline_workers.go:279.16,279.16 0 0
github.com/LCUstinian/FG-QiMen/internal/core/pipeline_workers.go:280.20,280.20 0 0
github.com/LCUstinian/FG-QiMen/internal/core/scanner.go:39.71,41.16 2 2
github.com/LCUstinian/FG-QiMen/internal/core/scanner.go:41.16,43.3 1 0
github.com/LCUstinian/FG-QiMen/internal/core/scanner.go:45.2,49.16 3 2
github.com/LCUstinian/FG-QiMen/internal/core/scanner.go:49.16,51.3 1 0
github.com/LCUstinian/FG-QiMen/internal/core/scanner.go:52.2,52.23 1 2
github.com/LCUstinian/FG-QiMen/internal/core/scanner.go:52.23,55.3 2 1
github.com/LCUstinian/FG-QiMen/internal/core/scanner.go:58.2,59.21 2 1
github.com/LCUstinian/FG-QiMen/internal/core/scanner.go:59.21,61.3 1 1
github.com/LCUstinian/FG-QiMen/internal/core/scanner.go:62.2,65.65 4 1
github.com/LCUstinian/FG-QiMen/internal/core/scanner.go:65.65,67.3 1 0
github.com/LCUstinian/FG-QiMen/internal/core/scanner.go:76.2,76.39 1 1
github.com/LCUstinian/FG-QiMen/internal/core/scanner.go:76.39,81.3 4 0
github.com/LCUstinian/FG-QiMen/internal/core/scanner.go:83.2,83.19 1 1
github.com/LCUstinian/FG-QiMen/internal/core/scanner.go:83.19,86.3 2 0
github.com/LCUstinian/FG-QiMen/internal/core/scanner.go:89.2,116.16 5 1
github.com/LCUstinian/FG-QiMen/internal/core/scanner.go:116.16,118.3 1 0
github.com/LCUstinian/FG-QiMen/internal/core/scanner.go:120.2,121.12 2 1
github.com/LCUstinian/FG-QiMen/internal/core/scanner.go:121.12,147.47 3 1
github.com/LCUstinian/FG-QiMen/internal/core/scanner.go:147.47,149.5 1 0
github.com/LCUstinian/FG-QiMen/internal/core/scanner.go:172.3,174.13 3 1
github.com/LCUstinian/FG-QiMen/internal/core/scanner.go:174.13,177.4 2 1
github.com/LCUstinian/FG-QiMen/internal/core/scanner.go:178.3,178.7 1 1
github.com/LCUstinian/FG-QiMen/internal/core/scanner.go:178.7,179.11 1 1
github.com/LCUstinian/FG-QiMen/internal/core/scanner.go:180.22,181.11 1 1
github.com/LCUstinian/FG-QiMen/internal/core/scanner.go:182.20,183.11 1 0
github.com/LCUstinian/FG-QiMen/internal/core/scanner.go:184.28,185.12 1 0
github.com/LCUstinian/FG-QiMen/internal/core/scanner.go:185.12,187.6 1 0
github.com/LCUstinian/FG-QiMen/internal/core/scanner.go:188.5,188.34 1 0
github.com/LCUstinian/FG-QiMen/internal/core/scanner.go:188.34,189.14 1 0
github.com/LCUstinian/FG-QiMen/internal/core/scanner.go:191.5,192.12 2 0
github.com/LCUstinian/FG-QiMen/internal/core/scanner.go:197.7,197.7 0 0
github.com/LCUstinian/FG-QiMen/internal/core/scanner.go:198.23,199.12 1 0
github.com/LCUstinian/FG-QiMen/internal/core/scanner.go:206.2,207.22 2 1
github.com/LCUstinian/FG-QiMen/internal/core/scanner.go:207.22,209.3 1 0
github.com/LCUstinian/FG-QiMen/internal/core/scanner.go:210.2,211.21 2 1
github.com/LCUstinian/FG-QiMen/internal/core/scanner.go:211.21,213.3 1 1
github.com/LCUstinian/FG-QiMen/internal/core/scanner.go:214.2,214.30 1 1
github.com/LCUstinian/FG-QiMen/internal/core/scanner.go:214.30,216.3 1 0
github.com/LCUstinian/FG-QiMen/internal/core/scanner.go:243.2,244.30 2 1
github.com/LCUstinian/FG-QiMen/internal/core/scanner.go:244.30,247.17 3 0
github.com/LCUstinian/FG-QiMen/internal/core/scanner.go:247.17,249.4 1 0
github.com/LCUstinian/FG-QiMen/internal/core/scanner.go:251.2,252.35 2 1
github.com/LCUstinian/FG-QiMen/internal/core/scanner.go:252.35,254.13 2 10
github.com/LCUstinian/FG-QiMen/internal/core/scanner.go:254.13,257.4 2 10
github.com/LCUstinian/FG-QiMen/internal/core/scanner.go:268.2,269.12 2 1
github.com/LCUstinian/FG-QiMen/internal/core/scanner.go:269.12,273.3 3 1
github.com/LCUstinian/FG-QiMen/internal/core/scanner.go:276.2,277.12 2 1
github.com/LCUstinian/FG-QiMen/internal/core/scanner.go:277.12,280.3 2 1
github.com/LCUstinian/FG-QiMen/internal/core/scanner.go:283.2,287.15 4 1
github.com/LCUstinian/FG-QiMen/internal/core/scanner.go:292.51,294.28 2 2
github.com/LCUstinian/FG-QiMen/internal/core/scanner.go:294.28,296.3 1 2
github.com/LCUstinian/FG-QiMen/internal/core/scanner.go:297.2,297.12 1 2
github.com/LCUstinian/FG-QiMen/internal/core/scanner.go:302.50,307.2 2 1
github.com/LCUstinian/FG-QiMen/internal/workspace/workspace.go:61.42,63.2 1 9
github.com/LCUstinian/FG-QiMen/internal/workspace/workspace.go:99.71,100.16 1 11
github.com/LCUstinian/FG-QiMen/internal/workspace/workspace.go:100.16,102.3 1 4
github.com/LCUstinian/FG-QiMen/internal/workspace/workspace.go:103.2,103.50 1 7
github.com/LCUstinian/FG-QiMen/internal/workspace/workspace.go:103.50,105.3 1 0
github.com/LCUstinian/FG-QiMen/internal/workspace/workspace.go:106.2,106.43 1 7
github.com/LCUstinian/FG-QiMen/internal/workspace/workspace.go:112.45,113.16 1 10
github.com/LCUstinian/FG-QiMen/internal/workspace/workspace.go:113.16,115.3 1 1
github.com/LCUstinian/FG-QiMen/internal/workspace/workspace.go:116.2,116.41 1 9
github.com/LCUstinian/FG-QiMen/internal/workspace/workspace.go:116.41,121.3 1 0
github.com/LCUstinian/FG-QiMen/internal/workspace/workspace.go:125.2,125.34 1 9
github.com/LCUstinian/FG-QiMen/internal/workspace/workspace.go:125.34,130.3 1 0
github.com/LCUstinian/FG-QiMen/internal/workspace/workspace.go:131.2,131.12 1 9
github.com/LCUstinian/FG-QiMen/internal/workspace/workspace.go:137.40,139.16 2 4
github.com/LCUstinian/FG-QiMen/internal/workspace/workspace.go:139.16,141.3 1 0
github.com/LCUstinian/FG-QiMen/internal/workspace/workspace.go:142.2,145.8 1 4
github.com/LCUstinian/FG-QiMen/internal/workspace/workspace.go:162.66,163.16 1 7
github.com/LCUstinian/FG-QiMen/internal/workspace/workspace.go:163.16,165.3 1 0
github.com/LCUstinian/FG-QiMen/internal/workspace/workspace.go:166.2,167.13 2 7
github.com/LCUstinian/FG-QiMen/internal/workspace/workspace.go:167.13,174.3 1 1
github.com/LCUstinian/FG-QiMen/internal/workspace/workspace.go:175.2,175.48 1 6
github.com/LCUstinian/FG-QiMen/internal/workspace/workspace.go:175.48,177.3 1 0
github.com/LCUstinian/FG-QiMen/internal/workspace/workspace.go:178.2,180.16 3 6
github.com/LCUstinian/FG-QiMen/internal/workspace/workspace.go:180.16,191.3 1 0
github.com/LCUstinian/FG-QiMen/internal/workspace/workspace.go:193.2,193.46 1 6
github.com/LCUstinian/FG-QiMen/internal/workspace/workspace.go:193.46,194.85 1 6
github.com/LCUstinian/FG-QiMen/internal/workspace/workspace.go:194.85,195.59 1 18
github.com/LCUstinian/FG-QiMen/internal/workspace/workspace.go:195.59,197.5 1 0
github.com/LCUstinian/FG-QiMen/internal/workspace/workspace.go:199.3,199.13 1 6
github.com/LCUstinian/FG-QiMen/internal/workspace/workspace.go:200.17,203.3 2 0
github.com/LCUstinian/FG-QiMen/internal/workspace/workspace.go:204.2,209.8 1 6
github.com/LCUstinian/FG-QiMen/internal/workspace/workspace.go:214.33,215.29 1 12
github.com/LCUstinian/FG-QiMen/internal/workspace/workspace.go:215.29,217.3 1 6
github.com/LCUstinian/FG-QiMen/internal/workspace/workspace.go:218.2,218.21 1 6
github.com/LCUstinian/FG-QiMen/internal/workspace/workspace.go:223.43,224.30 1 1
github.com/LCUstinian/FG-QiMen/internal/workspace/workspace.go:224.30,226.3 1 1
github.com/LCUstinian/FG-QiMen/internal/workspace/workspace.go:227.2,227.17 1 0
github.com/LCUstinian/FG-QiMen/internal/workspace/workspace.go:227.17,229.3 1 0
github.com/LCUstinian/FG-QiMen/internal/workspace/workspace.go:230.2,231.43 2 0
github.com/LCUstinian/FG-QiMen/internal/workspace/workspace.go:231.43,232.61 1 0
github.com/LCUstinian/FG-QiMen/internal/workspace/workspace.go:232.61,234.17 2 0
github.com/LCUstinian/FG-QiMen/internal/workspace/workspace.go:234.17,235.13 1 0
github.com/LCUstinian/FG-QiMen/internal/workspace/workspace.go:237.4,238.13 2 0
github.com/LCUstinian/FG-QiMen/internal/workspace/workspace.go:239.19,240.10 1 0
github.com/LCUstinian/FG-QiMen/internal/workspace/workspace.go:241.19,242.10 1 0
github.com/LCUstinian/FG-QiMen/internal/workspace/workspace.go:243.17,244.10 1 0
github.com/LCUstinian/FG-QiMen/internal/workspace/workspace.go:247.3,247.13 1 0
github.com/LCUstinian/FG-QiMen/internal/workspace/workspace.go:249.2,249.16 1 0
github.com/LCUstinian/FG-QiMen/internal/workspace/workspace.go:249.16,251.3 1 0
github.com/LCUstinian/FG-QiMen/internal/workspace/workspace.go:252.2,252.96 1 0
github.com/LCUstinian/FG-QiMen/internal/workspace/workspace.go:257.42,259.2 1 2
github.com/LCUstinian/FG-QiMen/internal/workspace/workspace.go:279.73,280.29 1 5
github.com/LCUstinian/FG-QiMen/internal/workspace/workspace.go:280.29,282.3 1 4
github.com/LCUstinian/FG-QiMen/internal/workspace/workspace.go:283.2,283.22 1 1
github.com/LCUstinian/FG-QiMen/internal/workspace/workspace.go:283.22,285.3 1 1
github.com/LCUstinian/FG-QiMen/internal/workspace/workspace.go:286.2,287.16 2 0
github.com/LCUstinian/FG-QiMen/internal/workspace/workspace.go:287.16,291.3 1 0
github.com/LCUstinian/FG-QiMen/internal/workspace/workspace.go:292.2,292.41 1 0
github.com/LCUstinian/FG-QiMen/internal/workspace/workspace.go:301.28,303.2 1 17
github.com/LCUstinian/FG-QiMen/internal/workspace/workspace.go:311.31,314.16 3 2
github.com/LCUstinian/FG-QiMen/internal/workspace/workspace.go:314.16,315.25 1 1
github.com/LCUstinian/FG-QiMen/internal/workspace/workspace.go:315.25,317.4 1 1
github.com/LCUstinian/FG-QiMen/internal/workspace/workspace.go:318.3,318.51 1 0
github.com/LCUstinian/FG-QiMen/internal/workspace/workspace.go:320.2,321.28 2 1
github.com/LCUstinian/FG-QiMen/internal/workspace/workspace.go:321.28,322.17 1 3
github.com/LCUstinian/FG-QiMen/internal/workspace/workspace.go:322.17,323.12 1 1
github.com/LCUstinian/FG-QiMen/internal/workspace/workspace.go:325.3,325.30 1 2
github.com/LCUstinian/FG-QiMen/internal/workspace/workspace.go:327.2,327.17 1 1
github.com/LCUstinian/FG-QiMen/internal/workspace/workspace.go:343.32,344.50 1 3
github.com/LCUstinian/FG-QiMen/internal/workspace/workspace.go:344.50,346.3 1 1
github.com/LCUstinian/FG-QiMen/internal/workspace/workspace.go:347.2,349.16 3 2
github.com/LCUstinian/FG-QiMen/internal/workspace/workspace.go:349.16,351.3 1 0
github.com/LCUstinian/FG-QiMen/internal/workspace/workspace.go:352.2,354.16 3 2
github.com/LCUstinian/FG-QiMen/internal/workspace/workspace.go:354.16,356.3 1 0
github.com/LCUstinian/FG-QiMen/internal/workspace/workspace.go:359.2,359.89 1 2
github.com/LCUstinian/FG-QiMen/internal/workspace/workspace.go:359.89,361.3 1 0
github.com/LCUstinian/FG-QiMen/internal/workspace/workspace.go:362.2,363.16 2 2
github.com/LCUstinian/FG-QiMen/internal/workspace/workspace.go:363.16,365.3 1 1
github.com/LCUstinian/FG-QiMen/internal/workspace/workspace.go:366.2,366.19 1 1
github.com/LCUstinian/FG-QiMen/internal/workspace/workspace.go:366.19,368.3 1 0
github.com/LCUstinian/FG-QiMen/internal/workspace/workspace.go:369.2,369.26 1 1
github.com/LCUstinian/FG-QiMen/main.go:20.13,21.38 1 0
github.com/LCUstinian/FG-QiMen/main.go:21.38,24.3 2 0
github.com/LCUstinian/FG-QiMen/internal/core/alive/cmd.go:52.33,54.2 1 6
github.com/LCUstinian/FG-QiMen/internal/core/alive/cmd.go:57.34,57.53 1 0
github.com/LCUstinian/FG-QiMen/internal/core/alive/cmd.go:60.36,60.59 1 0
github.com/LCUstinian/FG-QiMen/internal/core/alive/cmd.go:64.38,66.47 2 7
github.com/LCUstinian/FG-QiMen/internal/core/alive/cmd.go:66.47,68.3 1 0
github.com/LCUstinian/FG-QiMen/internal/core/alive/cmd.go:69.2,69.12 1 7
github.com/LCUstinian/FG-QiMen/internal/core/alive/cmd.go:87.96,97.20 2 23
github.com/LCUstinian/FG-QiMen/internal/core/alive/cmd.go:97.20,99.3 1 0
github.com/LCUstinian/FG-QiMen/internal/core/alive/cmd.go:100.2,100.40 1 23
github.com/LCUstinian/FG-QiMen/internal/core/alive/cmd.go:100.40,102.3 1 23
github.com/LCUstinian/FG-QiMen/internal/core/alive/cmd.go:104.2,106.31 3 23
github.com/LCUstinian/FG-QiMen/internal/core/alive/cmd.go:106.31,111.3 2 23
github.com/LCUstinian/FG-QiMen/internal/core/alive/cmd.go:111.8,117.3 3 0
github.com/LCUstinian/FG-QiMen/internal/core/alive/cmd.go:128.2,128.34 1 23
github.com/LCUstinian/FG-QiMen/internal/core/alive/cmd.go:128.34,130.3 1 5
github.com/LCUstinian/FG-QiMen/internal/core/alive/cmd.go:132.2,145.31 7 18
github.com/LCUstinian/FG-QiMen/internal/core/alive/cmd.go:145.31,147.40 2 18
github.com/LCUstinian/FG-QiMen/internal/core/alive/cmd.go:147.40,149.4 1 18
github.com/LCUstinian/FG-QiMen/internal/core/alive/cmd.go:151.2,151.16 1 18
github.com/LCUstinian/FG-QiMen/internal/core/alive/cmd.go:151.16,154.29 1 0
github.com/LCUstinian/FG-QiMen/internal/core/alive/cmd.go:154.29,156.4 1 0
github.com/LCUstinian/FG-QiMen/internal/core/alive/cmd.go:158.2,158.27 1 18
github.com/LCUstinian/FG-QiMen/internal/core/alive/cmd.go:158.27,166.3 1 0
github.com/LCUstinian/FG-QiMen/internal/core/alive/cmd.go:169.2,170.22 2 18
github.com/LCUstinian/FG-QiMen/internal/core/alive/cmd.go:170.22,172.3 1 18
github.com/LCUstinian/FG-QiMen/internal/core/alive/cmd.go:173.2,173.73 1 18
github.com/LCUstinian/FG-QiMen/internal/core/alive/discovery.go:55.31,63.2 2 1
github.com/LCUstinian/FG-QiMen/internal/core/alive/discovery.go:73.35,74.23 1 3
github.com/LCUstinian/FG-QiMen/internal/core/alive/discovery.go:74.23,76.3 1 0
github.com/LCUstinian/FG-QiMen/internal/core/alive/discovery.go:77.2,77.23 1 3
github.com/LCUstinian/FG-QiMen/internal/core/alive/discovery.go:77.23,79.3 1 0
github.com/LCUstinian/FG-QiMen/internal/core/alive/discovery.go:80.2,80.21 1 3
github.com/LCUstinian/FG-QiMen/internal/core/alive/discovery.go:80.21,82.3 1 0
github.com/LCUstinian/FG-QiMen/internal/core/alive/discovery.go:83.2,83.31 1 3
github.com/LCUstinian/FG-QiMen/internal/core/alive/discovery.go:90.47,92.34 2 3
github.com/LCUstinian/FG-QiMen/internal/core/alive/discovery.go:92.34,93.39 1 6
github.com/LCUstinian/FG-QiMen/internal/core/alive/discovery.go:93.39,95.4 1 6
github.com/LCUstinian/FG-QiMen/internal/core/alive/discovery.go:97.2,97.12 1 3
github.com/LCUstinian/FG-QiMen/internal/core/alive/discovery.go:123.50,127.2 3 1
github.com/LCUstinian/FG-QiMen/internal/core/alive/discovery.go:133.82,135.22 2 2
github.com/LCUstinian/FG-QiMen/internal/core/alive/discovery.go:135.22,137.3 1 0
github.com/LCUstinian/FG-QiMen/internal/core/alive/discovery.go:139.2,146.26 4 2
github.com/LCUstinian/FG-QiMen/internal/core/alive/discovery.go:146.26,148.3 1 2
github.com/LCUstinian/FG-QiMen/internal/core/alive/discovery.go:149.2,152.26 3 2
github.com/LCUstinian/FG-QiMen/internal/core/alive/discovery.go:152.26,154.3 1 2
github.com/LCUstinian/FG-QiMen/internal/core/alive/discovery.go:155.2,155.17 1 2
github.com/LCUstinian/FG-QiMen/internal/core/alive/discovery.go:155.17,157.3 1 0
github.com/LCUstinian/FG-QiMen/internal/core/alive/discovery.go:158.2,163.23 5 2
github.com/LCUstinian/FG-QiMen/internal/core/alive/discovery.go:163.23,164.23 1 2
github.com/LCUstinian/FG-QiMen/internal/core/alive/discovery.go:164.23,166.4 1 0
github.com/LCUstinian/FG-QiMen/internal/core/alive/discovery.go:167.3,167.10 1 2
github.com/LCUstinian/FG-QiMen/internal/core/alive/discovery.go:168.26,168.26 0 2
github.com/LCUstinian/FG-QiMen/internal/core/alive/discovery.go:169.21,170.28 1 0
github.com/LCUstinian/FG-QiMen/internal/core/alive/discovery.go:172.3,173.24 2 2
github.com/LCUstinian/FG-QiMen/internal/core/alive/discovery.go:173.24,175.17 2 2
github.com/LCUstinian/FG-QiMen/internal/core/alive/discovery.go:175.17,175.26 1 2
github.com/LCUstinian/FG-QiMen/internal/core/alive/discovery.go:177.4,179.18 3 2
github.com/LCUstinian/FG-QiMen/internal/core/alive/discovery.go:179.18,182.5 2 1
github.com/LCUstinian/FG-QiMen/internal/core/alive/discovery.go:186.4,188.26 3 1
github.com/LCUstinian/FG-QiMen/internal/core/alive/discovery.go:191.2,193.20 3 2
github.com/LCUstinian/FG-QiMen/internal/core/alive/discovery.go:201.93,202.27 1 2
github.com/LCUstinian/FG-QiMen/internal/core/alive/discovery.go:202.27,203.23 1 3
github.com/LCUstinian/FG-QiMen/internal/core/alive/discovery.go:203.23,205.4 1 0
github.com/LCUstinian/FG-QiMen/internal/core/alive/discovery.go:206.3,207.17 2 3
github.com/LCUstinian/FG-QiMen/internal/core/alive/discovery.go:207.17,209.4 1 1
github.com/LCUstinian/FG-QiMen/internal/core/alive/discovery.go:210.3,210.37 1 2
github.com/LCUstinian/FG-QiMen/internal/core/alive/discovery.go:210.37,211.12 1 2
github.com/LCUstinian/FG-QiMen/internal/core/alive/discovery.go:217.3,217.11 1 0
github.com/LCUstinian/FG-QiMen/internal/core/alive/discovery.go:219.2,219.30 1 1
github.com/LCUstinian/FG-QiMen/internal/core/alive/icmp.go:43.27,47.2 3 1
github.com/LCUstinian/FG-QiMen/internal/core/alive/icmp.go:50.35,50.52 1 0
github.com/LCUstinian/FG-QiMen/internal/core/alive/icmp.go:53.37,53.58 1 0
github.com/LCUstinian/FG-QiMen/internal/core/alive/icmp.go:61.39,63.16 2 1
github.com/LCUstinian/FG-QiMen/internal/core/alive/icmp.go:63.16,65.3 1 0
github.com/LCUstinian/FG-QiMen/internal/core/alive/icmp.go:66.2,67.12 2 1
github.com/LCUstinian/FG-QiMen/internal/core/alive/icmp.go:76.97,77.31 1 0
github.com/LCUstinian/FG-QiMen/internal/core/alive/icmp.go:77.32,85.3 0 0
github.com/LCUstinian/FG-QiMen/internal/core/alive/icmp.go:89.2,90.16 2 0
github.com/LCUstinian/FG-QiMen/internal/core/alive/icmp.go:90.16,92.3 1 0
github.com/LCUstinian/FG-QiMen/internal/core/alive/icmp.go:94.2,95.16 2 0
github.com/LCUstinian/FG-QiMen/internal/core/alive/icmp.go:95.16,97.3 1 0
github.com/LCUstinian/FG-QiMen/internal/core/alive/icmp.go:98.2,102.17 3 0
github.com/LCUstinian/FG-QiMen/internal/core/alive/icmp.go:102.17,104.3 1 0
github.com/LCUstinian/FG-QiMen/internal/core/alive/icmp.go:105.2,113.16 3 0
github.com/LCUstinian/FG-QiMen/internal/core/alive/icmp.go:113.16,115.3 1 0
github.com/LCUstinian/FG-QiMen/internal/core/alive/icmp.go:117.2,118.50 2 0
github.com/LCUstinian/FG-QiMen/internal/core/alive/icmp.go:118.50,120.3 1 0
github.com/LCUstinian/FG-QiMen/internal/core/alive/icmp.go:124.2,127.6 4 0
github.com/LCUstinian/FG-QiMen/internal/core/alive/icmp.go:127.6,128.23 1 0
github.com/LCUstinian/FG-QiMen/internal/core/alive/icmp.go:128.23,130.4 1 0
github.com/LCUstinian/FG-QiMen/internal/core/alive/icmp.go:131.3,131.33 1 0
github.com/LCUstinian/FG-QiMen/internal/core/alive/icmp.go:131.33,133.4 1 0
github.com/LCUstinian/FG-QiMen/internal/core/alive/icmp.go:134.3,135.17 2 0
github.com/LCUstinian/FG-QiMen/internal/core/alive/icmp.go:135.17,139.47 2 0
github.com/LCUstinian/FG-QiMen/internal/core/alive/icmp.go:139.47,141.5 1 0
github.com/LCUstinian/FG-QiMen/internal/core/alive/icmp.go:142.4,142.21 1 0
github.com/LCUstinian/FG-QiMen/internal/core/alive/icmp.go:144.3,145.17 2 0
github.com/LCUstinian/FG-QiMen/internal/core/alive/icmp.go:145.17,146.12 1 0
github.com/LCUstinian/FG-QiMen/internal/core/alive/icmp.go:148.3,148.40 1 0
github.com/LCUstinian/FG-QiMen/internal/core/alive/icmp.go:148.40,149.12 1 0
github.com/LCUstinian/FG-QiMen/internal/core/alive/icmp.go:153.3,153.60 1 0
github.com/LCUstinian/FG-QiMen/internal/core/alive/icmp.go:153.60,154.37 1 0
github.com/LCUstinian/FG-QiMen/internal/core/alive/icmp.go:154.37,162.5 1 0
github.com/LCUstinian/FG-QiMen/internal/core/alive/probe.go:121.32,125.2 3 0
github.com/LCUstinian/FG-QiMen/internal/core/alive/probe.go:132.36,138.2 5 1
github.com/LCUstinian/FG-QiMen/internal/core/alive/probe.go:161.37,165.2 3 3
github.com/LCUstinian/FG-QiMen/internal/core/alive/probe.go:172.41,178.2 5 1
github.com/LCUstinian/FG-QiMen/internal/core/alive/probes_init.go:21.13,28.2 3 1
github.com/LCUstinian/FG-QiMen/internal/core/alive/tcp.go:34.30,34.79 1 2
github.com/LCUstinian/FG-QiMen/internal/core/alive/tcp.go:38.50,42.2 3 5
github.com/LCUstinian/FG-QiMen/internal/core/alive/tcp.go:45.34,45.50 1 0
github.com/LCUstinian/FG-QiMen/internal/core/alive/tcp.go:48.36,48.56 1 0
github.com/LCUstinian/FG-QiMen/internal/core/alive/tcp.go:52.38,52.52 1 3
github.com/LCUstinian/FG-QiMen/internal/core/alive/tcp.go:58.96,60.21 2 5
github.com/LCUstinian/FG-QiMen/internal/core/alive/tcp.go:60.21,62.3 1 0
github.com/LCUstinian/FG-QiMen/internal/core/alive/tcp.go:63.2,64.29 2 5
github.com/LCUstinian/FG-QiMen/internal/core/alive/tcp.go:64.29,65.23 1 5
github.com/LCUstinian/FG-QiMen/internal/core/alive/tcp.go:65.23,67.4 1 1
github.com/LCUstinian/FG-QiMen/internal/core/alive/tcp.go:68.3,71.17 4 4
github.com/LCUstinian/FG-QiMen/internal/core/alive/tcp.go:71.17,73.12 1 2
github.com/LCUstinian/FG-QiMen/internal/core/alive/tcp.go:75.3,82.9 2 2
github.com/LCUstinian/FG-QiMen/internal/core/alive/tcp.go:84.2,84.30 1 2
github.com/LCUstinian/FG-QiMen/internal/plugins/adapted/web/http.go:37.34,37.58 1 0
github.com/LCUstinian/FG-QiMen/internal/plugins/adapted/web/http.go:39.13,39.50 1 0
github.com/LCUstinian/FG-QiMen/internal/plugins/adapted/web/http.go:68.68,70.3 1 0
github.com/LCUstinian/FG-QiMen/internal/plugins/adapted/web/http.go:74.36,74.53 1 0
github.com/LCUstinian/FG-QiMen/internal/plugins/adapted/web/http.go:77.36,77.85 1 0
github.com/LCUstinian/FG-QiMen/internal/plugins/adapted/web/http.go:82.43,82.74 1 0
github.com/LCUstinian/FG-QiMen/internal/plugins/adapted/web/http.go:93.89,98.33 2 0
github.com/LCUstinian/FG-QiMen/internal/plugins/adapted/web/http.go:98.33,100.3 1 0
github.com/LCUstinian/FG-QiMen/internal/plugins/adapted/web/http.go:102.2,104.16 3 0
github.com/LCUstinian/FG-QiMen/internal/plugins/adapted/web/http.go:104.16,106.3 1 0
github.com/LCUstinian/FG-QiMen/internal/plugins/adapted/web/http.go:107.2,111.16 4 0
github.com/LCUstinian/FG-QiMen/internal/plugins/adapted/web/http.go:111.16,113.3 1 0
github.com/LCUstinian/FG-QiMen/internal/plugins/adapted/web/http.go:114.2,125.55 5 0
github.com/LCUstinian/FG-QiMen/internal/plugins/adapted/web/http.go:125.55,127.3 1 0
github.com/LCUstinian/FG-QiMen/internal/plugins/adapted/web/http.go:128.2,128.50 1 0
github.com/LCUstinian/FG-QiMen/internal/plugins/adapted/web/http.go:128.50,131.18 3 0
github.com/LCUstinian/FG-QiMen/internal/plugins/adapted/web/http.go:131.18,133.4 1 0
github.com/LCUstinian/FG-QiMen/internal/plugins/adapted/web/http.go:136.2,142.3 1 0
github.com/LCUstinian/FG-QiMen/internal/plugins/adapted/web/http.go:147.34,149.13 2 0
github.com/LCUstinian/FG-QiMen/internal/plugins/adapted/web/http.go:149.13,151.3 1 0
github.com/LCUstinian/FG-QiMen/internal/plugins/adapted/web/http.go:152.2,154.22 3 0
github.com/LCUstinian/FG-QiMen/internal/plugins/adapted/web/http.go:154.22,155.54 1 0
github.com/LCUstinian/FG-QiMen/internal/plugins/adapted/web/http.go:155.54,156.18 1 0
github.com/LCUstinian/FG-QiMen/internal/plugins/adapted/web/http.go:156.18,159.5 2 0
github.com/LCUstinian/FG-QiMen/internal/plugins/adapted/web/http.go:160.4,160.12 1 0
github.com/LCUstinian/FG-QiMen/internal/plugins/adapted/web/http.go:162.3,163.20 2 0
github.com/LCUstinian/FG-QiMen/internal/plugins/adapted/web/http.go:165.2,165.19 1 0
github.com/LCUstinian/FG-QiMen/internal/plugins/adapted/web/http.go:173.111,175.2 1 0
